Copyright 1986-2020 Xilinx, Inc. All Rights Reserved.
--------------------------------------------------------------------------------------------------------------------------------------------------------------------------------------------------------------------------------
| Tool Version : Vivado v.2020.2 (win64) Build 3064766 Wed Nov 18 09:12:45 MST 2020
| Date         : Tue Apr  1 17:09:05 2025
| Host         : DESKTOP-7CFQ9ND running 64-bit major release  (build 9200)
| Command      : report_timing_summary -max_paths 10 -file top_counter_up_down_timing_summary_routed.rpt -pb top_counter_up_down_timing_summary_routed.pb -rpx top_counter_up_down_timing_summary_routed.rpx -warn_on_violation
| Design       : top_counter_up_down
| Device       : 7a35t-cpg236
| Speed File   : -1  PRODUCTION 1.23 2018-06-13
--------------------------------------------------------------------------------------------------------------------------------------------------------------------------------------------------------------------------------

Timing Summary Report

------------------------------------------------------------------------------------------------
| Timer Settings
| --------------
------------------------------------------------------------------------------------------------

  Enable Multi Corner Analysis               :  Yes
  Enable Pessimism Removal                   :  Yes
  Pessimism Removal Resolution               :  Nearest Common Node
  Enable Input Delay Default Clock           :  No
  Enable Preset / Clear Arcs                 :  No
  Disable Flight Delays                      :  No
  Ignore I/O Paths                           :  No
  Timing Early Launch at Borrowing Latches   :  No
  Borrow Time for Max Delay Exceptions       :  Yes
  Merge Timing Exceptions                    :  Yes

  Corner  Analyze    Analyze    
  Name    Max Paths  Min Paths  
  ------  ---------  ---------  
  Slow    Yes        Yes        
  Fast    Yes        Yes        



check_timing report

Table of Contents
-----------------
1. checking no_clock (0)
2. checking constant_clock (0)
3. checking pulse_width_clock (0)
4. checking unconstrained_internal_endpoints (0)
5. checking no_input_delay (2)
6. checking no_output_delay (12)
7. checking multiple_clock (0)
8. checking generated_clocks (0)
9. checking loops (0)
10. checking partial_input_delay (0)
11. checking partial_output_delay (0)
12. checking latch_loops (0)

1. checking no_clock (0)
------------------------
 There are 0 register/latch pins with no clock.


2. checking constant_clock (0)
------------------------------
 There are 0 register/latch pins with constant_clock.


3. checking pulse_width_clock (0)
---------------------------------
 There are 0 register/latch pins which need pulse_width check


4. checking unconstrained_internal_endpoints (0)
------------------------------------------------
 There are 0 pins that are not constrained for maximum delay.

 There are 0 pins that are not constrained for maximum delay due to constant clock.


5. checking no_input_delay (2)
------------------------------
 There are 2 input ports with no input delay specified. (HIGH)

 There are 0 input ports with no input delay but user has a false path constraint.


6. checking no_output_delay (12)
--------------------------------
 There are 12 ports with no output delay specified. (HIGH)

 There are 0 ports with no output delay but user has a false path constraint

 There are 0 ports with no output delay but with a timing clock defined on it or propagating through it


7. checking multiple_clock (0)
------------------------------
 There are 0 register/latch pins with multiple clocks.


8. checking generated_clocks (0)
--------------------------------
 There are 0 generated clocks that are not connected to a clock source.


9. checking loops (0)
---------------------
 There are 0 combinational loops in the design.


10. checking partial_input_delay (0)
------------------------------------
 There are 0 input ports with partial input delay specified.


11. checking partial_output_delay (0)
-------------------------------------
 There are 0 ports with partial output delay specified.


12. checking latch_loops (0)
----------------------------
 There are 0 combinational latch loops in the design through latch input



------------------------------------------------------------------------------------------------
| Design Timing Summary
| ---------------------
------------------------------------------------------------------------------------------------

    WNS(ns)      TNS(ns)  TNS Failing Endpoints  TNS Total Endpoints      WHS(ns)      THS(ns)  THS Failing Endpoints  THS Total Endpoints     WPWS(ns)     TPWS(ns)  TPWS Failing Endpoints  TPWS Total Endpoints  
    -------      -------  ---------------------  -------------------      -------      -------  ---------------------  -------------------     --------     --------  ----------------------  --------------------  
      4.530        0.000                      0                   73        0.285        0.000                      0                   73        4.500        0.000                       0                    60  


All user specified timing constraints are met.


------------------------------------------------------------------------------------------------
| Clock Summary
| -------------
------------------------------------------------------------------------------------------------

Clock        Waveform(ns)       Period(ns)      Frequency(MHz)
-----        ------------       ----------      --------------
sys_clk_pin  {0.000 5.000}      10.000          100.000         


------------------------------------------------------------------------------------------------
| Intra Clock Table
| -----------------
------------------------------------------------------------------------------------------------

Clock             WNS(ns)      TNS(ns)  TNS Failing Endpoints  TNS Total Endpoints      WHS(ns)      THS(ns)  THS Failing Endpoints  THS Total Endpoints     WPWS(ns)     TPWS(ns)  TPWS Failing Endpoints  TPWS Total Endpoints  
-----             -------      -------  ---------------------  -------------------      -------      -------  ---------------------  -------------------     --------     --------  ----------------------  --------------------  
sys_clk_pin         4.530        0.000                      0                   73        0.285        0.000                      0                   73        4.500        0.000                       0                    60  


------------------------------------------------------------------------------------------------
| Inter Clock Table
| -----------------
------------------------------------------------------------------------------------------------

From Clock    To Clock          WNS(ns)      TNS(ns)  TNS Failing Endpoints  TNS Total Endpoints      WHS(ns)      THS(ns)  THS Failing Endpoints  THS Total Endpoints  
----------    --------          -------      -------  ---------------------  -------------------      -------      -------  ---------------------  -------------------  


------------------------------------------------------------------------------------------------
| Other Path Groups Table
| -----------------------
------------------------------------------------------------------------------------------------

Path Group    From Clock    To Clock          WNS(ns)      TNS(ns)  TNS Failing Endpoints  TNS Total Endpoints      WHS(ns)      THS(ns)  THS Failing Endpoints  THS Total Endpoints  
----------    ----------    --------          -------      -------  ---------------------  -------------------      -------      -------  ---------------------  -------------------  


------------------------------------------------------------------------------------------------
| Timing Details
| --------------
------------------------------------------------------------------------------------------------


---------------------------------------------------------------------------------------------------
From Clock:  sys_clk_pin
  To Clock:  sys_clk_pin

Setup :            0  Failing Endpoints,  Worst Slack        4.530ns,  Total Violation        0.000ns
Hold  :            0  Failing Endpoints,  Worst Slack        0.285ns,  Total Violation        0.000ns
PW    :            0  Failing Endpoints,  Worst Slack        4.500ns,  Total Violation        0.000ns
---------------------------------------------------------------------------------------------------


Max Delay Paths
--------------------------------------------------------------------------------------
Slack (MET) :             4.530ns  (required time - arrival time)
  Source:                 U_Counter/U_Couter_Up_Down/counter_reg[4]/C
                            (rising edge-triggered cell FDCE clocked by sys_clk_pin  {rise@0.000ns fall@5.000ns period=10.000ns})
  Destination:            U_Counter/U_Couter_Up_Down/counter_reg[6]/D
                            (rising edge-triggered cell FDCE clocked by sys_clk_pin  {rise@0.000ns fall@5.000ns period=10.000ns})
  Path Group:             sys_clk_pin
  Path Type:              Setup (Max at Slow Process Corner)
  Requirement:            10.000ns  (sys_clk_pin rise@10.000ns - sys_clk_pin rise@0.000ns)
  Data Path Delay:        5.440ns  (logic 1.056ns (19.411%)  route 4.384ns (80.589%))
  Logic Levels:           3  (LUT4=2 LUT6=1)
  Clock Path Skew:        -0.026ns (DCD - SCD + CPR)
    Destination Clock Delay (DCD):    4.859ns = ( 14.859 - 10.000 ) 
    Source Clock Delay      (SCD):    5.159ns
    Clock Pessimism Removal (CPR):    0.274ns
  Clock Uncertainty:      0.035ns  ((TSJ^2 + TIJ^2)^1/2 + DJ) / 2 + PE
    Total System Jitter     (TSJ):    0.071ns
    Total Input Jitter      (TIJ):    0.000ns
    Discrete Jitter          (DJ):    0.000ns
    Phase Error              (PE):    0.000ns

    Location             Delay type                Incr(ns)  Path(ns)    Netlist Resource(s)
  -------------------------------------------------------------------    -------------------
                         (clock sys_clk_pin rise edge)
                                                      0.000     0.000 r  
    W5                                                0.000     0.000 r  clk (IN)
                         net (fo=0)                   0.000     0.000    clk
    W5                   IBUF (Prop_ibuf_I_O)         1.458     1.458 r  clk_IBUF_inst/O
                         net (fo=1, routed)           1.967     3.425    clk_IBUF
    BUFGCTRL_X0Y0        BUFG (Prop_bufg_I_O)         0.096     3.521 r  clk_IBUF_BUFG_inst/O
                         net (fo=59, routed)          1.638     5.159    U_Counter/U_Couter_Up_Down/clk_IBUF_BUFG
    SLICE_X62Y6          FDCE                                         r  U_Counter/U_Couter_Up_Down/counter_reg[4]/C
  -------------------------------------------------------------------    -------------------
    SLICE_X62Y6          FDCE (Prop_fdce_C_Q)         0.456     5.615 r  U_Counter/U_Couter_Up_Down/counter_reg[4]/Q
                         net (fo=28, routed)          2.010     7.626    U_Counter/U_Couter_Up_Down/Q[4]
    SLICE_X56Y10         LUT4 (Prop_lut4_I1_O)        0.148     7.774 r  U_Counter/U_Couter_Up_Down/counter[13]_i_5/O
                         net (fo=1, routed)           1.031     8.804    U_Counter/U_Couter_Up_Down/counter[13]_i_5_n_0
    SLICE_X60Y10         LUT6 (Prop_lut6_I0_O)        0.328     9.132 r  U_Counter/U_Couter_Up_Down/counter[13]_i_2/O
                         net (fo=14, routed)          1.343    10.475    U_Counter/U_Couter_Up_Down/counter[13]_i_2_n_0
    SLICE_X62Y7          LUT4 (Prop_lut4_I0_O)        0.124    10.599 r  U_Counter/U_Couter_Up_Down/counter[6]_i_1/O
                         net (fo=1, routed)           0.000    10.599    U_Counter/U_Couter_Up_Down/p_0_in[6]
    SLICE_X62Y7          FDCE                                         r  U_Counter/U_Couter_Up_Down/counter_reg[6]/D
  -------------------------------------------------------------------    -------------------

                         (clock sys_clk_pin rise edge)
                                                     10.000    10.000 r  
    W5                                                0.000    10.000 r  clk (IN)
                         net (fo=0)                   0.000    10.000    clk
    W5                   IBUF (Prop_ibuf_I_O)         1.388    11.388 r  clk_IBUF_inst/O
                         net (fo=1, routed)           1.862    13.250    clk_IBUF
    BUFGCTRL_X0Y0        BUFG (Prop_bufg_I_O)         0.091    13.341 r  clk_IBUF_BUFG_inst/O
                         net (fo=59, routed)          1.518    14.859    U_Counter/U_Couter_Up_Down/clk_IBUF_BUFG
    SLICE_X62Y7          FDCE                                         r  U_Counter/U_Couter_Up_Down/counter_reg[6]/C
                         clock pessimism              0.274    15.133    
                         clock uncertainty           -0.035    15.098    
    SLICE_X62Y7          FDCE (Setup_fdce_C_D)        0.031    15.129    U_Counter/U_Couter_Up_Down/counter_reg[6]
  -------------------------------------------------------------------
                         required time                         15.129    
                         arrival time                         -10.599    
  -------------------------------------------------------------------
                         slack                                  4.530    

Slack (MET) :             4.625ns  (required time - arrival time)
  Source:                 U_Counter/U_Couter_Up_Down/counter_reg[4]/C
                            (rising edge-triggered cell FDCE clocked by sys_clk_pin  {rise@0.000ns fall@5.000ns period=10.000ns})
  Destination:            U_Counter/U_Couter_Up_Down/counter_reg[2]/D
                            (rising edge-triggered cell FDCE clocked by sys_clk_pin  {rise@0.000ns fall@5.000ns period=10.000ns})
  Path Group:             sys_clk_pin
  Path Type:              Setup (Max at Slow Process Corner)
  Requirement:            10.000ns  (sys_clk_pin rise@10.000ns - sys_clk_pin rise@0.000ns)
  Data Path Delay:        5.330ns  (logic 1.056ns (19.811%)  route 4.274ns (80.189%))
  Logic Levels:           3  (LUT4=2 LUT6=1)
  Clock Path Skew:        -0.040ns (DCD - SCD + CPR)
    Destination Clock Delay (DCD):    4.859ns = ( 14.859 - 10.000 ) 
    Source Clock Delay      (SCD):    5.159ns
    Clock Pessimism Removal (CPR):    0.260ns
  Clock Uncertainty:      0.035ns  ((TSJ^2 + TIJ^2)^1/2 + DJ) / 2 + PE
    Total System Jitter     (TSJ):    0.071ns
    Total Input Jitter      (TIJ):    0.000ns
    Discrete Jitter          (DJ):    0.000ns
    Phase Error              (PE):    0.000ns

    Location             Delay type                Incr(ns)  Path(ns)    Netlist Resource(s)
  -------------------------------------------------------------------    -------------------
                         (clock sys_clk_pin rise edge)
                                                      0.000     0.000 r  
    W5                                                0.000     0.000 r  clk (IN)
                         net (fo=0)                   0.000     0.000    clk
    W5                   IBUF (Prop_ibuf_I_O)         1.458     1.458 r  clk_IBUF_inst/O
                         net (fo=1, routed)           1.967     3.425    clk_IBUF
    BUFGCTRL_X0Y0        BUFG (Prop_bufg_I_O)         0.096     3.521 r  clk_IBUF_BUFG_inst/O
                         net (fo=59, routed)          1.638     5.159    U_Counter/U_Couter_Up_Down/clk_IBUF_BUFG
    SLICE_X62Y6          FDCE                                         r  U_Counter/U_Couter_Up_Down/counter_reg[4]/C
  -------------------------------------------------------------------    -------------------
    SLICE_X62Y6          FDCE (Prop_fdce_C_Q)         0.456     5.615 r  U_Counter/U_Couter_Up_Down/counter_reg[4]/Q
                         net (fo=28, routed)          2.010     7.626    U_Counter/U_Couter_Up_Down/Q[4]
    SLICE_X56Y10         LUT4 (Prop_lut4_I1_O)        0.148     7.774 r  U_Counter/U_Couter_Up_Down/counter[13]_i_5/O
                         net (fo=1, routed)           1.031     8.804    U_Counter/U_Couter_Up_Down/counter[13]_i_5_n_0
    SLICE_X60Y10         LUT6 (Prop_lut6_I0_O)        0.328     9.132 r  U_Counter/U_Couter_Up_Down/counter[13]_i_2/O
                         net (fo=14, routed)          1.233    10.366    U_Counter/U_Couter_Up_Down/counter[13]_i_2_n_0
    SLICE_X59Y6          LUT4 (Prop_lut4_I0_O)        0.124    10.490 r  U_Counter/U_Couter_Up_Down/counter[2]_i_1/O
                         net (fo=1, routed)           0.000    10.490    U_Counter/U_Couter_Up_Down/p_0_in[2]
    SLICE_X59Y6          FDCE                                         r  U_Counter/U_Couter_Up_Down/counter_reg[2]/D
  -------------------------------------------------------------------    -------------------

                         (clock sys_clk_pin rise edge)
                                                     10.000    10.000 r  
    W5                                                0.000    10.000 r  clk (IN)
                         net (fo=0)                   0.000    10.000    clk
    W5                   IBUF (Prop_ibuf_I_O)         1.388    11.388 r  clk_IBUF_inst/O
                         net (fo=1, routed)           1.862    13.250    clk_IBUF
    BUFGCTRL_X0Y0        BUFG (Prop_bufg_I_O)         0.091    13.341 r  clk_IBUF_BUFG_inst/O
                         net (fo=59, routed)          1.518    14.859    U_Counter/U_Couter_Up_Down/clk_IBUF_BUFG
    SLICE_X59Y6          FDCE                                         r  U_Counter/U_Couter_Up_Down/counter_reg[2]/C
                         clock pessimism              0.260    15.119    
                         clock uncertainty           -0.035    15.084    
    SLICE_X59Y6          FDCE (Setup_fdce_C_D)        0.031    15.115    U_Counter/U_Couter_Up_Down/counter_reg[2]
  -------------------------------------------------------------------
                         required time                         15.115    
                         arrival time                         -10.490    
  -------------------------------------------------------------------
                         slack                                  4.625    

Slack (MET) :             4.742ns  (required time - arrival time)
  Source:                 U_Counter/U_Couter_Up_Down/counter_reg[4]/C
                            (rising edge-triggered cell FDCE clocked by sys_clk_pin  {rise@0.000ns fall@5.000ns period=10.000ns})
  Destination:            U_Counter/U_Couter_Up_Down/counter_reg[5]/D
                            (rising edge-triggered cell FDCE clocked by sys_clk_pin  {rise@0.000ns fall@5.000ns period=10.000ns})
  Path Group:             sys_clk_pin
  Path Type:              Setup (Max at Slow Process Corner)
  Requirement:            10.000ns  (sys_clk_pin rise@10.000ns - sys_clk_pin rise@0.000ns)
  Data Path Delay:        5.226ns  (logic 1.056ns (20.209%)  route 4.170ns (79.791%))
  Logic Levels:           3  (LUT4=2 LUT6=1)
  Clock Path Skew:        -0.026ns (DCD - SCD + CPR)
    Destination Clock Delay (DCD):    4.859ns = ( 14.859 - 10.000 ) 
    Source Clock Delay      (SCD):    5.159ns
    Clock Pessimism Removal (CPR):    0.274ns
  Clock Uncertainty:      0.035ns  ((TSJ^2 + TIJ^2)^1/2 + DJ) / 2 + PE
    Total System Jitter     (TSJ):    0.071ns
    Total Input Jitter      (TIJ):    0.000ns
    Discrete Jitter          (DJ):    0.000ns
    Phase Error              (PE):    0.000ns

    Location             Delay type                Incr(ns)  Path(ns)    Netlist Resource(s)
  -------------------------------------------------------------------    -------------------
                         (clock sys_clk_pin rise edge)
                                                      0.000     0.000 r  
    W5                                                0.000     0.000 r  clk (IN)
                         net (fo=0)                   0.000     0.000    clk
    W5                   IBUF (Prop_ibuf_I_O)         1.458     1.458 r  clk_IBUF_inst/O
                         net (fo=1, routed)           1.967     3.425    clk_IBUF
    BUFGCTRL_X0Y0        BUFG (Prop_bufg_I_O)         0.096     3.521 r  clk_IBUF_BUFG_inst/O
                         net (fo=59, routed)          1.638     5.159    U_Counter/U_Couter_Up_Down/clk_IBUF_BUFG
    SLICE_X62Y6          FDCE                                         r  U_Counter/U_Couter_Up_Down/counter_reg[4]/C
  -------------------------------------------------------------------    -------------------
    SLICE_X62Y6          FDCE (Prop_fdce_C_Q)         0.456     5.615 r  U_Counter/U_Couter_Up_Down/counter_reg[4]/Q
                         net (fo=28, routed)          2.010     7.626    U_Counter/U_Couter_Up_Down/Q[4]
    SLICE_X56Y10         LUT4 (Prop_lut4_I1_O)        0.148     7.774 r  U_Counter/U_Couter_Up_Down/counter[13]_i_5/O
                         net (fo=1, routed)           1.031     8.804    U_Counter/U_Couter_Up_Down/counter[13]_i_5_n_0
    SLICE_X60Y10         LUT6 (Prop_lut6_I0_O)        0.328     9.132 r  U_Counter/U_Couter_Up_Down/counter[13]_i_2/O
                         net (fo=14, routed)          1.129    10.261    U_Counter/U_Couter_Up_Down/counter[13]_i_2_n_0
    SLICE_X62Y7          LUT4 (Prop_lut4_I0_O)        0.124    10.385 r  U_Counter/U_Couter_Up_Down/counter[5]_i_1/O
                         net (fo=1, routed)           0.000    10.385    U_Counter/U_Couter_Up_Down/p_0_in[5]
    SLICE_X62Y7          FDCE                                         r  U_Counter/U_Couter_Up_Down/counter_reg[5]/D
  -------------------------------------------------------------------    -------------------

                         (clock sys_clk_pin rise edge)
                                                     10.000    10.000 r  
    W5                                                0.000    10.000 r  clk (IN)
                         net (fo=0)                   0.000    10.000    clk
    W5                   IBUF (Prop_ibuf_I_O)         1.388    11.388 r  clk_IBUF_inst/O
                         net (fo=1, routed)           1.862    13.250    clk_IBUF
    BUFGCTRL_X0Y0        BUFG (Prop_bufg_I_O)         0.091    13.341 r  clk_IBUF_BUFG_inst/O
                         net (fo=59, routed)          1.518    14.859    U_Counter/U_Couter_Up_Down/clk_IBUF_BUFG
    SLICE_X62Y7          FDCE                                         r  U_Counter/U_Couter_Up_Down/counter_reg[5]/C
                         clock pessimism              0.274    15.133    
                         clock uncertainty           -0.035    15.098    
    SLICE_X62Y7          FDCE (Setup_fdce_C_D)        0.029    15.127    U_Counter/U_Couter_Up_Down/counter_reg[5]
  -------------------------------------------------------------------
                         required time                         15.127    
                         arrival time                         -10.385    
  -------------------------------------------------------------------
                         slack                                  4.742    

Slack (MET) :             4.793ns  (required time - arrival time)
  Source:                 U_Counter/U_Couter_Up_Down/counter_reg[4]/C
                            (rising edge-triggered cell FDCE clocked by sys_clk_pin  {rise@0.000ns fall@5.000ns period=10.000ns})
  Destination:            U_Counter/U_Couter_Up_Down/counter_reg[1]/D
                            (rising edge-triggered cell FDCE clocked by sys_clk_pin  {rise@0.000ns fall@5.000ns period=10.000ns})
  Path Group:             sys_clk_pin
  Path Type:              Setup (Max at Slow Process Corner)
  Requirement:            10.000ns  (sys_clk_pin rise@10.000ns - sys_clk_pin rise@0.000ns)
  Data Path Delay:        5.160ns  (logic 1.056ns (20.463%)  route 4.104ns (79.537%))
  Logic Levels:           3  (LUT4=2 LUT6=1)
  Clock Path Skew:        -0.040ns (DCD - SCD + CPR)
    Destination Clock Delay (DCD):    4.859ns = ( 14.859 - 10.000 ) 
    Source Clock Delay      (SCD):    5.159ns
    Clock Pessimism Removal (CPR):    0.260ns
  Clock Uncertainty:      0.035ns  ((TSJ^2 + TIJ^2)^1/2 + DJ) / 2 + PE
    Total System Jitter     (TSJ):    0.071ns
    Total Input Jitter      (TIJ):    0.000ns
    Discrete Jitter          (DJ):    0.000ns
    Phase Error              (PE):    0.000ns

    Location             Delay type                Incr(ns)  Path(ns)    Netlist Resource(s)
  -------------------------------------------------------------------    -------------------
                         (clock sys_clk_pin rise edge)
                                                      0.000     0.000 r  
    W5                                                0.000     0.000 r  clk (IN)
                         net (fo=0)                   0.000     0.000    clk
    W5                   IBUF (Prop_ibuf_I_O)         1.458     1.458 r  clk_IBUF_inst/O
                         net (fo=1, routed)           1.967     3.425    clk_IBUF
    BUFGCTRL_X0Y0        BUFG (Prop_bufg_I_O)         0.096     3.521 r  clk_IBUF_BUFG_inst/O
                         net (fo=59, routed)          1.638     5.159    U_Counter/U_Couter_Up_Down/clk_IBUF_BUFG
    SLICE_X62Y6          FDCE                                         r  U_Counter/U_Couter_Up_Down/counter_reg[4]/C
  -------------------------------------------------------------------    -------------------
    SLICE_X62Y6          FDCE (Prop_fdce_C_Q)         0.456     5.615 r  U_Counter/U_Couter_Up_Down/counter_reg[4]/Q
                         net (fo=28, routed)          2.010     7.626    U_Counter/U_Couter_Up_Down/Q[4]
    SLICE_X56Y10         LUT4 (Prop_lut4_I1_O)        0.148     7.774 r  U_Counter/U_Couter_Up_Down/counter[13]_i_5/O
                         net (fo=1, routed)           1.031     8.804    U_Counter/U_Couter_Up_Down/counter[13]_i_5_n_0
    SLICE_X60Y10         LUT6 (Prop_lut6_I0_O)        0.328     9.132 r  U_Counter/U_Couter_Up_Down/counter[13]_i_2/O
                         net (fo=14, routed)          1.063    10.196    U_Counter/U_Couter_Up_Down/counter[13]_i_2_n_0
    SLICE_X59Y6          LUT4 (Prop_lut4_I0_O)        0.124    10.320 r  U_Counter/U_Couter_Up_Down/counter[1]_i_1/O
                         net (fo=1, routed)           0.000    10.320    U_Counter/U_Couter_Up_Down/p_0_in[1]
    SLICE_X59Y6          FDCE                                         r  U_Counter/U_Couter_Up_Down/counter_reg[1]/D
  -------------------------------------------------------------------    -------------------

                         (clock sys_clk_pin rise edge)
                                                     10.000    10.000 r  
    W5                                                0.000    10.000 r  clk (IN)
                         net (fo=0)                   0.000    10.000    clk
    W5                   IBUF (Prop_ibuf_I_O)         1.388    11.388 r  clk_IBUF_inst/O
                         net (fo=1, routed)           1.862    13.250    clk_IBUF
    BUFGCTRL_X0Y0        BUFG (Prop_bufg_I_O)         0.091    13.341 r  clk_IBUF_BUFG_inst/O
                         net (fo=59, routed)          1.518    14.859    U_Counter/U_Couter_Up_Down/clk_IBUF_BUFG
    SLICE_X59Y6          FDCE                                         r  U_Counter/U_Couter_Up_Down/counter_reg[1]/C
                         clock pessimism              0.260    15.119    
                         clock uncertainty           -0.035    15.084    
    SLICE_X59Y6          FDCE (Setup_fdce_C_D)        0.029    15.113    U_Counter/U_Couter_Up_Down/counter_reg[1]
  -------------------------------------------------------------------
                         required time                         15.113    
                         arrival time                         -10.320    
  -------------------------------------------------------------------
                         slack                                  4.793    

Slack (MET) :             4.849ns  (required time - arrival time)
  Source:                 U_Counter/U_Couter_Up_Down/counter_reg[4]/C
                            (rising edge-triggered cell FDCE clocked by sys_clk_pin  {rise@0.000ns fall@5.000ns period=10.000ns})
  Destination:            U_Counter/U_Couter_Up_Down/counter_reg[9]/D
                            (rising edge-triggered cell FDCE clocked by sys_clk_pin  {rise@0.000ns fall@5.000ns period=10.000ns})
  Path Group:             sys_clk_pin
  Path Type:              Setup (Max at Slow Process Corner)
  Requirement:            10.000ns  (sys_clk_pin rise@10.000ns - sys_clk_pin rise@0.000ns)
  Data Path Delay:        5.106ns  (logic 1.056ns (20.683%)  route 4.050ns (79.317%))
  Logic Levels:           3  (LUT4=2 LUT6=1)
  Clock Path Skew:        -0.041ns (DCD - SCD + CPR)
    Destination Clock Delay (DCD):    4.858ns = ( 14.858 - 10.000 ) 
    Source Clock Delay      (SCD):    5.159ns
    Clock Pessimism Removal (CPR):    0.260ns
  Clock Uncertainty:      0.035ns  ((TSJ^2 + TIJ^2)^1/2 + DJ) / 2 + PE
    Total System Jitter     (TSJ):    0.071ns
    Total Input Jitter      (TIJ):    0.000ns
    Discrete Jitter          (DJ):    0.000ns
    Phase Error              (PE):    0.000ns

    Location             Delay type                Incr(ns)  Path(ns)    Netlist Resource(s)
  -------------------------------------------------------------------    -------------------
                         (clock sys_clk_pin rise edge)
                                                      0.000     0.000 r  
    W5                                                0.000     0.000 r  clk (IN)
                         net (fo=0)                   0.000     0.000    clk
    W5                   IBUF (Prop_ibuf_I_O)         1.458     1.458 r  clk_IBUF_inst/O
                         net (fo=1, routed)           1.967     3.425    clk_IBUF
    BUFGCTRL_X0Y0        BUFG (Prop_bufg_I_O)         0.096     3.521 r  clk_IBUF_BUFG_inst/O
                         net (fo=59, routed)          1.638     5.159    U_Counter/U_Couter_Up_Down/clk_IBUF_BUFG
    SLICE_X62Y6          FDCE                                         r  U_Counter/U_Couter_Up_Down/counter_reg[4]/C
  -------------------------------------------------------------------    -------------------
    SLICE_X62Y6          FDCE (Prop_fdce_C_Q)         0.456     5.615 r  U_Counter/U_Couter_Up_Down/counter_reg[4]/Q
                         net (fo=28, routed)          2.010     7.626    U_Counter/U_Couter_Up_Down/Q[4]
    SLICE_X56Y10         LUT4 (Prop_lut4_I1_O)        0.148     7.774 r  U_Counter/U_Couter_Up_Down/counter[13]_i_5/O
                         net (fo=1, routed)           1.031     8.804    U_Counter/U_Couter_Up_Down/counter[13]_i_5_n_0
    SLICE_X60Y10         LUT6 (Prop_lut6_I0_O)        0.328     9.132 r  U_Counter/U_Couter_Up_Down/counter[13]_i_2/O
                         net (fo=14, routed)          1.009    10.141    U_Counter/U_Couter_Up_Down/counter[13]_i_2_n_0
    SLICE_X59Y8          LUT4 (Prop_lut4_I0_O)        0.124    10.265 r  U_Counter/U_Couter_Up_Down/counter[9]_i_1/O
                         net (fo=1, routed)           0.000    10.265    U_Counter/U_Couter_Up_Down/p_0_in[9]
    SLICE_X59Y8          FDCE                                         r  U_Counter/U_Couter_Up_Down/counter_reg[9]/D
  -------------------------------------------------------------------    -------------------

                         (clock sys_clk_pin rise edge)
                                                     10.000    10.000 r  
    W5                                                0.000    10.000 r  clk (IN)
                         net (fo=0)                   0.000    10.000    clk
    W5                   IBUF (Prop_ibuf_I_O)         1.388    11.388 r  clk_IBUF_inst/O
                         net (fo=1, routed)           1.862    13.250    clk_IBUF
    BUFGCTRL_X0Y0        BUFG (Prop_bufg_I_O)         0.091    13.341 r  clk_IBUF_BUFG_inst/O
                         net (fo=59, routed)          1.517    14.858    U_Counter/U_Couter_Up_Down/clk_IBUF_BUFG
    SLICE_X59Y8          FDCE                                         r  U_Counter/U_Couter_Up_Down/counter_reg[9]/C
                         clock pessimism              0.260    15.118    
                         clock uncertainty           -0.035    15.083    
    SLICE_X59Y8          FDCE (Setup_fdce_C_D)        0.031    15.114    U_Counter/U_Couter_Up_Down/counter_reg[9]
  -------------------------------------------------------------------
                         required time                         15.114    
                         arrival time                         -10.265    
  -------------------------------------------------------------------
                         slack                                  4.849    

Slack (MET) :             4.852ns  (required time - arrival time)
  Source:                 U_Counter/U_Couter_Up_Down/counter_reg[4]/C
                            (rising edge-triggered cell FDCE clocked by sys_clk_pin  {rise@0.000ns fall@5.000ns period=10.000ns})
  Destination:            U_Counter/U_Couter_Up_Down/counter_reg[11]/D
                            (rising edge-triggered cell FDCE clocked by sys_clk_pin  {rise@0.000ns fall@5.000ns period=10.000ns})
  Path Group:             sys_clk_pin
  Path Type:              Setup (Max at Slow Process Corner)
  Requirement:            10.000ns  (sys_clk_pin rise@10.000ns - sys_clk_pin rise@0.000ns)
  Data Path Delay:        5.101ns  (logic 1.056ns (20.703%)  route 4.045ns (79.296%))
  Logic Levels:           3  (LUT4=2 LUT6=1)
  Clock Path Skew:        -0.041ns (DCD - SCD + CPR)
    Destination Clock Delay (DCD):    4.858ns = ( 14.858 - 10.000 ) 
    Source Clock Delay      (SCD):    5.159ns
    Clock Pessimism Removal (CPR):    0.260ns
  Clock Uncertainty:      0.035ns  ((TSJ^2 + TIJ^2)^1/2 + DJ) / 2 + PE
    Total System Jitter     (TSJ):    0.071ns
    Total Input Jitter      (TIJ):    0.000ns
    Discrete Jitter          (DJ):    0.000ns
    Phase Error              (PE):    0.000ns

    Location             Delay type                Incr(ns)  Path(ns)    Netlist Resource(s)
  -------------------------------------------------------------------    -------------------
                         (clock sys_clk_pin rise edge)
                                                      0.000     0.000 r  
    W5                                                0.000     0.000 r  clk (IN)
                         net (fo=0)                   0.000     0.000    clk
    W5                   IBUF (Prop_ibuf_I_O)         1.458     1.458 r  clk_IBUF_inst/O
                         net (fo=1, routed)           1.967     3.425    clk_IBUF
    BUFGCTRL_X0Y0        BUFG (Prop_bufg_I_O)         0.096     3.521 r  clk_IBUF_BUFG_inst/O
                         net (fo=59, routed)          1.638     5.159    U_Counter/U_Couter_Up_Down/clk_IBUF_BUFG
    SLICE_X62Y6          FDCE                                         r  U_Counter/U_Couter_Up_Down/counter_reg[4]/C
  -------------------------------------------------------------------    -------------------
    SLICE_X62Y6          FDCE (Prop_fdce_C_Q)         0.456     5.615 r  U_Counter/U_Couter_Up_Down/counter_reg[4]/Q
                         net (fo=28, routed)          2.010     7.626    U_Counter/U_Couter_Up_Down/Q[4]
    SLICE_X56Y10         LUT4 (Prop_lut4_I1_O)        0.148     7.774 r  U_Counter/U_Couter_Up_Down/counter[13]_i_5/O
                         net (fo=1, routed)           1.031     8.804    U_Counter/U_Couter_Up_Down/counter[13]_i_5_n_0
    SLICE_X60Y10         LUT6 (Prop_lut6_I0_O)        0.328     9.132 r  U_Counter/U_Couter_Up_Down/counter[13]_i_2/O
                         net (fo=14, routed)          1.004    10.136    U_Counter/U_Couter_Up_Down/counter[13]_i_2_n_0
    SLICE_X59Y8          LUT4 (Prop_lut4_I0_O)        0.124    10.260 r  U_Counter/U_Couter_Up_Down/counter[11]_i_1/O
                         net (fo=1, routed)           0.000    10.260    U_Counter/U_Couter_Up_Down/p_0_in[11]
    SLICE_X59Y8          FDCE                                         r  U_Counter/U_Couter_Up_Down/counter_reg[11]/D
  -------------------------------------------------------------------    -------------------

                         (clock sys_clk_pin rise edge)
                                                     10.000    10.000 r  
    W5                                                0.000    10.000 r  clk (IN)
                         net (fo=0)                   0.000    10.000    clk
    W5                   IBUF (Prop_ibuf_I_O)         1.388    11.388 r  clk_IBUF_inst/O
                         net (fo=1, routed)           1.862    13.250    clk_IBUF
    BUFGCTRL_X0Y0        BUFG (Prop_bufg_I_O)         0.091    13.341 r  clk_IBUF_BUFG_inst/O
                         net (fo=59, routed)          1.517    14.858    U_Counter/U_Couter_Up_Down/clk_IBUF_BUFG
    SLICE_X59Y8          FDCE                                         r  U_Counter/U_Couter_Up_Down/counter_reg[11]/C
                         clock pessimism              0.260    15.118    
                         clock uncertainty           -0.035    15.083    
    SLICE_X59Y8          FDCE (Setup_fdce_C_D)        0.029    15.112    U_Counter/U_Couter_Up_Down/counter_reg[11]
  -------------------------------------------------------------------
                         required time                         15.112    
                         arrival time                         -10.260    
  -------------------------------------------------------------------
                         slack                                  4.852    

Slack (MET) :             4.909ns  (required time - arrival time)
  Source:                 U_Counter/U_Clk_Div_10Hz/div_counter_reg[20]/C
                            (rising edge-triggered cell FDCE clocked by sys_clk_pin  {rise@0.000ns fall@5.000ns period=10.000ns})
  Destination:            U_Counter/U_Clk_Div_10Hz/div_counter_reg[22]/D
                            (rising edge-triggered cell FDCE clocked by sys_clk_pin  {rise@0.000ns fall@5.000ns period=10.000ns})
  Path Group:             sys_clk_pin
  Path Type:              Setup (Max at Slow Process Corner)
  Requirement:            10.000ns  (sys_clk_pin rise@10.000ns - sys_clk_pin rise@0.000ns)
  Data Path Delay:        5.061ns  (logic 1.211ns (23.929%)  route 3.850ns (76.071%))
  Logic Levels:           5  (LUT2=1 LUT4=1 LUT5=1 LUT6=2)
  Clock Path Skew:        -0.026ns (DCD - SCD + CPR)
    Destination Clock Delay (DCD):    4.855ns = ( 14.855 - 10.000 ) 
    Source Clock Delay      (SCD):    5.155ns
    Clock Pessimism Removal (CPR):    0.274ns
  Clock Uncertainty:      0.035ns  ((TSJ^2 + TIJ^2)^1/2 + DJ) / 2 + PE
    Total System Jitter     (TSJ):    0.071ns
    Total Input Jitter      (TIJ):    0.000ns
    Discrete Jitter          (DJ):    0.000ns
    Phase Error              (PE):    0.000ns

    Location             Delay type                Incr(ns)  Path(ns)    Netlist Resource(s)
  -------------------------------------------------------------------    -------------------
                         (clock sys_clk_pin rise edge)
                                                      0.000     0.000 r  
    W5                                                0.000     0.000 r  clk (IN)
                         net (fo=0)                   0.000     0.000    clk
    W5                   IBUF (Prop_ibuf_I_O)         1.458     1.458 r  clk_IBUF_inst/O
                         net (fo=1, routed)           1.967     3.425    clk_IBUF
    BUFGCTRL_X0Y0        BUFG (Prop_bufg_I_O)         0.096     3.521 r  clk_IBUF_BUFG_inst/O
                         net (fo=59, routed)          1.634     5.155    U_Counter/U_Clk_Div_10Hz/clk_IBUF_BUFG
    SLICE_X65Y12         FDCE                                         r  U_Counter/U_Clk_Div_10Hz/div_counter_reg[20]/C
  -------------------------------------------------------------------    -------------------
    SLICE_X65Y12         FDCE (Prop_fdce_C_Q)         0.419     5.574 f  U_Counter/U_Clk_Div_10Hz/div_counter_reg[20]/Q
                         net (fo=2, routed)           0.663     6.237    U_Counter/U_Clk_Div_10Hz/div_counter[20]
    SLICE_X65Y13         LUT4 (Prop_lut4_I0_O)        0.296     6.533 r  U_Counter/U_Clk_Div_10Hz/div_counter[23]_i_7/O
                         net (fo=1, routed)           0.571     7.104    U_Counter/U_Clk_Div_10Hz/div_counter[23]_i_7_n_0
    SLICE_X65Y12         LUT5 (Prop_lut5_I4_O)        0.124     7.228 r  U_Counter/U_Clk_Div_10Hz/div_counter[23]_i_6/O
                         net (fo=1, routed)           0.572     7.800    U_Counter/U_Clk_Div_10Hz/div_counter[23]_i_6_n_0
    SLICE_X65Y10         LUT6 (Prop_lut6_I5_O)        0.124     7.924 r  U_Counter/U_Clk_Div_10Hz/div_counter[23]_i_3/O
                         net (fo=1, routed)           0.575     8.499    U_Counter/U_Clk_Div_10Hz/div_counter[23]_i_3_n_0
    SLICE_X65Y8          LUT6 (Prop_lut6_I0_O)        0.124     8.623 f  U_Counter/U_Clk_Div_10Hz/div_counter[23]_i_2/O
                         net (fo=24, routed)          1.470    10.092    U_Counter/U_Clk_Div_10Hz/tick
    SLICE_X65Y13         LUT2 (Prop_lut2_I0_O)        0.124    10.216 r  U_Counter/U_Clk_Div_10Hz/div_counter[22]_i_1/O
                         net (fo=1, routed)           0.000    10.216    U_Counter/U_Clk_Div_10Hz/div_counter_0[22]
    SLICE_X65Y13         FDCE                                         r  U_Counter/U_Clk_Div_10Hz/div_counter_reg[22]/D
  -------------------------------------------------------------------    -------------------

                         (clock sys_clk_pin rise edge)
                                                     10.000    10.000 r  
    W5                                                0.000    10.000 r  clk (IN)
                         net (fo=0)                   0.000    10.000    clk
    W5                   IBUF (Prop_ibuf_I_O)         1.388    11.388 r  clk_IBUF_inst/O
                         net (fo=1, routed)           1.862    13.250    clk_IBUF
    BUFGCTRL_X0Y0        BUFG (Prop_bufg_I_O)         0.091    13.341 r  clk_IBUF_BUFG_inst/O
                         net (fo=59, routed)          1.514    14.855    U_Counter/U_Clk_Div_10Hz/clk_IBUF_BUFG
    SLICE_X65Y13         FDCE                                         r  U_Counter/U_Clk_Div_10Hz/div_counter_reg[22]/C
                         clock pessimism              0.274    15.129    
                         clock uncertainty           -0.035    15.094    
    SLICE_X65Y13         FDCE (Setup_fdce_C_D)        0.031    15.125    U_Counter/U_Clk_Div_10Hz/div_counter_reg[22]
  -------------------------------------------------------------------
                         required time                         15.125    
                         arrival time                         -10.216    
  -------------------------------------------------------------------
                         slack                                  4.909    

Slack (MET) :             4.909ns  (required time - arrival time)
  Source:                 U_Counter/U_Couter_Up_Down/counter_reg[4]/C
                            (rising edge-triggered cell FDCE clocked by sys_clk_pin  {rise@0.000ns fall@5.000ns period=10.000ns})
  Destination:            U_Counter/U_Couter_Up_Down/counter_reg[12]/D
                            (rising edge-triggered cell FDCE clocked by sys_clk_pin  {rise@0.000ns fall@5.000ns period=10.000ns})
  Path Group:             sys_clk_pin
  Path Type:              Setup (Max at Slow Process Corner)
  Requirement:            10.000ns  (sys_clk_pin rise@10.000ns - sys_clk_pin rise@0.000ns)
  Data Path Delay:        5.058ns  (logic 1.056ns (20.876%)  route 4.002ns (79.124%))
  Logic Levels:           3  (LUT4=2 LUT6=1)
  Clock Path Skew:        -0.026ns (DCD - SCD + CPR)
    Destination Clock Delay (DCD):    4.859ns = ( 14.859 - 10.000 ) 
    Source Clock Delay      (SCD):    5.159ns
    Clock Pessimism Removal (CPR):    0.274ns
  Clock Uncertainty:      0.035ns  ((TSJ^2 + TIJ^2)^1/2 + DJ) / 2 + PE
    Total System Jitter     (TSJ):    0.071ns
    Total Input Jitter      (TIJ):    0.000ns
    Discrete Jitter          (DJ):    0.000ns
    Phase Error              (PE):    0.000ns

    Location             Delay type                Incr(ns)  Path(ns)    Netlist Resource(s)
  -------------------------------------------------------------------    -------------------
                         (clock sys_clk_pin rise edge)
                                                      0.000     0.000 r  
    W5                                                0.000     0.000 r  clk (IN)
                         net (fo=0)                   0.000     0.000    clk
    W5                   IBUF (Prop_ibuf_I_O)         1.458     1.458 r  clk_IBUF_inst/O
                         net (fo=1, routed)           1.967     3.425    clk_IBUF
    BUFGCTRL_X0Y0        BUFG (Prop_bufg_I_O)         0.096     3.521 r  clk_IBUF_BUFG_inst/O
                         net (fo=59, routed)          1.638     5.159    U_Counter/U_Couter_Up_Down/clk_IBUF_BUFG
    SLICE_X62Y6          FDCE                                         r  U_Counter/U_Couter_Up_Down/counter_reg[4]/C
  -------------------------------------------------------------------    -------------------
    SLICE_X62Y6          FDCE (Prop_fdce_C_Q)         0.456     5.615 r  U_Counter/U_Couter_Up_Down/counter_reg[4]/Q
                         net (fo=28, routed)          2.010     7.626    U_Counter/U_Couter_Up_Down/Q[4]
    SLICE_X56Y10         LUT4 (Prop_lut4_I1_O)        0.148     7.774 r  U_Counter/U_Couter_Up_Down/counter[13]_i_5/O
                         net (fo=1, routed)           1.031     8.804    U_Counter/U_Couter_Up_Down/counter[13]_i_5_n_0
    SLICE_X60Y10         LUT6 (Prop_lut6_I0_O)        0.328     9.132 r  U_Counter/U_Couter_Up_Down/counter[13]_i_2/O
                         net (fo=14, routed)          0.961    10.094    U_Counter/U_Couter_Up_Down/counter[13]_i_2_n_0
    SLICE_X62Y8          LUT4 (Prop_lut4_I0_O)        0.124    10.218 r  U_Counter/U_Couter_Up_Down/counter[12]_i_1/O
                         net (fo=1, routed)           0.000    10.218    U_Counter/U_Couter_Up_Down/p_0_in[12]
    SLICE_X62Y8          FDCE                                         r  U_Counter/U_Couter_Up_Down/counter_reg[12]/D
  -------------------------------------------------------------------    -------------------

                         (clock sys_clk_pin rise edge)
                                                     10.000    10.000 r  
    W5                                                0.000    10.000 r  clk (IN)
                         net (fo=0)                   0.000    10.000    clk
    W5                   IBUF (Prop_ibuf_I_O)         1.388    11.388 r  clk_IBUF_inst/O
                         net (fo=1, routed)           1.862    13.250    clk_IBUF
    BUFGCTRL_X0Y0        BUFG (Prop_bufg_I_O)         0.091    13.341 r  clk_IBUF_BUFG_inst/O
                         net (fo=59, routed)          1.518    14.859    U_Counter/U_Couter_Up_Down/clk_IBUF_BUFG
    SLICE_X62Y8          FDCE                                         r  U_Counter/U_Couter_Up_Down/counter_reg[12]/C
                         clock pessimism              0.274    15.133    
                         clock uncertainty           -0.035    15.098    
    SLICE_X62Y8          FDCE (Setup_fdce_C_D)        0.029    15.127    U_Counter/U_Couter_Up_Down/counter_reg[12]
  -------------------------------------------------------------------
                         required time                         15.127    
                         arrival time                         -10.218    
  -------------------------------------------------------------------
                         slack                                  4.909    

Slack (MET) :             4.925ns  (required time - arrival time)
  Source:                 U_Counter/U_Clk_Div_10Hz/div_counter_reg[20]/C
                            (rising edge-triggered cell FDCE clocked by sys_clk_pin  {rise@0.000ns fall@5.000ns period=10.000ns})
  Destination:            U_Counter/U_Clk_Div_10Hz/div_counter_reg[23]/D
                            (rising edge-triggered cell FDCE clocked by sys_clk_pin  {rise@0.000ns fall@5.000ns period=10.000ns})
  Path Group:             sys_clk_pin
  Path Type:              Setup (Max at Slow Process Corner)
  Requirement:            10.000ns  (sys_clk_pin rise@10.000ns - sys_clk_pin rise@0.000ns)
  Data Path Delay:        5.089ns  (logic 1.239ns (24.347%)  route 3.850ns (75.653%))
  Logic Levels:           5  (LUT2=1 LUT4=1 LUT5=1 LUT6=2)
  Clock Path Skew:        -0.026ns (DCD - SCD + CPR)
    Destination Clock Delay (DCD):    4.855ns = ( 14.855 - 10.000 ) 
    Source Clock Delay      (SCD):    5.155ns
    Clock Pessimism Removal (CPR):    0.274ns
  Clock Uncertainty:      0.035ns  ((TSJ^2 + TIJ^2)^1/2 + DJ) / 2 + PE
    Total System Jitter     (TSJ):    0.071ns
    Total Input Jitter      (TIJ):    0.000ns
    Discrete Jitter          (DJ):    0.000ns
    Phase Error              (PE):    0.000ns

    Location             Delay type                Incr(ns)  Path(ns)    Netlist Resource(s)
  -------------------------------------------------------------------    -------------------
                         (clock sys_clk_pin rise edge)
                                                      0.000     0.000 r  
    W5                                                0.000     0.000 r  clk (IN)
                         net (fo=0)                   0.000     0.000    clk
    W5                   IBUF (Prop_ibuf_I_O)         1.458     1.458 r  clk_IBUF_inst/O
                         net (fo=1, routed)           1.967     3.425    clk_IBUF
    BUFGCTRL_X0Y0        BUFG (Prop_bufg_I_O)         0.096     3.521 r  clk_IBUF_BUFG_inst/O
                         net (fo=59, routed)          1.634     5.155    U_Counter/U_Clk_Div_10Hz/clk_IBUF_BUFG
    SLICE_X65Y12         FDCE                                         r  U_Counter/U_Clk_Div_10Hz/div_counter_reg[20]/C
  -------------------------------------------------------------------    -------------------
    SLICE_X65Y12         FDCE (Prop_fdce_C_Q)         0.419     5.574 f  U_Counter/U_Clk_Div_10Hz/div_counter_reg[20]/Q
                         net (fo=2, routed)           0.663     6.237    U_Counter/U_Clk_Div_10Hz/div_counter[20]
    SLICE_X65Y13         LUT4 (Prop_lut4_I0_O)        0.296     6.533 r  U_Counter/U_Clk_Div_10Hz/div_counter[23]_i_7/O
                         net (fo=1, routed)           0.571     7.104    U_Counter/U_Clk_Div_10Hz/div_counter[23]_i_7_n_0
    SLICE_X65Y12         LUT5 (Prop_lut5_I4_O)        0.124     7.228 r  U_Counter/U_Clk_Div_10Hz/div_counter[23]_i_6/O
                         net (fo=1, routed)           0.572     7.800    U_Counter/U_Clk_Div_10Hz/div_counter[23]_i_6_n_0
    SLICE_X65Y10         LUT6 (Prop_lut6_I5_O)        0.124     7.924 r  U_Counter/U_Clk_Div_10Hz/div_counter[23]_i_3/O
                         net (fo=1, routed)           0.575     8.499    U_Counter/U_Clk_Div_10Hz/div_counter[23]_i_3_n_0
    SLICE_X65Y8          LUT6 (Prop_lut6_I0_O)        0.124     8.623 f  U_Counter/U_Clk_Div_10Hz/div_counter[23]_i_2/O
                         net (fo=24, routed)          1.470    10.092    U_Counter/U_Clk_Div_10Hz/tick
    SLICE_X65Y13         LUT2 (Prop_lut2_I0_O)        0.152    10.244 r  U_Counter/U_Clk_Div_10Hz/div_counter[23]_i_1/O
                         net (fo=1, routed)           0.000    10.244    U_Counter/U_Clk_Div_10Hz/div_counter_0[23]
    SLICE_X65Y13         FDCE                                         r  U_Counter/U_Clk_Div_10Hz/div_counter_reg[23]/D
  -------------------------------------------------------------------    -------------------

                         (clock sys_clk_pin rise edge)
                                                     10.000    10.000 r  
    W5                                                0.000    10.000 r  clk (IN)
                         net (fo=0)                   0.000    10.000    clk
    W5                   IBUF (Prop_ibuf_I_O)         1.388    11.388 r  clk_IBUF_inst/O
                         net (fo=1, routed)           1.862    13.250    clk_IBUF
    BUFGCTRL_X0Y0        BUFG (Prop_bufg_I_O)         0.091    13.341 r  clk_IBUF_BUFG_inst/O
                         net (fo=59, routed)          1.514    14.855    U_Counter/U_Clk_Div_10Hz/clk_IBUF_BUFG
    SLICE_X65Y13         FDCE                                         r  U_Counter/U_Clk_Div_10Hz/div_counter_reg[23]/C
                         clock pessimism              0.274    15.129    
                         clock uncertainty           -0.035    15.094    
    SLICE_X65Y13         FDCE (Setup_fdce_C_D)        0.075    15.169    U_Counter/U_Clk_Div_10Hz/div_counter_reg[23]
  -------------------------------------------------------------------
                         required time                         15.169    
                         arrival time                         -10.244    
  -------------------------------------------------------------------
                         slack                                  4.925    

Slack (MET) :             4.943ns  (required time - arrival time)
  Source:                 U_Counter/U_Couter_Up_Down/counter_reg[4]/C
                            (rising edge-triggered cell FDCE clocked by sys_clk_pin  {rise@0.000ns fall@5.000ns period=10.000ns})
  Destination:            U_Counter/U_Couter_Up_Down/counter_reg[3]/D
                            (rising edge-triggered cell FDCE clocked by sys_clk_pin  {rise@0.000ns fall@5.000ns period=10.000ns})
  Path Group:             sys_clk_pin
  Path Type:              Setup (Max at Slow Process Corner)
  Requirement:            10.000ns  (sys_clk_pin rise@10.000ns - sys_clk_pin rise@0.000ns)
  Data Path Delay:        5.012ns  (logic 1.056ns (21.068%)  route 3.956ns (78.932%))
  Logic Levels:           3  (LUT4=2 LUT6=1)
  Clock Path Skew:        -0.040ns (DCD - SCD + CPR)
    Destination Clock Delay (DCD):    4.859ns = ( 14.859 - 10.000 ) 
    Source Clock Delay      (SCD):    5.159ns
    Clock Pessimism Removal (CPR):    0.260ns
  Clock Uncertainty:      0.035ns  ((TSJ^2 + TIJ^2)^1/2 + DJ) / 2 + PE
    Total System Jitter     (TSJ):    0.071ns
    Total Input Jitter      (TIJ):    0.000ns
    Discrete Jitter          (DJ):    0.000ns
    Phase Error              (PE):    0.000ns

    Location             Delay type                Incr(ns)  Path(ns)    Netlist Resource(s)
  -------------------------------------------------------------------    -------------------
                         (clock sys_clk_pin rise edge)
                                                      0.000     0.000 r  
    W5                                                0.000     0.000 r  clk (IN)
                         net (fo=0)                   0.000     0.000    clk
    W5                   IBUF (Prop_ibuf_I_O)         1.458     1.458 r  clk_IBUF_inst/O
                         net (fo=1, routed)           1.967     3.425    clk_IBUF
    BUFGCTRL_X0Y0        BUFG (Prop_bufg_I_O)         0.096     3.521 r  clk_IBUF_BUFG_inst/O
                         net (fo=59, routed)          1.638     5.159    U_Counter/U_Couter_Up_Down/clk_IBUF_BUFG
    SLICE_X62Y6          FDCE                                         r  U_Counter/U_Couter_Up_Down/counter_reg[4]/C
  -------------------------------------------------------------------    -------------------
    SLICE_X62Y6          FDCE (Prop_fdce_C_Q)         0.456     5.615 r  U_Counter/U_Couter_Up_Down/counter_reg[4]/Q
                         net (fo=28, routed)          2.010     7.626    U_Counter/U_Couter_Up_Down/Q[4]
    SLICE_X56Y10         LUT4 (Prop_lut4_I1_O)        0.148     7.774 r  U_Counter/U_Couter_Up_Down/counter[13]_i_5/O
                         net (fo=1, routed)           1.031     8.804    U_Counter/U_Couter_Up_Down/counter[13]_i_5_n_0
    SLICE_X60Y10         LUT6 (Prop_lut6_I0_O)        0.328     9.132 r  U_Counter/U_Couter_Up_Down/counter[13]_i_2/O
                         net (fo=14, routed)          0.915    10.048    U_Counter/U_Couter_Up_Down/counter[13]_i_2_n_0
    SLICE_X59Y6          LUT4 (Prop_lut4_I0_O)        0.124    10.172 r  U_Counter/U_Couter_Up_Down/counter[3]_i_1/O
                         net (fo=1, routed)           0.000    10.172    U_Counter/U_Couter_Up_Down/p_0_in[3]
    SLICE_X59Y6          FDCE                                         r  U_Counter/U_Couter_Up_Down/counter_reg[3]/D
  -------------------------------------------------------------------    -------------------

                         (clock sys_clk_pin rise edge)
                                                     10.000    10.000 r  
    W5                                                0.000    10.000 r  clk (IN)
                         net (fo=0)                   0.000    10.000    clk
    W5                   IBUF (Prop_ibuf_I_O)         1.388    11.388 r  clk_IBUF_inst/O
                         net (fo=1, routed)           1.862    13.250    clk_IBUF
    BUFGCTRL_X0Y0        BUFG (Prop_bufg_I_O)         0.091    13.341 r  clk_IBUF_BUFG_inst/O
                         net (fo=59, routed)          1.518    14.859    U_Counter/U_Couter_Up_Down/clk_IBUF_BUFG
    SLICE_X59Y6          FDCE                                         r  U_Counter/U_Couter_Up_Down/counter_reg[3]/C
                         clock pessimism              0.260    15.119    
                         clock uncertainty           -0.035    15.084    
    SLICE_X59Y6          FDCE (Setup_fdce_C_D)        0.031    15.115    U_Counter/U_Couter_Up_Down/counter_reg[3]
  -------------------------------------------------------------------
                         required time                         15.115    
                         arrival time                         -10.172    
  -------------------------------------------------------------------
                         slack                                  4.943    





Min Delay Paths
--------------------------------------------------------------------------------------
Slack (MET) :             0.285ns  (arrival time - required time)
  Source:                 U_FndController/U_Clk_Div_1kHz/tick_reg/C
                            (rising edge-triggered cell FDCE clocked by sys_clk_pin  {rise@0.000ns fall@5.000ns period=10.000ns})
  Destination:            U_FndController/U_Counter_2bit/count_reg[1]/D
                            (rising edge-triggered cell FDCE clocked by sys_clk_pin  {rise@0.000ns fall@5.000ns period=10.000ns})
  Path Group:             sys_clk_pin
  Path Type:              Hold (Min at Fast Process Corner)
  Requirement:            0.000ns  (sys_clk_pin rise@0.000ns - sys_clk_pin rise@0.000ns)
  Data Path Delay:        0.452ns  (logic 0.212ns (46.901%)  route 0.240ns (53.099%))
  Logic Levels:           1  (LUT3=1)
  Clock Path Skew:        0.060ns (DCD - SCD - CPR)
    Destination Clock Delay (DCD):    1.985ns
    Source Clock Delay      (SCD):    1.447ns
    Clock Pessimism Removal (CPR):    0.478ns

    Location             Delay type                Incr(ns)  Path(ns)    Netlist Resource(s)
  -------------------------------------------------------------------    -------------------
                         (clock sys_clk_pin rise edge)
                                                      0.000     0.000 r  
    W5                                                0.000     0.000 r  clk (IN)
                         net (fo=0)                   0.000     0.000    clk
    W5                   IBUF (Prop_ibuf_I_O)         0.226     0.226 r  clk_IBUF_inst/O
                         net (fo=1, routed)           0.631     0.858    clk_IBUF
    BUFGCTRL_X0Y0        BUFG (Prop_bufg_I_O)         0.026     0.884 r  clk_IBUF_BUFG_inst/O
                         net (fo=59, routed)          0.564     1.447    U_FndController/U_Clk_Div_1kHz/clk_IBUF_BUFG
    SLICE_X56Y15         FDCE                                         r  U_FndController/U_Clk_Div_1kHz/tick_reg/C
  -------------------------------------------------------------------    -------------------
    SLICE_X56Y15         FDCE (Prop_fdce_C_Q)         0.164     1.611 r  U_FndController/U_Clk_Div_1kHz/tick_reg/Q
                         net (fo=2, routed)           0.240     1.851    U_FndController/U_Counter_2bit/count_reg[1]_4
    SLICE_X58Y15         LUT3 (Prop_lut3_I1_O)        0.048     1.899 r  U_FndController/U_Counter_2bit/count[1]_i_1/O
                         net (fo=1, routed)           0.000     1.899    U_FndController/U_Counter_2bit/count[1]_i_1_n_0
    SLICE_X58Y15         FDCE                                         r  U_FndController/U_Counter_2bit/count_reg[1]/D
  -------------------------------------------------------------------    -------------------

                         (clock sys_clk_pin rise edge)
                                                      0.000     0.000 r  
    W5                                                0.000     0.000 r  clk (IN)
                         net (fo=0)                   0.000     0.000    clk
    W5                   IBUF (Prop_ibuf_I_O)         0.414     0.414 r  clk_IBUF_inst/O
                         net (fo=1, routed)           0.685     1.099    clk_IBUF
    BUFGCTRL_X0Y0        BUFG (Prop_bufg_I_O)         0.029     1.128 r  clk_IBUF_BUFG_inst/O
                         net (fo=59, routed)          0.858     1.985    U_FndController/U_Counter_2bit/clk_IBUF_BUFG
    SLICE_X58Y15         FDCE                                         r  U_FndController/U_Counter_2bit/count_reg[1]/C
                         clock pessimism             -0.478     1.507    
    SLICE_X58Y15         FDCE (Hold_fdce_C_D)         0.107     1.614    U_FndController/U_Counter_2bit/count_reg[1]
  -------------------------------------------------------------------
                         required time                         -1.614    
                         arrival time                           1.899    
  -------------------------------------------------------------------
                         slack                                  0.285    

Slack (MET) :             0.292ns  (arrival time - required time)
  Source:                 U_Counter/U_Couter_Up_Down/counter_reg[0]/C
                            (rising edge-triggered cell FDCE clocked by sys_clk_pin  {rise@0.000ns fall@5.000ns period=10.000ns})
  Destination:            U_Counter/U_Couter_Up_Down/counter_reg[0]/D
                            (rising edge-triggered cell FDCE clocked by sys_clk_pin  {rise@0.000ns fall@5.000ns period=10.000ns})
  Path Group:             sys_clk_pin
  Path Type:              Hold (Min at Fast Process Corner)
  Requirement:            0.000ns  (sys_clk_pin rise@0.000ns - sys_clk_pin rise@0.000ns)
  Data Path Delay:        0.383ns  (logic 0.186ns (48.565%)  route 0.197ns (51.435%))
  Logic Levels:           1  (LUT2=1)
  Clock Path Skew:        0.000ns (DCD - SCD - CPR)
    Destination Clock Delay (DCD):    1.992ns
    Source Clock Delay      (SCD):    1.477ns
    Clock Pessimism Removal (CPR):    0.515ns

    Location             Delay type                Incr(ns)  Path(ns)    Netlist Resource(s)
  -------------------------------------------------------------------    -------------------
                         (clock sys_clk_pin rise edge)
                                                      0.000     0.000 r  
    W5                                                0.000     0.000 r  clk (IN)
                         net (fo=0)                   0.000     0.000    clk
    W5                   IBUF (Prop_ibuf_I_O)         0.226     0.226 r  clk_IBUF_inst/O
                         net (fo=1, routed)           0.631     0.858    clk_IBUF
    BUFGCTRL_X0Y0        BUFG (Prop_bufg_I_O)         0.026     0.884 r  clk_IBUF_BUFG_inst/O
                         net (fo=59, routed)          0.594     1.477    U_Counter/U_Couter_Up_Down/clk_IBUF_BUFG
    SLICE_X62Y9          FDCE                                         r  U_Counter/U_Couter_Up_Down/counter_reg[0]/C
  -------------------------------------------------------------------    -------------------
    SLICE_X62Y9          FDCE (Prop_fdce_C_Q)         0.141     1.618 f  U_Counter/U_Couter_Up_Down/counter_reg[0]/Q
                         net (fo=15, routed)          0.197     1.815    U_Counter/U_Couter_Up_Down/Q[0]
    SLICE_X62Y9          LUT2 (Prop_lut2_I1_O)        0.045     1.860 r  U_Counter/U_Couter_Up_Down/counter[0]_i_1/O
                         net (fo=1, routed)           0.000     1.860    U_Counter/U_Couter_Up_Down/p_0_in[0]
    SLICE_X62Y9          FDCE                                         r  U_Counter/U_Couter_Up_Down/counter_reg[0]/D
  -------------------------------------------------------------------    -------------------

                         (clock sys_clk_pin rise edge)
                                                      0.000     0.000 r  
    W5                                                0.000     0.000 r  clk (IN)
                         net (fo=0)                   0.000     0.000    clk
    W5                   IBUF (Prop_ibuf_I_O)         0.414     0.414 r  clk_IBUF_inst/O
                         net (fo=1, routed)           0.685     1.099    clk_IBUF
    BUFGCTRL_X0Y0        BUFG (Prop_bufg_I_O)         0.029     1.128 r  clk_IBUF_BUFG_inst/O
                         net (fo=59, routed)          0.865     1.992    U_Counter/U_Couter_Up_Down/clk_IBUF_BUFG
    SLICE_X62Y9          FDCE                                         r  U_Counter/U_Couter_Up_Down/counter_reg[0]/C
                         clock pessimism             -0.515     1.477    
    SLICE_X62Y9          FDCE (Hold_fdce_C_D)         0.091     1.568    U_Counter/U_Couter_Up_Down/counter_reg[0]
  -------------------------------------------------------------------
                         required time                         -1.568    
                         arrival time                           1.860    
  -------------------------------------------------------------------
                         slack                                  0.292    

Slack (MET) :             0.298ns  (arrival time - required time)
  Source:                 U_FndController/U_Clk_Div_1kHz/tick_reg/C
                            (rising edge-triggered cell FDCE clocked by sys_clk_pin  {rise@0.000ns fall@5.000ns period=10.000ns})
  Destination:            U_FndController/U_Counter_2bit/count_reg[0]/D
                            (rising edge-triggered cell FDCE clocked by sys_clk_pin  {rise@0.000ns fall@5.000ns period=10.000ns})
  Path Group:             sys_clk_pin
  Path Type:              Hold (Min at Fast Process Corner)
  Requirement:            0.000ns  (sys_clk_pin rise@0.000ns - sys_clk_pin rise@0.000ns)
  Data Path Delay:        0.449ns  (logic 0.209ns (46.546%)  route 0.240ns (53.454%))
  Logic Levels:           1  (LUT2=1)
  Clock Path Skew:        0.060ns (DCD - SCD - CPR)
    Destination Clock Delay (DCD):    1.985ns
    Source Clock Delay      (SCD):    1.447ns
    Clock Pessimism Removal (CPR):    0.478ns

    Location             Delay type                Incr(ns)  Path(ns)    Netlist Resource(s)
  -------------------------------------------------------------------    -------------------
                         (clock sys_clk_pin rise edge)
                                                      0.000     0.000 r  
    W5                                                0.000     0.000 r  clk (IN)
                         net (fo=0)                   0.000     0.000    clk
    W5                   IBUF (Prop_ibuf_I_O)         0.226     0.226 r  clk_IBUF_inst/O
                         net (fo=1, routed)           0.631     0.858    clk_IBUF
    BUFGCTRL_X0Y0        BUFG (Prop_bufg_I_O)         0.026     0.884 r  clk_IBUF_BUFG_inst/O
                         net (fo=59, routed)          0.564     1.447    U_FndController/U_Clk_Div_1kHz/clk_IBUF_BUFG
    SLICE_X56Y15         FDCE                                         r  U_FndController/U_Clk_Div_1kHz/tick_reg/C
  -------------------------------------------------------------------    -------------------
    SLICE_X56Y15         FDCE (Prop_fdce_C_Q)         0.164     1.611 r  U_FndController/U_Clk_Div_1kHz/tick_reg/Q
                         net (fo=2, routed)           0.240     1.851    U_FndController/U_Counter_2bit/count_reg[1]_4
    SLICE_X58Y15         LUT2 (Prop_lut2_I0_O)        0.045     1.896 r  U_FndController/U_Counter_2bit/count[0]_i_1/O
                         net (fo=1, routed)           0.000     1.896    U_FndController/U_Counter_2bit/count[0]_i_1_n_0
    SLICE_X58Y15         FDCE                                         r  U_FndController/U_Counter_2bit/count_reg[0]/D
  -------------------------------------------------------------------    -------------------

                         (clock sys_clk_pin rise edge)
                                                      0.000     0.000 r  
    W5                                                0.000     0.000 r  clk (IN)
                         net (fo=0)                   0.000     0.000    clk
    W5                   IBUF (Prop_ibuf_I_O)         0.414     0.414 r  clk_IBUF_inst/O
                         net (fo=1, routed)           0.685     1.099    clk_IBUF
    BUFGCTRL_X0Y0        BUFG (Prop_bufg_I_O)         0.029     1.128 r  clk_IBUF_BUFG_inst/O
                         net (fo=59, routed)          0.858     1.985    U_FndController/U_Counter_2bit/clk_IBUF_BUFG
    SLICE_X58Y15         FDCE                                         r  U_FndController/U_Counter_2bit/count_reg[0]/C
                         clock pessimism             -0.478     1.507    
    SLICE_X58Y15         FDCE (Hold_fdce_C_D)         0.091     1.598    U_FndController/U_Counter_2bit/count_reg[0]
  -------------------------------------------------------------------
                         required time                         -1.598    
                         arrival time                           1.896    
  -------------------------------------------------------------------
                         slack                                  0.298    

Slack (MET) :             0.308ns  (arrival time - required time)
  Source:                 U_Counter/U_Clk_Div_10Hz/tick_reg/C
                            (rising edge-triggered cell FDCE clocked by sys_clk_pin  {rise@0.000ns fall@5.000ns period=10.000ns})
  Destination:            U_Counter/U_Couter_Up_Down/counter_reg[12]/CE
                            (rising edge-triggered cell FDCE clocked by sys_clk_pin  {rise@0.000ns fall@5.000ns period=10.000ns})
  Path Group:             sys_clk_pin
  Path Type:              Hold (Min at Fast Process Corner)
  Requirement:            0.000ns  (sys_clk_pin rise@0.000ns - sys_clk_pin rise@0.000ns)
  Data Path Delay:        0.285ns  (logic 0.141ns (49.474%)  route 0.144ns (50.526%))
  Logic Levels:           0  
  Clock Path Skew:        0.016ns (DCD - SCD - CPR)
    Destination Clock Delay (DCD):    1.992ns
    Source Clock Delay      (SCD):    1.477ns
    Clock Pessimism Removal (CPR):    0.499ns

    Location             Delay type                Incr(ns)  Path(ns)    Netlist Resource(s)
  -------------------------------------------------------------------    -------------------
                         (clock sys_clk_pin rise edge)
                                                      0.000     0.000 r  
    W5                                                0.000     0.000 r  clk (IN)
                         net (fo=0)                   0.000     0.000    clk
    W5                   IBUF (Prop_ibuf_I_O)         0.226     0.226 r  clk_IBUF_inst/O
                         net (fo=1, routed)           0.631     0.858    clk_IBUF
    BUFGCTRL_X0Y0        BUFG (Prop_bufg_I_O)         0.026     0.884 r  clk_IBUF_BUFG_inst/O
                         net (fo=59, routed)          0.594     1.477    U_Counter/U_Clk_Div_10Hz/clk_IBUF_BUFG
    SLICE_X63Y9          FDCE                                         r  U_Counter/U_Clk_Div_10Hz/tick_reg/C
  -------------------------------------------------------------------    -------------------
    SLICE_X63Y9          FDCE (Prop_fdce_C_Q)         0.141     1.618 r  U_Counter/U_Clk_Div_10Hz/tick_reg/Q
                         net (fo=14, routed)          0.144     1.762    U_Counter/U_Couter_Up_Down/E[0]
    SLICE_X62Y8          FDCE                                         r  U_Counter/U_Couter_Up_Down/counter_reg[12]/CE
  -------------------------------------------------------------------    -------------------

                         (clock sys_clk_pin rise edge)
                                                      0.000     0.000 r  
    W5                                                0.000     0.000 r  clk (IN)
                         net (fo=0)                   0.000     0.000    clk
    W5                   IBUF (Prop_ibuf_I_O)         0.414     0.414 r  clk_IBUF_inst/O
                         net (fo=1, routed)           0.685     1.099    clk_IBUF
    BUFGCTRL_X0Y0        BUFG (Prop_bufg_I_O)         0.029     1.128 r  clk_IBUF_BUFG_inst/O
                         net (fo=59, routed)          0.865     1.992    U_Counter/U_Couter_Up_Down/clk_IBUF_BUFG
    SLICE_X62Y8          FDCE                                         r  U_Counter/U_Couter_Up_Down/counter_reg[12]/C
                         clock pessimism             -0.499     1.493    
    SLICE_X62Y8          FDCE (Hold_fdce_C_CE)       -0.039     1.454    U_Counter/U_Couter_Up_Down/counter_reg[12]
  -------------------------------------------------------------------
                         required time                         -1.454    
                         arrival time                           1.762    
  -------------------------------------------------------------------
                         slack                                  0.308    

Slack (MET) :             0.339ns  (arrival time - required time)
  Source:                 U_Counter/U_Clk_Div_10Hz/div_counter_reg[0]/C
                            (rising edge-triggered cell FDCE clocked by sys_clk_pin  {rise@0.000ns fall@5.000ns period=10.000ns})
  Destination:            U_Counter/U_Clk_Div_10Hz/div_counter_reg[0]/D
                            (rising edge-triggered cell FDCE clocked by sys_clk_pin  {rise@0.000ns fall@5.000ns period=10.000ns})
  Path Group:             sys_clk_pin
  Path Type:              Hold (Min at Fast Process Corner)
  Requirement:            0.000ns  (sys_clk_pin rise@0.000ns - sys_clk_pin rise@0.000ns)
  Data Path Delay:        0.431ns  (logic 0.186ns (43.181%)  route 0.245ns (56.819%))
  Logic Levels:           1  (LUT1=1)
  Clock Path Skew:        0.000ns (DCD - SCD - CPR)
    Destination Clock Delay (DCD):    1.992ns
    Source Clock Delay      (SCD):    1.477ns
    Clock Pessimism Removal (CPR):    0.515ns

    Location             Delay type                Incr(ns)  Path(ns)    Netlist Resource(s)
  -------------------------------------------------------------------    -------------------
                         (clock sys_clk_pin rise edge)
                                                      0.000     0.000 r  
    W5                                                0.000     0.000 r  clk (IN)
                         net (fo=0)                   0.000     0.000    clk
    W5                   IBUF (Prop_ibuf_I_O)         0.226     0.226 r  clk_IBUF_inst/O
                         net (fo=1, routed)           0.631     0.858    clk_IBUF
    BUFGCTRL_X0Y0        BUFG (Prop_bufg_I_O)         0.026     0.884 r  clk_IBUF_BUFG_inst/O
                         net (fo=59, routed)          0.594     1.477    U_Counter/U_Clk_Div_10Hz/clk_IBUF_BUFG
    SLICE_X65Y8          FDCE                                         r  U_Counter/U_Clk_Div_10Hz/div_counter_reg[0]/C
  -------------------------------------------------------------------    -------------------
    SLICE_X65Y8          FDCE (Prop_fdce_C_Q)         0.141     1.618 f  U_Counter/U_Clk_Div_10Hz/div_counter_reg[0]/Q
                         net (fo=3, routed)           0.245     1.863    U_Counter/U_Clk_Div_10Hz/div_counter[0]
    SLICE_X65Y8          LUT1 (Prop_lut1_I0_O)        0.045     1.908 r  U_Counter/U_Clk_Div_10Hz/div_counter[0]_i_1__0/O
                         net (fo=1, routed)           0.000     1.908    U_Counter/U_Clk_Div_10Hz/div_counter_0[0]
    SLICE_X65Y8          FDCE                                         r  U_Counter/U_Clk_Div_10Hz/div_counter_reg[0]/D
  -------------------------------------------------------------------    -------------------

                         (clock sys_clk_pin rise edge)
                                                      0.000     0.000 r  
    W5                                                0.000     0.000 r  clk (IN)
                         net (fo=0)                   0.000     0.000    clk
    W5                   IBUF (Prop_ibuf_I_O)         0.414     0.414 r  clk_IBUF_inst/O
                         net (fo=1, routed)           0.685     1.099    clk_IBUF
    BUFGCTRL_X0Y0        BUFG (Prop_bufg_I_O)         0.029     1.128 r  clk_IBUF_BUFG_inst/O
                         net (fo=59, routed)          0.865     1.992    U_Counter/U_Clk_Div_10Hz/clk_IBUF_BUFG
    SLICE_X65Y8          FDCE                                         r  U_Counter/U_Clk_Div_10Hz/div_counter_reg[0]/C
                         clock pessimism             -0.515     1.477    
    SLICE_X65Y8          FDCE (Hold_fdce_C_D)         0.092     1.569    U_Counter/U_Clk_Div_10Hz/div_counter_reg[0]
  -------------------------------------------------------------------
                         required time                         -1.569    
                         arrival time                           1.908    
  -------------------------------------------------------------------
                         slack                                  0.339    

Slack (MET) :             0.349ns  (arrival time - required time)
  Source:                 U_Counter/U_Clk_Div_10Hz/tick_reg/C
                            (rising edge-triggered cell FDCE clocked by sys_clk_pin  {rise@0.000ns fall@5.000ns period=10.000ns})
  Destination:            U_Counter/U_Couter_Up_Down/counter_reg[0]/CE
                            (rising edge-triggered cell FDCE clocked by sys_clk_pin  {rise@0.000ns fall@5.000ns period=10.000ns})
  Path Group:             sys_clk_pin
  Path Type:              Hold (Min at Fast Process Corner)
  Requirement:            0.000ns  (sys_clk_pin rise@0.000ns - sys_clk_pin rise@0.000ns)
  Data Path Delay:        0.323ns  (logic 0.141ns (43.598%)  route 0.182ns (56.402%))
  Logic Levels:           0  
  Clock Path Skew:        0.013ns (DCD - SCD - CPR)
    Destination Clock Delay (DCD):    1.992ns
    Source Clock Delay      (SCD):    1.477ns
    Clock Pessimism Removal (CPR):    0.502ns

    Location             Delay type                Incr(ns)  Path(ns)    Netlist Resource(s)
  -------------------------------------------------------------------    -------------------
                         (clock sys_clk_pin rise edge)
                                                      0.000     0.000 r  
    W5                                                0.000     0.000 r  clk (IN)
                         net (fo=0)                   0.000     0.000    clk
    W5                   IBUF (Prop_ibuf_I_O)         0.226     0.226 r  clk_IBUF_inst/O
                         net (fo=1, routed)           0.631     0.858    clk_IBUF
    BUFGCTRL_X0Y0        BUFG (Prop_bufg_I_O)         0.026     0.884 r  clk_IBUF_BUFG_inst/O
                         net (fo=59, routed)          0.594     1.477    U_Counter/U_Clk_Div_10Hz/clk_IBUF_BUFG
    SLICE_X63Y9          FDCE                                         r  U_Counter/U_Clk_Div_10Hz/tick_reg/C
  -------------------------------------------------------------------    -------------------
    SLICE_X63Y9          FDCE (Prop_fdce_C_Q)         0.141     1.618 r  U_Counter/U_Clk_Div_10Hz/tick_reg/Q
                         net (fo=14, routed)          0.182     1.801    U_Counter/U_Couter_Up_Down/E[0]
    SLICE_X62Y9          FDCE                                         r  U_Counter/U_Couter_Up_Down/counter_reg[0]/CE
  -------------------------------------------------------------------    -------------------

                         (clock sys_clk_pin rise edge)
                                                      0.000     0.000 r  
    W5                                                0.000     0.000 r  clk (IN)
                         net (fo=0)                   0.000     0.000    clk
    W5                   IBUF (Prop_ibuf_I_O)         0.414     0.414 r  clk_IBUF_inst/O
                         net (fo=1, routed)           0.685     1.099    clk_IBUF
    BUFGCTRL_X0Y0        BUFG (Prop_bufg_I_O)         0.029     1.128 r  clk_IBUF_BUFG_inst/O
                         net (fo=59, routed)          0.865     1.992    U_Counter/U_Couter_Up_Down/clk_IBUF_BUFG
    SLICE_X62Y9          FDCE                                         r  U_Counter/U_Couter_Up_Down/counter_reg[0]/C
                         clock pessimism             -0.502     1.490    
    SLICE_X62Y9          FDCE (Hold_fdce_C_CE)       -0.039     1.451    U_Counter/U_Couter_Up_Down/counter_reg[0]
  -------------------------------------------------------------------
                         required time                         -1.451    
                         arrival time                           1.801    
  -------------------------------------------------------------------
                         slack                                  0.349    

Slack (MET) :             0.349ns  (arrival time - required time)
  Source:                 U_Counter/U_Clk_Div_10Hz/tick_reg/C
                            (rising edge-triggered cell FDCE clocked by sys_clk_pin  {rise@0.000ns fall@5.000ns period=10.000ns})
  Destination:            U_Counter/U_Couter_Up_Down/counter_reg[13]/CE
                            (rising edge-triggered cell FDCE clocked by sys_clk_pin  {rise@0.000ns fall@5.000ns period=10.000ns})
  Path Group:             sys_clk_pin
  Path Type:              Hold (Min at Fast Process Corner)
  Requirement:            0.000ns  (sys_clk_pin rise@0.000ns - sys_clk_pin rise@0.000ns)
  Data Path Delay:        0.323ns  (logic 0.141ns (43.598%)  route 0.182ns (56.402%))
  Logic Levels:           0  
  Clock Path Skew:        0.013ns (DCD - SCD - CPR)
    Destination Clock Delay (DCD):    1.992ns
    Source Clock Delay      (SCD):    1.477ns
    Clock Pessimism Removal (CPR):    0.502ns

    Location             Delay type                Incr(ns)  Path(ns)    Netlist Resource(s)
  -------------------------------------------------------------------    -------------------
                         (clock sys_clk_pin rise edge)
                                                      0.000     0.000 r  
    W5                                                0.000     0.000 r  clk (IN)
                         net (fo=0)                   0.000     0.000    clk
    W5                   IBUF (Prop_ibuf_I_O)         0.226     0.226 r  clk_IBUF_inst/O
                         net (fo=1, routed)           0.631     0.858    clk_IBUF
    BUFGCTRL_X0Y0        BUFG (Prop_bufg_I_O)         0.026     0.884 r  clk_IBUF_BUFG_inst/O
                         net (fo=59, routed)          0.594     1.477    U_Counter/U_Clk_Div_10Hz/clk_IBUF_BUFG
    SLICE_X63Y9          FDCE                                         r  U_Counter/U_Clk_Div_10Hz/tick_reg/C
  -------------------------------------------------------------------    -------------------
    SLICE_X63Y9          FDCE (Prop_fdce_C_Q)         0.141     1.618 r  U_Counter/U_Clk_Div_10Hz/tick_reg/Q
                         net (fo=14, routed)          0.182     1.801    U_Counter/U_Couter_Up_Down/E[0]
    SLICE_X62Y9          FDCE                                         r  U_Counter/U_Couter_Up_Down/counter_reg[13]/CE
  -------------------------------------------------------------------    -------------------

                         (clock sys_clk_pin rise edge)
                                                      0.000     0.000 r  
    W5                                                0.000     0.000 r  clk (IN)
                         net (fo=0)                   0.000     0.000    clk
    W5                   IBUF (Prop_ibuf_I_O)         0.414     0.414 r  clk_IBUF_inst/O
                         net (fo=1, routed)           0.685     1.099    clk_IBUF
    BUFGCTRL_X0Y0        BUFG (Prop_bufg_I_O)         0.029     1.128 r  clk_IBUF_BUFG_inst/O
                         net (fo=59, routed)          0.865     1.992    U_Counter/U_Couter_Up_Down/clk_IBUF_BUFG
    SLICE_X62Y9          FDCE                                         r  U_Counter/U_Couter_Up_Down/counter_reg[13]/C
                         clock pessimism             -0.502     1.490    
    SLICE_X62Y9          FDCE (Hold_fdce_C_CE)       -0.039     1.451    U_Counter/U_Couter_Up_Down/counter_reg[13]
  -------------------------------------------------------------------
                         required time                         -1.451    
                         arrival time                           1.801    
  -------------------------------------------------------------------
                         slack                                  0.349    

Slack (MET) :             0.350ns  (arrival time - required time)
  Source:                 U_Counter/U_Clk_Div_10Hz/tick_reg/C
                            (rising edge-triggered cell FDCE clocked by sys_clk_pin  {rise@0.000ns fall@5.000ns period=10.000ns})
  Destination:            U_Counter/U_Couter_Up_Down/counter_reg[10]/CE
                            (rising edge-triggered cell FDCE clocked by sys_clk_pin  {rise@0.000ns fall@5.000ns period=10.000ns})
  Path Group:             sys_clk_pin
  Path Type:              Hold (Min at Fast Process Corner)
  Requirement:            0.000ns  (sys_clk_pin rise@0.000ns - sys_clk_pin rise@0.000ns)
  Data Path Delay:        0.346ns  (logic 0.141ns (40.747%)  route 0.205ns (59.253%))
  Logic Levels:           0  
  Clock Path Skew:        0.035ns (DCD - SCD - CPR)
    Destination Clock Delay (DCD):    1.990ns
    Source Clock Delay      (SCD):    1.477ns
    Clock Pessimism Removal (CPR):    0.478ns

    Location             Delay type                Incr(ns)  Path(ns)    Netlist Resource(s)
  -------------------------------------------------------------------    -------------------
                         (clock sys_clk_pin rise edge)
                                                      0.000     0.000 r  
    W5                                                0.000     0.000 r  clk (IN)
                         net (fo=0)                   0.000     0.000    clk
    W5                   IBUF (Prop_ibuf_I_O)         0.226     0.226 r  clk_IBUF_inst/O
                         net (fo=1, routed)           0.631     0.858    clk_IBUF
    BUFGCTRL_X0Y0        BUFG (Prop_bufg_I_O)         0.026     0.884 r  clk_IBUF_BUFG_inst/O
                         net (fo=59, routed)          0.594     1.477    U_Counter/U_Clk_Div_10Hz/clk_IBUF_BUFG
    SLICE_X63Y9          FDCE                                         r  U_Counter/U_Clk_Div_10Hz/tick_reg/C
  -------------------------------------------------------------------    -------------------
    SLICE_X63Y9          FDCE (Prop_fdce_C_Q)         0.141     1.618 r  U_Counter/U_Clk_Div_10Hz/tick_reg/Q
                         net (fo=14, routed)          0.205     1.823    U_Counter/U_Couter_Up_Down/E[0]
    SLICE_X59Y8          FDCE                                         r  U_Counter/U_Couter_Up_Down/counter_reg[10]/CE
  -------------------------------------------------------------------    -------------------

                         (clock sys_clk_pin rise edge)
                                                      0.000     0.000 r  
    W5                                                0.000     0.000 r  clk (IN)
                         net (fo=0)                   0.000     0.000    clk
    W5                   IBUF (Prop_ibuf_I_O)         0.414     0.414 r  clk_IBUF_inst/O
                         net (fo=1, routed)           0.685     1.099    clk_IBUF
    BUFGCTRL_X0Y0        BUFG (Prop_bufg_I_O)         0.029     1.128 r  clk_IBUF_BUFG_inst/O
                         net (fo=59, routed)          0.863     1.990    U_Counter/U_Couter_Up_Down/clk_IBUF_BUFG
    SLICE_X59Y8          FDCE                                         r  U_Counter/U_Couter_Up_Down/counter_reg[10]/C
                         clock pessimism             -0.478     1.512    
    SLICE_X59Y8          FDCE (Hold_fdce_C_CE)       -0.039     1.473    U_Counter/U_Couter_Up_Down/counter_reg[10]
  -------------------------------------------------------------------
                         required time                         -1.473    
                         arrival time                           1.823    
  -------------------------------------------------------------------
                         slack                                  0.350    

Slack (MET) :             0.350ns  (arrival time - required time)
  Source:                 U_Counter/U_Clk_Div_10Hz/tick_reg/C
                            (rising edge-triggered cell FDCE clocked by sys_clk_pin  {rise@0.000ns fall@5.000ns period=10.000ns})
  Destination:            U_Counter/U_Couter_Up_Down/counter_reg[11]/CE
                            (rising edge-triggered cell FDCE clocked by sys_clk_pin  {rise@0.000ns fall@5.000ns period=10.000ns})
  Path Group:             sys_clk_pin
  Path Type:              Hold (Min at Fast Process Corner)
  Requirement:            0.000ns  (sys_clk_pin rise@0.000ns - sys_clk_pin rise@0.000ns)
  Data Path Delay:        0.346ns  (logic 0.141ns (40.747%)  route 0.205ns (59.253%))
  Logic Levels:           0  
  Clock Path Skew:        0.035ns (DCD - SCD - CPR)
    Destination Clock Delay (DCD):    1.990ns
    Source Clock Delay      (SCD):    1.477ns
    Clock Pessimism Removal (CPR):    0.478ns

    Location             Delay type                Incr(ns)  Path(ns)    Netlist Resource(s)
  -------------------------------------------------------------------    -------------------
                         (clock sys_clk_pin rise edge)
                                                      0.000     0.000 r  
    W5                                                0.000     0.000 r  clk (IN)
                         net (fo=0)                   0.000     0.000    clk
    W5                   IBUF (Prop_ibuf_I_O)         0.226     0.226 r  clk_IBUF_inst/O
                         net (fo=1, routed)           0.631     0.858    clk_IBUF
    BUFGCTRL_X0Y0        BUFG (Prop_bufg_I_O)         0.026     0.884 r  clk_IBUF_BUFG_inst/O
                         net (fo=59, routed)          0.594     1.477    U_Counter/U_Clk_Div_10Hz/clk_IBUF_BUFG
    SLICE_X63Y9          FDCE                                         r  U_Counter/U_Clk_Div_10Hz/tick_reg/C
  -------------------------------------------------------------------    -------------------
    SLICE_X63Y9          FDCE (Prop_fdce_C_Q)         0.141     1.618 r  U_Counter/U_Clk_Div_10Hz/tick_reg/Q
                         net (fo=14, routed)          0.205     1.823    U_Counter/U_Couter_Up_Down/E[0]
    SLICE_X59Y8          FDCE                                         r  U_Counter/U_Couter_Up_Down/counter_reg[11]/CE
  -------------------------------------------------------------------    -------------------

                         (clock sys_clk_pin rise edge)
                                                      0.000     0.000 r  
    W5                                                0.000     0.000 r  clk (IN)
                         net (fo=0)                   0.000     0.000    clk
    W5                   IBUF (Prop_ibuf_I_O)         0.414     0.414 r  clk_IBUF_inst/O
                         net (fo=1, routed)           0.685     1.099    clk_IBUF
    BUFGCTRL_X0Y0        BUFG (Prop_bufg_I_O)         0.029     1.128 r  clk_IBUF_BUFG_inst/O
                         net (fo=59, routed)          0.863     1.990    U_Counter/U_Couter_Up_Down/clk_IBUF_BUFG
    SLICE_X59Y8          FDCE                                         r  U_Counter/U_Couter_Up_Down/counter_reg[11]/C
                         clock pessimism             -0.478     1.512    
    SLICE_X59Y8          FDCE (Hold_fdce_C_CE)       -0.039     1.473    U_Counter/U_Couter_Up_Down/counter_reg[11]
  -------------------------------------------------------------------
                         required time                         -1.473    
                         arrival time                           1.823    
  -------------------------------------------------------------------
                         slack                                  0.350    

Slack (MET) :             0.350ns  (arrival time - required time)
  Source:                 U_Counter/U_Clk_Div_10Hz/tick_reg/C
                            (rising edge-triggered cell FDCE clocked by sys_clk_pin  {rise@0.000ns fall@5.000ns period=10.000ns})
  Destination:            U_Counter/U_Couter_Up_Down/counter_reg[9]/CE
                            (rising edge-triggered cell FDCE clocked by sys_clk_pin  {rise@0.000ns fall@5.000ns period=10.000ns})
  Path Group:             sys_clk_pin
  Path Type:              Hold (Min at Fast Process Corner)
  Requirement:            0.000ns  (sys_clk_pin rise@0.000ns - sys_clk_pin rise@0.000ns)
  Data Path Delay:        0.346ns  (logic 0.141ns (40.747%)  route 0.205ns (59.253%))
  Logic Levels:           0  
  Clock Path Skew:        0.035ns (DCD - SCD - CPR)
    Destination Clock Delay (DCD):    1.990ns
    Source Clock Delay      (SCD):    1.477ns
    Clock Pessimism Removal (CPR):    0.478ns

    Location             Delay type                Incr(ns)  Path(ns)    Netlist Resource(s)
  -------------------------------------------------------------------    -------------------
                         (clock sys_clk_pin rise edge)
                                                      0.000     0.000 r  
    W5                                                0.000     0.000 r  clk (IN)
                         net (fo=0)                   0.000     0.000    clk
    W5                   IBUF (Prop_ibuf_I_O)         0.226     0.226 r  clk_IBUF_inst/O
                         net (fo=1, routed)           0.631     0.858    clk_IBUF
    BUFGCTRL_X0Y0        BUFG (Prop_bufg_I_O)         0.026     0.884 r  clk_IBUF_BUFG_inst/O
                         net (fo=59, routed)          0.594     1.477    U_Counter/U_Clk_Div_10Hz/clk_IBUF_BUFG
    SLICE_X63Y9          FDCE                                         r  U_Counter/U_Clk_Div_10Hz/tick_reg/C
  -------------------------------------------------------------------    -------------------
    SLICE_X63Y9          FDCE (Prop_fdce_C_Q)         0.141     1.618 r  U_Counter/U_Clk_Div_10Hz/tick_reg/Q
                         net (fo=14, routed)          0.205     1.823    U_Counter/U_Couter_Up_Down/E[0]
    SLICE_X59Y8          FDCE                                         r  U_Counter/U_Couter_Up_Down/counter_reg[9]/CE
  -------------------------------------------------------------------    -------------------

                         (clock sys_clk_pin rise edge)
                                                      0.000     0.000 r  
    W5                                                0.000     0.000 r  clk (IN)
                         net (fo=0)                   0.000     0.000    clk
    W5                   IBUF (Prop_ibuf_I_O)         0.414     0.414 r  clk_IBUF_inst/O
                         net (fo=1, routed)           0.685     1.099    clk_IBUF
    BUFGCTRL_X0Y0        BUFG (Prop_bufg_I_O)         0.029     1.128 r  clk_IBUF_BUFG_inst/O
                         net (fo=59, routed)          0.863     1.990    U_Counter/U_Couter_Up_Down/clk_IBUF_BUFG
    SLICE_X59Y8          FDCE                                         r  U_Counter/U_Couter_Up_Down/counter_reg[9]/C
                         clock pessimism             -0.478     1.512    
    SLICE_X59Y8          FDCE (Hold_fdce_C_CE)       -0.039     1.473    U_Counter/U_Couter_Up_Down/counter_reg[9]
  -------------------------------------------------------------------
                         required time                         -1.473    
                         arrival time                           1.823    
  -------------------------------------------------------------------
                         slack                                  0.350    





Pulse Width Checks
--------------------------------------------------------------------------------------
Clock Name:         sys_clk_pin
Waveform(ns):       { 0.000 5.000 }
Period(ns):         10.000
Sources:            { clk }

Check Type        Corner  Lib Pin  Reference Pin  Required(ns)  Actual(ns)  Slack(ns)  Location       Pin
Min Period        n/a     BUFG/I   n/a            2.155         10.000      7.845      BUFGCTRL_X0Y0  clk_IBUF_BUFG_inst/I
Min Period        n/a     FDCE/C   n/a            1.000         10.000      9.000      SLICE_X65Y12   U_Counter/U_Clk_Div_10Hz/div_counter_reg[20]/C
Min Period        n/a     FDCE/C   n/a            1.000         10.000      9.000      SLICE_X65Y13   U_Counter/U_Clk_Div_10Hz/div_counter_reg[21]/C
Min Period        n/a     FDCE/C   n/a            1.000         10.000      9.000      SLICE_X65Y13   U_Counter/U_Clk_Div_10Hz/div_counter_reg[22]/C
Min Period        n/a     FDCE/C   n/a            1.000         10.000      9.000      SLICE_X65Y13   U_Counter/U_Clk_Div_10Hz/div_counter_reg[23]/C
Min Period        n/a     FDCE/C   n/a            1.000         10.000      9.000      SLICE_X65Y8    U_Counter/U_Clk_Div_10Hz/div_counter_reg[2]/C
Min Period        n/a     FDCE/C   n/a            1.000         10.000      9.000      SLICE_X65Y8    U_Counter/U_Clk_Div_10Hz/div_counter_reg[3]/C
Min Period        n/a     FDCE/C   n/a            1.000         10.000      9.000      SLICE_X65Y8    U_Counter/U_Clk_Div_10Hz/div_counter_reg[4]/C
Min Period        n/a     FDCE/C   n/a            1.000         10.000      9.000      SLICE_X65Y9    U_Counter/U_Clk_Div_10Hz/div_counter_reg[5]/C
Min Period        n/a     FDCE/C   n/a            1.000         10.000      9.000      SLICE_X65Y10   U_Counter/U_Clk_Div_10Hz/div_counter_reg[6]/C
Low Pulse Width   Slow    FDCE/C   n/a            0.500         5.000       4.500      SLICE_X56Y15   U_FndController/U_Clk_Div_1kHz/tick_reg/C
Low Pulse Width   Fast    FDCE/C   n/a            0.500         5.000       4.500      SLICE_X65Y12   U_Counter/U_Clk_Div_10Hz/div_counter_reg[20]/C
Low Pulse Width   Fast    FDCE/C   n/a            0.500         5.000       4.500      SLICE_X65Y13   U_Counter/U_Clk_Div_10Hz/div_counter_reg[21]/C
Low Pulse Width   Fast    FDCE/C   n/a            0.500         5.000       4.500      SLICE_X65Y13   U_Counter/U_Clk_Div_10Hz/div_counter_reg[22]/C
Low Pulse Width   Fast    FDCE/C   n/a            0.500         5.000       4.500      SLICE_X65Y13   U_Counter/U_Clk_Div_10Hz/div_counter_reg[23]/C
Low Pulse Width   Slow    FDCE/C   n/a            0.500         5.000       4.500      SLICE_X65Y8    U_Counter/U_Clk_Div_10Hz/div_counter_reg[2]/C
Low Pulse Width   Slow    FDCE/C   n/a            0.500         5.000       4.500      SLICE_X65Y8    U_Counter/U_Clk_Div_10Hz/div_counter_reg[3]/C
Low Pulse Width   Slow    FDCE/C   n/a            0.500         5.000       4.500      SLICE_X65Y8    U_Counter/U_Clk_Div_10Hz/div_counter_reg[4]/C
Low Pulse Width   Fast    FDCE/C   n/a            0.500         5.000       4.500      SLICE_X65Y10   U_Counter/U_Clk_Div_10Hz/div_counter_reg[6]/C
Low Pulse Width   Fast    FDCE/C   n/a            0.500         5.000       4.500      SLICE_X65Y10   U_Counter/U_Clk_Div_10Hz/div_counter_reg[9]/C
High Pulse Width  Slow    FDCE/C   n/a            0.500         5.000       4.500      SLICE_X59Y6    U_Counter/U_Couter_Up_Down/counter_reg[1]/C
High Pulse Width  Slow    FDCE/C   n/a            0.500         5.000       4.500      SLICE_X59Y6    U_Counter/U_Couter_Up_Down/counter_reg[2]/C
High Pulse Width  Slow    FDCE/C   n/a            0.500         5.000       4.500      SLICE_X59Y6    U_Counter/U_Couter_Up_Down/counter_reg[3]/C
High Pulse Width  Slow    FDCE/C   n/a            0.500         5.000       4.500      SLICE_X62Y6    U_Counter/U_Couter_Up_Down/counter_reg[4]/C
High Pulse Width  Slow    FDCE/C   n/a            0.500         5.000       4.500      SLICE_X56Y20   U_FndController/U_Clk_Div_1kHz/div_counter_reg[10]/C
High Pulse Width  Slow    FDCE/C   n/a            0.500         5.000       4.500      SLICE_X54Y19   U_FndController/U_Clk_Div_1kHz/div_counter_reg[8]/C
High Pulse Width  Slow    FDCE/C   n/a            0.500         5.000       4.500      SLICE_X54Y20   U_FndController/U_Clk_Div_1kHz/div_counter_reg[9]/C
High Pulse Width  Slow    FDCE/C   n/a            0.500         5.000       4.500      SLICE_X58Y15   U_FndController/U_Counter_2bit/count_reg[0]/C
High Pulse Width  Fast    FDCE/C   n/a            0.500         5.000       4.500      SLICE_X58Y15   U_FndController/U_Counter_2bit/count_reg[0]/C
High Pulse Width  Slow    FDCE/C   n/a            0.500         5.000       4.500      SLICE_X58Y15   U_FndController/U_Counter_2bit/count_reg[1]/C



