Copyright 1986-2020 Xilinx, Inc. All Rights Reserved.
-----------------------------------------------------------------------------------------------------------------------------------------------------------------------------------------------------------------
| Tool Version : Vivado v.2020.2 (win64) Build 3064766 Wed Nov 18 09:12:45 MST 2020
| Date         : Tue Apr  1 11:47:25 2025
| Host         : DESKTOP-7CFQ9ND running 64-bit major release  (build 9200)
| Command      : report_timing_summary -max_paths 10 -file simple_counter_timing_summary_routed.rpt -pb simple_counter_timing_summary_routed.pb -rpx simple_counter_timing_summary_routed.rpx -warn_on_violation
| Design       : simple_counter
| Device       : 7a35t-cpg236
| Speed File   : -1  PRODUCTION 1.23 2018-06-13
-----------------------------------------------------------------------------------------------------------------------------------------------------------------------------------------------------------------

Timing Summary Report

------------------------------------------------------------------------------------------------
| Timer Settings
| --------------
------------------------------------------------------------------------------------------------

  Enable Multi Corner Analysis               :  Yes
  Enable Pessimism Removal                   :  Yes
  Pessimism Removal Resolution               :  Nearest Common Node
  Enable Input Delay Default Clock           :  No
  Enable Preset / Clear Arcs                 :  No
  Disable Flight Delays                      :  No
  Ignore I/O Paths                           :  No
  Timing Early Launch at Borrowing Latches   :  No
  Borrow Time for Max Delay Exceptions       :  Yes
  Merge Timing Exceptions                    :  Yes

  Corner  Analyze    Analyze    
  Name    Max Paths  Min Paths  
  ------  ---------  ---------  
  Slow    Yes        Yes        
  Fast    Yes        Yes        



check_timing report

Table of Contents
-----------------
1. checking no_clock (2)
2. checking constant_clock (0)
3. checking pulse_width_clock (0)
4. checking unconstrained_internal_endpoints (1)
5. checking no_input_delay (2)
6. checking no_output_delay (11)
7. checking multiple_clock (0)
8. checking generated_clocks (0)
9. checking loops (0)
10. checking partial_input_delay (0)
11. checking partial_output_delay (0)
12. checking latch_loops (0)

1. checking no_clock (2)
------------------------
 There is 1 register/latch pin with no clock driven by root clock pin: mode (HIGH)

 There is 1 register/latch pin with no clock driven by root clock pin: reset (HIGH)


2. checking constant_clock (0)
------------------------------
 There are 0 register/latch pins with constant_clock.


3. checking pulse_width_clock (0)
---------------------------------
 There are 0 register/latch pins which need pulse_width check


4. checking unconstrained_internal_endpoints (1)
------------------------------------------------
 There is 1 pin that is not constrained for maximum delay. (HIGH)

 There are 0 pins that are not constrained for maximum delay due to constant clock.


5. checking no_input_delay (2)
------------------------------
 There are 2 input ports with no input delay specified. (HIGH)

 There are 0 input ports with no input delay but user has a false path constraint.


6. checking no_output_delay (11)
--------------------------------
 There are 11 ports with no output delay specified. (HIGH)

 There are 0 ports with no output delay but user has a false path constraint

 There are 0 ports with no output delay but with a timing clock defined on it or propagating through it


7. checking multiple_clock (0)
------------------------------
 There are 0 register/latch pins with multiple clocks.


8. checking generated_clocks (0)
--------------------------------
 There are 0 generated clocks that are not connected to a clock source.


9. checking loops (0)
---------------------
 There are 0 combinational loops in the design.


10. checking partial_input_delay (0)
------------------------------------
 There are 0 input ports with partial input delay specified.


11. checking partial_output_delay (0)
-------------------------------------
 There are 0 ports with partial output delay specified.


12. checking latch_loops (0)
----------------------------
 There are 0 combinational latch loops in the design through latch input



------------------------------------------------------------------------------------------------
| Design Timing Summary
| ---------------------
------------------------------------------------------------------------------------------------

    WNS(ns)      TNS(ns)  TNS Failing Endpoints  TNS Total Endpoints      WHS(ns)      THS(ns)  THS Failing Endpoints  THS Total Endpoints     WPWS(ns)     TPWS(ns)  TPWS Failing Endpoints  TPWS Total Endpoints  
    -------      -------  ---------------------  -------------------      -------      -------  ---------------------  -------------------     --------     --------  ----------------------  --------------------  
      4.913        0.000                      0                   70        0.174        0.000                      0                   70        4.500        0.000                       0                    71  


All user specified timing constraints are met.


------------------------------------------------------------------------------------------------
| Clock Summary
| -------------
------------------------------------------------------------------------------------------------

Clock        Waveform(ns)       Period(ns)      Frequency(MHz)
-----        ------------       ----------      --------------
sys_clk_pin  {0.000 5.000}      10.000          100.000         


------------------------------------------------------------------------------------------------
| Intra Clock Table
| -----------------
------------------------------------------------------------------------------------------------

Clock             WNS(ns)      TNS(ns)  TNS Failing Endpoints  TNS Total Endpoints      WHS(ns)      THS(ns)  THS Failing Endpoints  THS Total Endpoints     WPWS(ns)     TPWS(ns)  TPWS Failing Endpoints  TPWS Total Endpoints  
-----             -------      -------  ---------------------  -------------------      -------      -------  ---------------------  -------------------     --------     --------  ----------------------  --------------------  
sys_clk_pin         4.913        0.000                      0                   70        0.174        0.000                      0                   70        4.500        0.000                       0                    71  


------------------------------------------------------------------------------------------------
| Inter Clock Table
| -----------------
------------------------------------------------------------------------------------------------

From Clock    To Clock          WNS(ns)      TNS(ns)  TNS Failing Endpoints  TNS Total Endpoints      WHS(ns)      THS(ns)  THS Failing Endpoints  THS Total Endpoints  
----------    --------          -------      -------  ---------------------  -------------------      -------      -------  ---------------------  -------------------  


------------------------------------------------------------------------------------------------
| Other Path Groups Table
| -----------------------
------------------------------------------------------------------------------------------------

Path Group    From Clock    To Clock          WNS(ns)      TNS(ns)  TNS Failing Endpoints  TNS Total Endpoints      WHS(ns)      THS(ns)  THS Failing Endpoints  THS Total Endpoints  
----------    ----------    --------          -------      -------  ---------------------  -------------------      -------      -------  ---------------------  -------------------  


------------------------------------------------------------------------------------------------
| Timing Details
| --------------
------------------------------------------------------------------------------------------------


---------------------------------------------------------------------------------------------------
From Clock:  sys_clk_pin
  To Clock:  sys_clk_pin

Setup :            0  Failing Endpoints,  Worst Slack        4.913ns,  Total Violation        0.000ns
Hold  :            0  Failing Endpoints,  Worst Slack        0.174ns,  Total Violation        0.000ns
PW    :            0  Failing Endpoints,  Worst Slack        4.500ns,  Total Violation        0.000ns
---------------------------------------------------------------------------------------------------


Max Delay Paths
--------------------------------------------------------------------------------------
Slack (MET) :             4.913ns  (required time - arrival time)
  Source:                 clk_div_reg[10]/C
                            (rising edge-triggered cell FDCE clocked by sys_clk_pin  {rise@0.000ns fall@5.000ns period=10.000ns})
  Destination:            clk_div_reg[25]/D
                            (rising edge-triggered cell FDCE clocked by sys_clk_pin  {rise@0.000ns fall@5.000ns period=10.000ns})
  Path Group:             sys_clk_pin
  Path Type:              Setup (Max at Slow Process Corner)
  Requirement:            10.000ns  (sys_clk_pin rise@10.000ns - sys_clk_pin rise@0.000ns)
  Data Path Delay:        5.084ns  (logic 2.264ns (44.530%)  route 2.820ns (55.470%))
  Logic Levels:           10  (CARRY4=7 LUT2=1 LUT6=2)
  Clock Path Skew:        -0.029ns (DCD - SCD + CPR)
    Destination Clock Delay (DCD):    4.849ns = ( 14.849 - 10.000 ) 
    Source Clock Delay      (SCD):    5.152ns
    Clock Pessimism Removal (CPR):    0.274ns
  Clock Uncertainty:      0.035ns  ((TSJ^2 + TIJ^2)^1/2 + DJ) / 2 + PE
    Total System Jitter     (TSJ):    0.071ns
    Total Input Jitter      (TIJ):    0.000ns
    Discrete Jitter          (DJ):    0.000ns
    Phase Error              (PE):    0.000ns

    Location             Delay type                Incr(ns)  Path(ns)    Netlist Resource(s)
  -------------------------------------------------------------------    -------------------
                         (clock sys_clk_pin rise edge)
                                                      0.000     0.000 r  
    W5                                                0.000     0.000 r  clk (IN)
                         net (fo=0)                   0.000     0.000    clk
    W5                   IBUF (Prop_ibuf_I_O)         1.458     1.458 r  clk_IBUF_inst/O
                         net (fo=1, routed)           1.967     3.425    clk_IBUF
    BUFGCTRL_X0Y0        BUFG (Prop_bufg_I_O)         0.096     3.521 r  clk_IBUF_BUFG_inst/O
                         net (fo=70, routed)          1.631     5.152    clk_IBUF_BUFG
    SLICE_X62Y15         FDCE                                         r  clk_div_reg[10]/C
  -------------------------------------------------------------------    -------------------
    SLICE_X62Y15         FDCE (Prop_fdce_C_Q)         0.456     5.608 f  clk_div_reg[10]/Q
                         net (fo=2, routed)           0.982     6.590    clk_div_reg[10]
    SLICE_X63Y16         LUT6 (Prop_lut6_I0_O)        0.124     6.714 f  digit0[2]_i_5/O
                         net (fo=1, routed)           0.996     7.710    digit0[2]_i_5_n_0
    SLICE_X63Y15         LUT6 (Prop_lut6_I0_O)        0.124     7.834 f  digit0[2]_i_4/O
                         net (fo=37, routed)          0.843     8.676    count_tick
    SLICE_X62Y13         LUT2 (Prop_lut2_I1_O)        0.124     8.800 r  clk_div[0]_i_6/O
                         net (fo=1, routed)           0.000     8.800    clk_div[0]_i_6_n_0
    SLICE_X62Y13         CARRY4 (Prop_carry4_S[0]_CO[3])
                                                      0.532     9.332 r  clk_div_reg[0]_i_1/CO[3]
                         net (fo=1, routed)           0.000     9.332    clk_div_reg[0]_i_1_n_0
    SLICE_X62Y14         CARRY4 (Prop_carry4_CI_CO[3])
                                                      0.114     9.446 r  clk_div_reg[4]_i_1/CO[3]
                         net (fo=1, routed)           0.000     9.446    clk_div_reg[4]_i_1_n_0
    SLICE_X62Y15         CARRY4 (Prop_carry4_CI_CO[3])
                                                      0.114     9.560 r  clk_div_reg[8]_i_1/CO[3]
                         net (fo=1, routed)           0.000     9.560    clk_div_reg[8]_i_1_n_0
    SLICE_X62Y16         CARRY4 (Prop_carry4_CI_CO[3])
                                                      0.114     9.674 r  clk_div_reg[12]_i_1/CO[3]
                         net (fo=1, routed)           0.000     9.674    clk_div_reg[12]_i_1_n_0
    SLICE_X62Y17         CARRY4 (Prop_carry4_CI_CO[3])
                                                      0.114     9.788 r  clk_div_reg[16]_i_1/CO[3]
                         net (fo=1, routed)           0.000     9.788    clk_div_reg[16]_i_1_n_0
    SLICE_X62Y18         CARRY4 (Prop_carry4_CI_CO[3])
                                                      0.114     9.902 r  clk_div_reg[20]_i_1/CO[3]
                         net (fo=1, routed)           0.000     9.902    clk_div_reg[20]_i_1_n_0
    SLICE_X62Y19         CARRY4 (Prop_carry4_CI_O[1])
                                                      0.334    10.236 r  clk_div_reg[24]_i_1/O[1]
                         net (fo=1, routed)           0.000    10.236    clk_div_reg[24]_i_1_n_6
    SLICE_X62Y19         FDCE                                         r  clk_div_reg[25]/D
  -------------------------------------------------------------------    -------------------

                         (clock sys_clk_pin rise edge)
                                                     10.000    10.000 r  
    W5                                                0.000    10.000 r  clk (IN)
                         net (fo=0)                   0.000    10.000    clk
    W5                   IBUF (Prop_ibuf_I_O)         1.388    11.388 r  clk_IBUF_inst/O
                         net (fo=1, routed)           1.862    13.250    clk_IBUF
    BUFGCTRL_X0Y0        BUFG (Prop_bufg_I_O)         0.091    13.341 r  clk_IBUF_BUFG_inst/O
                         net (fo=70, routed)          1.508    14.849    clk_IBUF_BUFG
    SLICE_X62Y19         FDCE                                         r  clk_div_reg[25]/C
                         clock pessimism              0.274    15.123    
                         clock uncertainty           -0.035    15.088    
    SLICE_X62Y19         FDCE (Setup_fdce_C_D)        0.062    15.150    clk_div_reg[25]
  -------------------------------------------------------------------
                         required time                         15.150    
                         arrival time                         -10.236    
  -------------------------------------------------------------------
                         slack                                  4.913    

Slack (MET) :             5.008ns  (required time - arrival time)
  Source:                 clk_div_reg[10]/C
                            (rising edge-triggered cell FDCE clocked by sys_clk_pin  {rise@0.000ns fall@5.000ns period=10.000ns})
  Destination:            clk_div_reg[26]/D
                            (rising edge-triggered cell FDCE clocked by sys_clk_pin  {rise@0.000ns fall@5.000ns period=10.000ns})
  Path Group:             sys_clk_pin
  Path Type:              Setup (Max at Slow Process Corner)
  Requirement:            10.000ns  (sys_clk_pin rise@10.000ns - sys_clk_pin rise@0.000ns)
  Data Path Delay:        4.989ns  (logic 2.169ns (43.474%)  route 2.820ns (56.526%))
  Logic Levels:           10  (CARRY4=7 LUT2=1 LUT6=2)
  Clock Path Skew:        -0.029ns (DCD - SCD + CPR)
    Destination Clock Delay (DCD):    4.849ns = ( 14.849 - 10.000 ) 
    Source Clock Delay      (SCD):    5.152ns
    Clock Pessimism Removal (CPR):    0.274ns
  Clock Uncertainty:      0.035ns  ((TSJ^2 + TIJ^2)^1/2 + DJ) / 2 + PE
    Total System Jitter     (TSJ):    0.071ns
    Total Input Jitter      (TIJ):    0.000ns
    Discrete Jitter          (DJ):    0.000ns
    Phase Error              (PE):    0.000ns

    Location             Delay type                Incr(ns)  Path(ns)    Netlist Resource(s)
  -------------------------------------------------------------------    -------------------
                         (clock sys_clk_pin rise edge)
                                                      0.000     0.000 r  
    W5                                                0.000     0.000 r  clk (IN)
                         net (fo=0)                   0.000     0.000    clk
    W5                   IBUF (Prop_ibuf_I_O)         1.458     1.458 r  clk_IBUF_inst/O
                         net (fo=1, routed)           1.967     3.425    clk_IBUF
    BUFGCTRL_X0Y0        BUFG (Prop_bufg_I_O)         0.096     3.521 r  clk_IBUF_BUFG_inst/O
                         net (fo=70, routed)          1.631     5.152    clk_IBUF_BUFG
    SLICE_X62Y15         FDCE                                         r  clk_div_reg[10]/C
  -------------------------------------------------------------------    -------------------
    SLICE_X62Y15         FDCE (Prop_fdce_C_Q)         0.456     5.608 f  clk_div_reg[10]/Q
                         net (fo=2, routed)           0.982     6.590    clk_div_reg[10]
    SLICE_X63Y16         LUT6 (Prop_lut6_I0_O)        0.124     6.714 f  digit0[2]_i_5/O
                         net (fo=1, routed)           0.996     7.710    digit0[2]_i_5_n_0
    SLICE_X63Y15         LUT6 (Prop_lut6_I0_O)        0.124     7.834 f  digit0[2]_i_4/O
                         net (fo=37, routed)          0.843     8.676    count_tick
    SLICE_X62Y13         LUT2 (Prop_lut2_I1_O)        0.124     8.800 r  clk_div[0]_i_6/O
                         net (fo=1, routed)           0.000     8.800    clk_div[0]_i_6_n_0
    SLICE_X62Y13         CARRY4 (Prop_carry4_S[0]_CO[3])
                                                      0.532     9.332 r  clk_div_reg[0]_i_1/CO[3]
                         net (fo=1, routed)           0.000     9.332    clk_div_reg[0]_i_1_n_0
    SLICE_X62Y14         CARRY4 (Prop_carry4_CI_CO[3])
                                                      0.114     9.446 r  clk_div_reg[4]_i_1/CO[3]
                         net (fo=1, routed)           0.000     9.446    clk_div_reg[4]_i_1_n_0
    SLICE_X62Y15         CARRY4 (Prop_carry4_CI_CO[3])
                                                      0.114     9.560 r  clk_div_reg[8]_i_1/CO[3]
                         net (fo=1, routed)           0.000     9.560    clk_div_reg[8]_i_1_n_0
    SLICE_X62Y16         CARRY4 (Prop_carry4_CI_CO[3])
                                                      0.114     9.674 r  clk_div_reg[12]_i_1/CO[3]
                         net (fo=1, routed)           0.000     9.674    clk_div_reg[12]_i_1_n_0
    SLICE_X62Y17         CARRY4 (Prop_carry4_CI_CO[3])
                                                      0.114     9.788 r  clk_div_reg[16]_i_1/CO[3]
                         net (fo=1, routed)           0.000     9.788    clk_div_reg[16]_i_1_n_0
    SLICE_X62Y18         CARRY4 (Prop_carry4_CI_CO[3])
                                                      0.114     9.902 r  clk_div_reg[20]_i_1/CO[3]
                         net (fo=1, routed)           0.000     9.902    clk_div_reg[20]_i_1_n_0
    SLICE_X62Y19         CARRY4 (Prop_carry4_CI_O[2])
                                                      0.239    10.141 r  clk_div_reg[24]_i_1/O[2]
                         net (fo=1, routed)           0.000    10.141    clk_div_reg[24]_i_1_n_5
    SLICE_X62Y19         FDCE                                         r  clk_div_reg[26]/D
  -------------------------------------------------------------------    -------------------

                         (clock sys_clk_pin rise edge)
                                                     10.000    10.000 r  
    W5                                                0.000    10.000 r  clk (IN)
                         net (fo=0)                   0.000    10.000    clk
    W5                   IBUF (Prop_ibuf_I_O)         1.388    11.388 r  clk_IBUF_inst/O
                         net (fo=1, routed)           1.862    13.250    clk_IBUF
    BUFGCTRL_X0Y0        BUFG (Prop_bufg_I_O)         0.091    13.341 r  clk_IBUF_BUFG_inst/O
                         net (fo=70, routed)          1.508    14.849    clk_IBUF_BUFG
    SLICE_X62Y19         FDCE                                         r  clk_div_reg[26]/C
                         clock pessimism              0.274    15.123    
                         clock uncertainty           -0.035    15.088    
    SLICE_X62Y19         FDCE (Setup_fdce_C_D)        0.062    15.150    clk_div_reg[26]
  -------------------------------------------------------------------
                         required time                         15.150    
                         arrival time                         -10.141    
  -------------------------------------------------------------------
                         slack                                  5.008    

Slack (MET) :             5.024ns  (required time - arrival time)
  Source:                 clk_div_reg[10]/C
                            (rising edge-triggered cell FDCE clocked by sys_clk_pin  {rise@0.000ns fall@5.000ns period=10.000ns})
  Destination:            clk_div_reg[24]/D
                            (rising edge-triggered cell FDCE clocked by sys_clk_pin  {rise@0.000ns fall@5.000ns period=10.000ns})
  Path Group:             sys_clk_pin
  Path Type:              Setup (Max at Slow Process Corner)
  Requirement:            10.000ns  (sys_clk_pin rise@10.000ns - sys_clk_pin rise@0.000ns)
  Data Path Delay:        4.973ns  (logic 2.153ns (43.292%)  route 2.820ns (56.708%))
  Logic Levels:           10  (CARRY4=7 LUT2=1 LUT6=2)
  Clock Path Skew:        -0.029ns (DCD - SCD + CPR)
    Destination Clock Delay (DCD):    4.849ns = ( 14.849 - 10.000 ) 
    Source Clock Delay      (SCD):    5.152ns
    Clock Pessimism Removal (CPR):    0.274ns
  Clock Uncertainty:      0.035ns  ((TSJ^2 + TIJ^2)^1/2 + DJ) / 2 + PE
    Total System Jitter     (TSJ):    0.071ns
    Total Input Jitter      (TIJ):    0.000ns
    Discrete Jitter          (DJ):    0.000ns
    Phase Error              (PE):    0.000ns

    Location             Delay type                Incr(ns)  Path(ns)    Netlist Resource(s)
  -------------------------------------------------------------------    -------------------
                         (clock sys_clk_pin rise edge)
                                                      0.000     0.000 r  
    W5                                                0.000     0.000 r  clk (IN)
                         net (fo=0)                   0.000     0.000    clk
    W5                   IBUF (Prop_ibuf_I_O)         1.458     1.458 r  clk_IBUF_inst/O
                         net (fo=1, routed)           1.967     3.425    clk_IBUF
    BUFGCTRL_X0Y0        BUFG (Prop_bufg_I_O)         0.096     3.521 r  clk_IBUF_BUFG_inst/O
                         net (fo=70, routed)          1.631     5.152    clk_IBUF_BUFG
    SLICE_X62Y15         FDCE                                         r  clk_div_reg[10]/C
  -------------------------------------------------------------------    -------------------
    SLICE_X62Y15         FDCE (Prop_fdce_C_Q)         0.456     5.608 f  clk_div_reg[10]/Q
                         net (fo=2, routed)           0.982     6.590    clk_div_reg[10]
    SLICE_X63Y16         LUT6 (Prop_lut6_I0_O)        0.124     6.714 f  digit0[2]_i_5/O
                         net (fo=1, routed)           0.996     7.710    digit0[2]_i_5_n_0
    SLICE_X63Y15         LUT6 (Prop_lut6_I0_O)        0.124     7.834 f  digit0[2]_i_4/O
                         net (fo=37, routed)          0.843     8.676    count_tick
    SLICE_X62Y13         LUT2 (Prop_lut2_I1_O)        0.124     8.800 r  clk_div[0]_i_6/O
                         net (fo=1, routed)           0.000     8.800    clk_div[0]_i_6_n_0
    SLICE_X62Y13         CARRY4 (Prop_carry4_S[0]_CO[3])
                                                      0.532     9.332 r  clk_div_reg[0]_i_1/CO[3]
                         net (fo=1, routed)           0.000     9.332    clk_div_reg[0]_i_1_n_0
    SLICE_X62Y14         CARRY4 (Prop_carry4_CI_CO[3])
                                                      0.114     9.446 r  clk_div_reg[4]_i_1/CO[3]
                         net (fo=1, routed)           0.000     9.446    clk_div_reg[4]_i_1_n_0
    SLICE_X62Y15         CARRY4 (Prop_carry4_CI_CO[3])
                                                      0.114     9.560 r  clk_div_reg[8]_i_1/CO[3]
                         net (fo=1, routed)           0.000     9.560    clk_div_reg[8]_i_1_n_0
    SLICE_X62Y16         CARRY4 (Prop_carry4_CI_CO[3])
                                                      0.114     9.674 r  clk_div_reg[12]_i_1/CO[3]
                         net (fo=1, routed)           0.000     9.674    clk_div_reg[12]_i_1_n_0
    SLICE_X62Y17         CARRY4 (Prop_carry4_CI_CO[3])
                                                      0.114     9.788 r  clk_div_reg[16]_i_1/CO[3]
                         net (fo=1, routed)           0.000     9.788    clk_div_reg[16]_i_1_n_0
    SLICE_X62Y18         CARRY4 (Prop_carry4_CI_CO[3])
                                                      0.114     9.902 r  clk_div_reg[20]_i_1/CO[3]
                         net (fo=1, routed)           0.000     9.902    clk_div_reg[20]_i_1_n_0
    SLICE_X62Y19         CARRY4 (Prop_carry4_CI_O[0])
                                                      0.223    10.125 r  clk_div_reg[24]_i_1/O[0]
                         net (fo=1, routed)           0.000    10.125    clk_div_reg[24]_i_1_n_7
    SLICE_X62Y19         FDCE                                         r  clk_div_reg[24]/D
  -------------------------------------------------------------------    -------------------

                         (clock sys_clk_pin rise edge)
                                                     10.000    10.000 r  
    W5                                                0.000    10.000 r  clk (IN)
                         net (fo=0)                   0.000    10.000    clk
    W5                   IBUF (Prop_ibuf_I_O)         1.388    11.388 r  clk_IBUF_inst/O
                         net (fo=1, routed)           1.862    13.250    clk_IBUF
    BUFGCTRL_X0Y0        BUFG (Prop_bufg_I_O)         0.091    13.341 r  clk_IBUF_BUFG_inst/O
                         net (fo=70, routed)          1.508    14.849    clk_IBUF_BUFG
    SLICE_X62Y19         FDCE                                         r  clk_div_reg[24]/C
                         clock pessimism              0.274    15.123    
                         clock uncertainty           -0.035    15.088    
    SLICE_X62Y19         FDCE (Setup_fdce_C_D)        0.062    15.150    clk_div_reg[24]
  -------------------------------------------------------------------
                         required time                         15.150    
                         arrival time                         -10.125    
  -------------------------------------------------------------------
                         slack                                  5.024    

Slack (MET) :             5.028ns  (required time - arrival time)
  Source:                 clk_div_reg[10]/C
                            (rising edge-triggered cell FDCE clocked by sys_clk_pin  {rise@0.000ns fall@5.000ns period=10.000ns})
  Destination:            clk_div_reg[21]/D
                            (rising edge-triggered cell FDCE clocked by sys_clk_pin  {rise@0.000ns fall@5.000ns period=10.000ns})
  Path Group:             sys_clk_pin
  Path Type:              Setup (Max at Slow Process Corner)
  Requirement:            10.000ns  (sys_clk_pin rise@10.000ns - sys_clk_pin rise@0.000ns)
  Data Path Delay:        4.970ns  (logic 2.150ns (43.258%)  route 2.820ns (56.742%))
  Logic Levels:           9  (CARRY4=6 LUT2=1 LUT6=2)
  Clock Path Skew:        -0.028ns (DCD - SCD + CPR)
    Destination Clock Delay (DCD):    4.850ns = ( 14.850 - 10.000 ) 
    Source Clock Delay      (SCD):    5.152ns
    Clock Pessimism Removal (CPR):    0.274ns
  Clock Uncertainty:      0.035ns  ((TSJ^2 + TIJ^2)^1/2 + DJ) / 2 + PE
    Total System Jitter     (TSJ):    0.071ns
    Total Input Jitter      (TIJ):    0.000ns
    Discrete Jitter          (DJ):    0.000ns
    Phase Error              (PE):    0.000ns

    Location             Delay type                Incr(ns)  Path(ns)    Netlist Resource(s)
  -------------------------------------------------------------------    -------------------
                         (clock sys_clk_pin rise edge)
                                                      0.000     0.000 r  
    W5                                                0.000     0.000 r  clk (IN)
                         net (fo=0)                   0.000     0.000    clk
    W5                   IBUF (Prop_ibuf_I_O)         1.458     1.458 r  clk_IBUF_inst/O
                         net (fo=1, routed)           1.967     3.425    clk_IBUF
    BUFGCTRL_X0Y0        BUFG (Prop_bufg_I_O)         0.096     3.521 r  clk_IBUF_BUFG_inst/O
                         net (fo=70, routed)          1.631     5.152    clk_IBUF_BUFG
    SLICE_X62Y15         FDCE                                         r  clk_div_reg[10]/C
  -------------------------------------------------------------------    -------------------
    SLICE_X62Y15         FDCE (Prop_fdce_C_Q)         0.456     5.608 f  clk_div_reg[10]/Q
                         net (fo=2, routed)           0.982     6.590    clk_div_reg[10]
    SLICE_X63Y16         LUT6 (Prop_lut6_I0_O)        0.124     6.714 f  digit0[2]_i_5/O
                         net (fo=1, routed)           0.996     7.710    digit0[2]_i_5_n_0
    SLICE_X63Y15         LUT6 (Prop_lut6_I0_O)        0.124     7.834 f  digit0[2]_i_4/O
                         net (fo=37, routed)          0.843     8.676    count_tick
    SLICE_X62Y13         LUT2 (Prop_lut2_I1_O)        0.124     8.800 r  clk_div[0]_i_6/O
                         net (fo=1, routed)           0.000     8.800    clk_div[0]_i_6_n_0
    SLICE_X62Y13         CARRY4 (Prop_carry4_S[0]_CO[3])
                                                      0.532     9.332 r  clk_div_reg[0]_i_1/CO[3]
                         net (fo=1, routed)           0.000     9.332    clk_div_reg[0]_i_1_n_0
    SLICE_X62Y14         CARRY4 (Prop_carry4_CI_CO[3])
                                                      0.114     9.446 r  clk_div_reg[4]_i_1/CO[3]
                         net (fo=1, routed)           0.000     9.446    clk_div_reg[4]_i_1_n_0
    SLICE_X62Y15         CARRY4 (Prop_carry4_CI_CO[3])
                                                      0.114     9.560 r  clk_div_reg[8]_i_1/CO[3]
                         net (fo=1, routed)           0.000     9.560    clk_div_reg[8]_i_1_n_0
    SLICE_X62Y16         CARRY4 (Prop_carry4_CI_CO[3])
                                                      0.114     9.674 r  clk_div_reg[12]_i_1/CO[3]
                         net (fo=1, routed)           0.000     9.674    clk_div_reg[12]_i_1_n_0
    SLICE_X62Y17         CARRY4 (Prop_carry4_CI_CO[3])
                                                      0.114     9.788 r  clk_div_reg[16]_i_1/CO[3]
                         net (fo=1, routed)           0.000     9.788    clk_div_reg[16]_i_1_n_0
    SLICE_X62Y18         CARRY4 (Prop_carry4_CI_O[1])
                                                      0.334    10.122 r  clk_div_reg[20]_i_1/O[1]
                         net (fo=1, routed)           0.000    10.122    clk_div_reg[20]_i_1_n_6
    SLICE_X62Y18         FDCE                                         r  clk_div_reg[21]/D
  -------------------------------------------------------------------    -------------------

                         (clock sys_clk_pin rise edge)
                                                     10.000    10.000 r  
    W5                                                0.000    10.000 r  clk (IN)
                         net (fo=0)                   0.000    10.000    clk
    W5                   IBUF (Prop_ibuf_I_O)         1.388    11.388 r  clk_IBUF_inst/O
                         net (fo=1, routed)           1.862    13.250    clk_IBUF
    BUFGCTRL_X0Y0        BUFG (Prop_bufg_I_O)         0.091    13.341 r  clk_IBUF_BUFG_inst/O
                         net (fo=70, routed)          1.509    14.850    clk_IBUF_BUFG
    SLICE_X62Y18         FDCE                                         r  clk_div_reg[21]/C
                         clock pessimism              0.274    15.124    
                         clock uncertainty           -0.035    15.089    
    SLICE_X62Y18         FDCE (Setup_fdce_C_D)        0.062    15.151    clk_div_reg[21]
  -------------------------------------------------------------------
                         required time                         15.151    
                         arrival time                         -10.122    
  -------------------------------------------------------------------
                         slack                                  5.028    

Slack (MET) :             5.049ns  (required time - arrival time)
  Source:                 clk_div_reg[10]/C
                            (rising edge-triggered cell FDCE clocked by sys_clk_pin  {rise@0.000ns fall@5.000ns period=10.000ns})
  Destination:            clk_div_reg[23]/D
                            (rising edge-triggered cell FDCE clocked by sys_clk_pin  {rise@0.000ns fall@5.000ns period=10.000ns})
  Path Group:             sys_clk_pin
  Path Type:              Setup (Max at Slow Process Corner)
  Requirement:            10.000ns  (sys_clk_pin rise@10.000ns - sys_clk_pin rise@0.000ns)
  Data Path Delay:        4.949ns  (logic 2.129ns (43.017%)  route 2.820ns (56.983%))
  Logic Levels:           9  (CARRY4=6 LUT2=1 LUT6=2)
  Clock Path Skew:        -0.028ns (DCD - SCD + CPR)
    Destination Clock Delay (DCD):    4.850ns = ( 14.850 - 10.000 ) 
    Source Clock Delay      (SCD):    5.152ns
    Clock Pessimism Removal (CPR):    0.274ns
  Clock Uncertainty:      0.035ns  ((TSJ^2 + TIJ^2)^1/2 + DJ) / 2 + PE
    Total System Jitter     (TSJ):    0.071ns
    Total Input Jitter      (TIJ):    0.000ns
    Discrete Jitter          (DJ):    0.000ns
    Phase Error              (PE):    0.000ns

    Location             Delay type                Incr(ns)  Path(ns)    Netlist Resource(s)
  -------------------------------------------------------------------    -------------------
                         (clock sys_clk_pin rise edge)
                                                      0.000     0.000 r  
    W5                                                0.000     0.000 r  clk (IN)
                         net (fo=0)                   0.000     0.000    clk
    W5                   IBUF (Prop_ibuf_I_O)         1.458     1.458 r  clk_IBUF_inst/O
                         net (fo=1, routed)           1.967     3.425    clk_IBUF
    BUFGCTRL_X0Y0        BUFG (Prop_bufg_I_O)         0.096     3.521 r  clk_IBUF_BUFG_inst/O
                         net (fo=70, routed)          1.631     5.152    clk_IBUF_BUFG
    SLICE_X62Y15         FDCE                                         r  clk_div_reg[10]/C
  -------------------------------------------------------------------    -------------------
    SLICE_X62Y15         FDCE (Prop_fdce_C_Q)         0.456     5.608 f  clk_div_reg[10]/Q
                         net (fo=2, routed)           0.982     6.590    clk_div_reg[10]
    SLICE_X63Y16         LUT6 (Prop_lut6_I0_O)        0.124     6.714 f  digit0[2]_i_5/O
                         net (fo=1, routed)           0.996     7.710    digit0[2]_i_5_n_0
    SLICE_X63Y15         LUT6 (Prop_lut6_I0_O)        0.124     7.834 f  digit0[2]_i_4/O
                         net (fo=37, routed)          0.843     8.676    count_tick
    SLICE_X62Y13         LUT2 (Prop_lut2_I1_O)        0.124     8.800 r  clk_div[0]_i_6/O
                         net (fo=1, routed)           0.000     8.800    clk_div[0]_i_6_n_0
    SLICE_X62Y13         CARRY4 (Prop_carry4_S[0]_CO[3])
                                                      0.532     9.332 r  clk_div_reg[0]_i_1/CO[3]
                         net (fo=1, routed)           0.000     9.332    clk_div_reg[0]_i_1_n_0
    SLICE_X62Y14         CARRY4 (Prop_carry4_CI_CO[3])
                                                      0.114     9.446 r  clk_div_reg[4]_i_1/CO[3]
                         net (fo=1, routed)           0.000     9.446    clk_div_reg[4]_i_1_n_0
    SLICE_X62Y15         CARRY4 (Prop_carry4_CI_CO[3])
                                                      0.114     9.560 r  clk_div_reg[8]_i_1/CO[3]
                         net (fo=1, routed)           0.000     9.560    clk_div_reg[8]_i_1_n_0
    SLICE_X62Y16         CARRY4 (Prop_carry4_CI_CO[3])
                                                      0.114     9.674 r  clk_div_reg[12]_i_1/CO[3]
                         net (fo=1, routed)           0.000     9.674    clk_div_reg[12]_i_1_n_0
    SLICE_X62Y17         CARRY4 (Prop_carry4_CI_CO[3])
                                                      0.114     9.788 r  clk_div_reg[16]_i_1/CO[3]
                         net (fo=1, routed)           0.000     9.788    clk_div_reg[16]_i_1_n_0
    SLICE_X62Y18         CARRY4 (Prop_carry4_CI_O[3])
                                                      0.313    10.101 r  clk_div_reg[20]_i_1/O[3]
                         net (fo=1, routed)           0.000    10.101    clk_div_reg[20]_i_1_n_4
    SLICE_X62Y18         FDCE                                         r  clk_div_reg[23]/D
  -------------------------------------------------------------------    -------------------

                         (clock sys_clk_pin rise edge)
                                                     10.000    10.000 r  
    W5                                                0.000    10.000 r  clk (IN)
                         net (fo=0)                   0.000    10.000    clk
    W5                   IBUF (Prop_ibuf_I_O)         1.388    11.388 r  clk_IBUF_inst/O
                         net (fo=1, routed)           1.862    13.250    clk_IBUF
    BUFGCTRL_X0Y0        BUFG (Prop_bufg_I_O)         0.091    13.341 r  clk_IBUF_BUFG_inst/O
                         net (fo=70, routed)          1.509    14.850    clk_IBUF_BUFG
    SLICE_X62Y18         FDCE                                         r  clk_div_reg[23]/C
                         clock pessimism              0.274    15.124    
                         clock uncertainty           -0.035    15.089    
    SLICE_X62Y18         FDCE (Setup_fdce_C_D)        0.062    15.151    clk_div_reg[23]
  -------------------------------------------------------------------
                         required time                         15.151    
                         arrival time                         -10.101    
  -------------------------------------------------------------------
                         slack                                  5.049    

Slack (MET) :             5.117ns  (required time - arrival time)
  Source:                 clk_div_reg[10]/C
                            (rising edge-triggered cell FDCE clocked by sys_clk_pin  {rise@0.000ns fall@5.000ns period=10.000ns})
  Destination:            digit3_reg[0]_C/D
                            (rising edge-triggered cell FDCE clocked by sys_clk_pin  {rise@0.000ns fall@5.000ns period=10.000ns})
  Path Group:             sys_clk_pin
  Path Type:              Setup (Max at Slow Process Corner)
  Requirement:            10.000ns  (sys_clk_pin rise@10.000ns - sys_clk_pin rise@0.000ns)
  Data Path Delay:        4.829ns  (logic 0.952ns (19.712%)  route 3.877ns (80.288%))
  Logic Levels:           4  (LUT3=1 LUT6=3)
  Clock Path Skew:        -0.047ns (DCD - SCD + CPR)
    Destination Clock Delay (DCD):    4.845ns = ( 14.845 - 10.000 ) 
    Source Clock Delay      (SCD):    5.152ns
    Clock Pessimism Removal (CPR):    0.260ns
  Clock Uncertainty:      0.035ns  ((TSJ^2 + TIJ^2)^1/2 + DJ) / 2 + PE
    Total System Jitter     (TSJ):    0.071ns
    Total Input Jitter      (TIJ):    0.000ns
    Discrete Jitter          (DJ):    0.000ns
    Phase Error              (PE):    0.000ns

    Location             Delay type                Incr(ns)  Path(ns)    Netlist Resource(s)
  -------------------------------------------------------------------    -------------------
                         (clock sys_clk_pin rise edge)
                                                      0.000     0.000 r  
    W5                                                0.000     0.000 r  clk (IN)
                         net (fo=0)                   0.000     0.000    clk
    W5                   IBUF (Prop_ibuf_I_O)         1.458     1.458 r  clk_IBUF_inst/O
                         net (fo=1, routed)           1.967     3.425    clk_IBUF
    BUFGCTRL_X0Y0        BUFG (Prop_bufg_I_O)         0.096     3.521 r  clk_IBUF_BUFG_inst/O
                         net (fo=70, routed)          1.631     5.152    clk_IBUF_BUFG
    SLICE_X62Y15         FDCE                                         r  clk_div_reg[10]/C
  -------------------------------------------------------------------    -------------------
    SLICE_X62Y15         FDCE (Prop_fdce_C_Q)         0.456     5.608 r  clk_div_reg[10]/Q
                         net (fo=2, routed)           0.982     6.590    clk_div_reg[10]
    SLICE_X63Y16         LUT6 (Prop_lut6_I0_O)        0.124     6.714 r  digit0[2]_i_5/O
                         net (fo=1, routed)           0.996     7.710    digit0[2]_i_5_n_0
    SLICE_X63Y15         LUT6 (Prop_lut6_I0_O)        0.124     7.834 r  digit0[2]_i_4/O
                         net (fo=37, routed)          1.281     9.115    count_tick
    SLICE_X61Y22         LUT6 (Prop_lut6_I3_O)        0.124     9.239 r  digit3[2]_i_4/O
                         net (fo=6, routed)           0.619     9.858    digit3
    SLICE_X58Y22         LUT3 (Prop_lut3_I1_O)        0.124     9.982 r  digit3[0]_C_i_1/O
                         net (fo=1, routed)           0.000     9.982    digit3[0]_C_i_1_n_0
    SLICE_X58Y22         FDCE                                         r  digit3_reg[0]_C/D
  -------------------------------------------------------------------    -------------------

                         (clock sys_clk_pin rise edge)
                                                     10.000    10.000 r  
    W5                                                0.000    10.000 r  clk (IN)
                         net (fo=0)                   0.000    10.000    clk
    W5                   IBUF (Prop_ibuf_I_O)         1.388    11.388 r  clk_IBUF_inst/O
                         net (fo=1, routed)           1.862    13.250    clk_IBUF
    BUFGCTRL_X0Y0        BUFG (Prop_bufg_I_O)         0.091    13.341 r  clk_IBUF_BUFG_inst/O
                         net (fo=70, routed)          1.504    14.845    clk_IBUF_BUFG
    SLICE_X58Y22         FDCE                                         r  digit3_reg[0]_C/C
                         clock pessimism              0.260    15.105    
                         clock uncertainty           -0.035    15.070    
    SLICE_X58Y22         FDCE (Setup_fdce_C_D)        0.029    15.099    digit3_reg[0]_C
  -------------------------------------------------------------------
                         required time                         15.099    
                         arrival time                          -9.982    
  -------------------------------------------------------------------
                         slack                                  5.117    

Slack (MET) :             5.123ns  (required time - arrival time)
  Source:                 clk_div_reg[10]/C
                            (rising edge-triggered cell FDCE clocked by sys_clk_pin  {rise@0.000ns fall@5.000ns period=10.000ns})
  Destination:            clk_div_reg[22]/D
                            (rising edge-triggered cell FDCE clocked by sys_clk_pin  {rise@0.000ns fall@5.000ns period=10.000ns})
  Path Group:             sys_clk_pin
  Path Type:              Setup (Max at Slow Process Corner)
  Requirement:            10.000ns  (sys_clk_pin rise@10.000ns - sys_clk_pin rise@0.000ns)
  Data Path Delay:        4.875ns  (logic 2.055ns (42.152%)  route 2.820ns (57.848%))
  Logic Levels:           9  (CARRY4=6 LUT2=1 LUT6=2)
  Clock Path Skew:        -0.028ns (DCD - SCD + CPR)
    Destination Clock Delay (DCD):    4.850ns = ( 14.850 - 10.000 ) 
    Source Clock Delay      (SCD):    5.152ns
    Clock Pessimism Removal (CPR):    0.274ns
  Clock Uncertainty:      0.035ns  ((TSJ^2 + TIJ^2)^1/2 + DJ) / 2 + PE
    Total System Jitter     (TSJ):    0.071ns
    Total Input Jitter      (TIJ):    0.000ns
    Discrete Jitter          (DJ):    0.000ns
    Phase Error              (PE):    0.000ns

    Location             Delay type                Incr(ns)  Path(ns)    Netlist Resource(s)
  -------------------------------------------------------------------    -------------------
                         (clock sys_clk_pin rise edge)
                                                      0.000     0.000 r  
    W5                                                0.000     0.000 r  clk (IN)
                         net (fo=0)                   0.000     0.000    clk
    W5                   IBUF (Prop_ibuf_I_O)         1.458     1.458 r  clk_IBUF_inst/O
                         net (fo=1, routed)           1.967     3.425    clk_IBUF
    BUFGCTRL_X0Y0        BUFG (Prop_bufg_I_O)         0.096     3.521 r  clk_IBUF_BUFG_inst/O
                         net (fo=70, routed)          1.631     5.152    clk_IBUF_BUFG
    SLICE_X62Y15         FDCE                                         r  clk_div_reg[10]/C
  -------------------------------------------------------------------    -------------------
    SLICE_X62Y15         FDCE (Prop_fdce_C_Q)         0.456     5.608 f  clk_div_reg[10]/Q
                         net (fo=2, routed)           0.982     6.590    clk_div_reg[10]
    SLICE_X63Y16         LUT6 (Prop_lut6_I0_O)        0.124     6.714 f  digit0[2]_i_5/O
                         net (fo=1, routed)           0.996     7.710    digit0[2]_i_5_n_0
    SLICE_X63Y15         LUT6 (Prop_lut6_I0_O)        0.124     7.834 f  digit0[2]_i_4/O
                         net (fo=37, routed)          0.843     8.676    count_tick
    SLICE_X62Y13         LUT2 (Prop_lut2_I1_O)        0.124     8.800 r  clk_div[0]_i_6/O
                         net (fo=1, routed)           0.000     8.800    clk_div[0]_i_6_n_0
    SLICE_X62Y13         CARRY4 (Prop_carry4_S[0]_CO[3])
                                                      0.532     9.332 r  clk_div_reg[0]_i_1/CO[3]
                         net (fo=1, routed)           0.000     9.332    clk_div_reg[0]_i_1_n_0
    SLICE_X62Y14         CARRY4 (Prop_carry4_CI_CO[3])
                                                      0.114     9.446 r  clk_div_reg[4]_i_1/CO[3]
                         net (fo=1, routed)           0.000     9.446    clk_div_reg[4]_i_1_n_0
    SLICE_X62Y15         CARRY4 (Prop_carry4_CI_CO[3])
                                                      0.114     9.560 r  clk_div_reg[8]_i_1/CO[3]
                         net (fo=1, routed)           0.000     9.560    clk_div_reg[8]_i_1_n_0
    SLICE_X62Y16         CARRY4 (Prop_carry4_CI_CO[3])
                                                      0.114     9.674 r  clk_div_reg[12]_i_1/CO[3]
                         net (fo=1, routed)           0.000     9.674    clk_div_reg[12]_i_1_n_0
    SLICE_X62Y17         CARRY4 (Prop_carry4_CI_CO[3])
                                                      0.114     9.788 r  clk_div_reg[16]_i_1/CO[3]
                         net (fo=1, routed)           0.000     9.788    clk_div_reg[16]_i_1_n_0
    SLICE_X62Y18         CARRY4 (Prop_carry4_CI_O[2])
                                                      0.239    10.027 r  clk_div_reg[20]_i_1/O[2]
                         net (fo=1, routed)           0.000    10.027    clk_div_reg[20]_i_1_n_5
    SLICE_X62Y18         FDCE                                         r  clk_div_reg[22]/D
  -------------------------------------------------------------------    -------------------

                         (clock sys_clk_pin rise edge)
                                                     10.000    10.000 r  
    W5                                                0.000    10.000 r  clk (IN)
                         net (fo=0)                   0.000    10.000    clk
    W5                   IBUF (Prop_ibuf_I_O)         1.388    11.388 r  clk_IBUF_inst/O
                         net (fo=1, routed)           1.862    13.250    clk_IBUF
    BUFGCTRL_X0Y0        BUFG (Prop_bufg_I_O)         0.091    13.341 r  clk_IBUF_BUFG_inst/O
                         net (fo=70, routed)          1.509    14.850    clk_IBUF_BUFG
    SLICE_X62Y18         FDCE                                         r  clk_div_reg[22]/C
                         clock pessimism              0.274    15.124    
                         clock uncertainty           -0.035    15.089    
    SLICE_X62Y18         FDCE (Setup_fdce_C_D)        0.062    15.151    clk_div_reg[22]
  -------------------------------------------------------------------
                         required time                         15.151    
                         arrival time                         -10.027    
  -------------------------------------------------------------------
                         slack                                  5.123    

Slack (MET) :             5.139ns  (required time - arrival time)
  Source:                 clk_div_reg[10]/C
                            (rising edge-triggered cell FDCE clocked by sys_clk_pin  {rise@0.000ns fall@5.000ns period=10.000ns})
  Destination:            clk_div_reg[20]/D
                            (rising edge-triggered cell FDCE clocked by sys_clk_pin  {rise@0.000ns fall@5.000ns period=10.000ns})
  Path Group:             sys_clk_pin
  Path Type:              Setup (Max at Slow Process Corner)
  Requirement:            10.000ns  (sys_clk_pin rise@10.000ns - sys_clk_pin rise@0.000ns)
  Data Path Delay:        4.859ns  (logic 2.039ns (41.962%)  route 2.820ns (58.038%))
  Logic Levels:           9  (CARRY4=6 LUT2=1 LUT6=2)
  Clock Path Skew:        -0.028ns (DCD - SCD + CPR)
    Destination Clock Delay (DCD):    4.850ns = ( 14.850 - 10.000 ) 
    Source Clock Delay      (SCD):    5.152ns
    Clock Pessimism Removal (CPR):    0.274ns
  Clock Uncertainty:      0.035ns  ((TSJ^2 + TIJ^2)^1/2 + DJ) / 2 + PE
    Total System Jitter     (TSJ):    0.071ns
    Total Input Jitter      (TIJ):    0.000ns
    Discrete Jitter          (DJ):    0.000ns
    Phase Error              (PE):    0.000ns

    Location             Delay type                Incr(ns)  Path(ns)    Netlist Resource(s)
  -------------------------------------------------------------------    -------------------
                         (clock sys_clk_pin rise edge)
                                                      0.000     0.000 r  
    W5                                                0.000     0.000 r  clk (IN)
                         net (fo=0)                   0.000     0.000    clk
    W5                   IBUF (Prop_ibuf_I_O)         1.458     1.458 r  clk_IBUF_inst/O
                         net (fo=1, routed)           1.967     3.425    clk_IBUF
    BUFGCTRL_X0Y0        BUFG (Prop_bufg_I_O)         0.096     3.521 r  clk_IBUF_BUFG_inst/O
                         net (fo=70, routed)          1.631     5.152    clk_IBUF_BUFG
    SLICE_X62Y15         FDCE                                         r  clk_div_reg[10]/C
  -------------------------------------------------------------------    -------------------
    SLICE_X62Y15         FDCE (Prop_fdce_C_Q)         0.456     5.608 f  clk_div_reg[10]/Q
                         net (fo=2, routed)           0.982     6.590    clk_div_reg[10]
    SLICE_X63Y16         LUT6 (Prop_lut6_I0_O)        0.124     6.714 f  digit0[2]_i_5/O
                         net (fo=1, routed)           0.996     7.710    digit0[2]_i_5_n_0
    SLICE_X63Y15         LUT6 (Prop_lut6_I0_O)        0.124     7.834 f  digit0[2]_i_4/O
                         net (fo=37, routed)          0.843     8.676    count_tick
    SLICE_X62Y13         LUT2 (Prop_lut2_I1_O)        0.124     8.800 r  clk_div[0]_i_6/O
                         net (fo=1, routed)           0.000     8.800    clk_div[0]_i_6_n_0
    SLICE_X62Y13         CARRY4 (Prop_carry4_S[0]_CO[3])
                                                      0.532     9.332 r  clk_div_reg[0]_i_1/CO[3]
                         net (fo=1, routed)           0.000     9.332    clk_div_reg[0]_i_1_n_0
    SLICE_X62Y14         CARRY4 (Prop_carry4_CI_CO[3])
                                                      0.114     9.446 r  clk_div_reg[4]_i_1/CO[3]
                         net (fo=1, routed)           0.000     9.446    clk_div_reg[4]_i_1_n_0
    SLICE_X62Y15         CARRY4 (Prop_carry4_CI_CO[3])
                                                      0.114     9.560 r  clk_div_reg[8]_i_1/CO[3]
                         net (fo=1, routed)           0.000     9.560    clk_div_reg[8]_i_1_n_0
    SLICE_X62Y16         CARRY4 (Prop_carry4_CI_CO[3])
                                                      0.114     9.674 r  clk_div_reg[12]_i_1/CO[3]
                         net (fo=1, routed)           0.000     9.674    clk_div_reg[12]_i_1_n_0
    SLICE_X62Y17         CARRY4 (Prop_carry4_CI_CO[3])
                                                      0.114     9.788 r  clk_div_reg[16]_i_1/CO[3]
                         net (fo=1, routed)           0.000     9.788    clk_div_reg[16]_i_1_n_0
    SLICE_X62Y18         CARRY4 (Prop_carry4_CI_O[0])
                                                      0.223    10.011 r  clk_div_reg[20]_i_1/O[0]
                         net (fo=1, routed)           0.000    10.011    clk_div_reg[20]_i_1_n_7
    SLICE_X62Y18         FDCE                                         r  clk_div_reg[20]/D
  -------------------------------------------------------------------    -------------------

                         (clock sys_clk_pin rise edge)
                                                     10.000    10.000 r  
    W5                                                0.000    10.000 r  clk (IN)
                         net (fo=0)                   0.000    10.000    clk
    W5                   IBUF (Prop_ibuf_I_O)         1.388    11.388 r  clk_IBUF_inst/O
                         net (fo=1, routed)           1.862    13.250    clk_IBUF
    BUFGCTRL_X0Y0        BUFG (Prop_bufg_I_O)         0.091    13.341 r  clk_IBUF_BUFG_inst/O
                         net (fo=70, routed)          1.509    14.850    clk_IBUF_BUFG
    SLICE_X62Y18         FDCE                                         r  clk_div_reg[20]/C
                         clock pessimism              0.274    15.124    
                         clock uncertainty           -0.035    15.089    
    SLICE_X62Y18         FDCE (Setup_fdce_C_D)        0.062    15.151    clk_div_reg[20]
  -------------------------------------------------------------------
                         required time                         15.151    
                         arrival time                         -10.011    
  -------------------------------------------------------------------
                         slack                                  5.139    

Slack (MET) :             5.144ns  (required time - arrival time)
  Source:                 clk_div_reg[10]/C
                            (rising edge-triggered cell FDCE clocked by sys_clk_pin  {rise@0.000ns fall@5.000ns period=10.000ns})
  Destination:            clk_div_reg[17]/D
                            (rising edge-triggered cell FDCE clocked by sys_clk_pin  {rise@0.000ns fall@5.000ns period=10.000ns})
  Path Group:             sys_clk_pin
  Path Type:              Setup (Max at Slow Process Corner)
  Requirement:            10.000ns  (sys_clk_pin rise@10.000ns - sys_clk_pin rise@0.000ns)
  Data Path Delay:        4.856ns  (logic 2.036ns (41.926%)  route 2.820ns (58.074%))
  Logic Levels:           8  (CARRY4=5 LUT2=1 LUT6=2)
  Clock Path Skew:        -0.026ns (DCD - SCD + CPR)
    Destination Clock Delay (DCD):    4.852ns = ( 14.852 - 10.000 ) 
    Source Clock Delay      (SCD):    5.152ns
    Clock Pessimism Removal (CPR):    0.274ns
  Clock Uncertainty:      0.035ns  ((TSJ^2 + TIJ^2)^1/2 + DJ) / 2 + PE
    Total System Jitter     (TSJ):    0.071ns
    Total Input Jitter      (TIJ):    0.000ns
    Discrete Jitter          (DJ):    0.000ns
    Phase Error              (PE):    0.000ns

    Location             Delay type                Incr(ns)  Path(ns)    Netlist Resource(s)
  -------------------------------------------------------------------    -------------------
                         (clock sys_clk_pin rise edge)
                                                      0.000     0.000 r  
    W5                                                0.000     0.000 r  clk (IN)
                         net (fo=0)                   0.000     0.000    clk
    W5                   IBUF (Prop_ibuf_I_O)         1.458     1.458 r  clk_IBUF_inst/O
                         net (fo=1, routed)           1.967     3.425    clk_IBUF
    BUFGCTRL_X0Y0        BUFG (Prop_bufg_I_O)         0.096     3.521 r  clk_IBUF_BUFG_inst/O
                         net (fo=70, routed)          1.631     5.152    clk_IBUF_BUFG
    SLICE_X62Y15         FDCE                                         r  clk_div_reg[10]/C
  -------------------------------------------------------------------    -------------------
    SLICE_X62Y15         FDCE (Prop_fdce_C_Q)         0.456     5.608 f  clk_div_reg[10]/Q
                         net (fo=2, routed)           0.982     6.590    clk_div_reg[10]
    SLICE_X63Y16         LUT6 (Prop_lut6_I0_O)        0.124     6.714 f  digit0[2]_i_5/O
                         net (fo=1, routed)           0.996     7.710    digit0[2]_i_5_n_0
    SLICE_X63Y15         LUT6 (Prop_lut6_I0_O)        0.124     7.834 f  digit0[2]_i_4/O
                         net (fo=37, routed)          0.843     8.676    count_tick
    SLICE_X62Y13         LUT2 (Prop_lut2_I1_O)        0.124     8.800 r  clk_div[0]_i_6/O
                         net (fo=1, routed)           0.000     8.800    clk_div[0]_i_6_n_0
    SLICE_X62Y13         CARRY4 (Prop_carry4_S[0]_CO[3])
                                                      0.532     9.332 r  clk_div_reg[0]_i_1/CO[3]
                         net (fo=1, routed)           0.000     9.332    clk_div_reg[0]_i_1_n_0
    SLICE_X62Y14         CARRY4 (Prop_carry4_CI_CO[3])
                                                      0.114     9.446 r  clk_div_reg[4]_i_1/CO[3]
                         net (fo=1, routed)           0.000     9.446    clk_div_reg[4]_i_1_n_0
    SLICE_X62Y15         CARRY4 (Prop_carry4_CI_CO[3])
                                                      0.114     9.560 r  clk_div_reg[8]_i_1/CO[3]
                         net (fo=1, routed)           0.000     9.560    clk_div_reg[8]_i_1_n_0
    SLICE_X62Y16         CARRY4 (Prop_carry4_CI_CO[3])
                                                      0.114     9.674 r  clk_div_reg[12]_i_1/CO[3]
                         net (fo=1, routed)           0.000     9.674    clk_div_reg[12]_i_1_n_0
    SLICE_X62Y17         CARRY4 (Prop_carry4_CI_O[1])
                                                      0.334    10.008 r  clk_div_reg[16]_i_1/O[1]
                         net (fo=1, routed)           0.000    10.008    clk_div_reg[16]_i_1_n_6
    SLICE_X62Y17         FDCE                                         r  clk_div_reg[17]/D
  -------------------------------------------------------------------    -------------------

                         (clock sys_clk_pin rise edge)
                                                     10.000    10.000 r  
    W5                                                0.000    10.000 r  clk (IN)
                         net (fo=0)                   0.000    10.000    clk
    W5                   IBUF (Prop_ibuf_I_O)         1.388    11.388 r  clk_IBUF_inst/O
                         net (fo=1, routed)           1.862    13.250    clk_IBUF
    BUFGCTRL_X0Y0        BUFG (Prop_bufg_I_O)         0.091    13.341 r  clk_IBUF_BUFG_inst/O
                         net (fo=70, routed)          1.511    14.852    clk_IBUF_BUFG
    SLICE_X62Y17         FDCE                                         r  clk_div_reg[17]/C
                         clock pessimism              0.274    15.126    
                         clock uncertainty           -0.035    15.091    
    SLICE_X62Y17         FDCE (Setup_fdce_C_D)        0.062    15.153    clk_div_reg[17]
  -------------------------------------------------------------------
                         required time                         15.153    
                         arrival time                         -10.008    
  -------------------------------------------------------------------
                         slack                                  5.144    

Slack (MET) :             5.149ns  (required time - arrival time)
  Source:                 clk_div_reg[10]/C
                            (rising edge-triggered cell FDCE clocked by sys_clk_pin  {rise@0.000ns fall@5.000ns period=10.000ns})
  Destination:            digit3_reg[0]_P/D
                            (rising edge-triggered cell FDPE clocked by sys_clk_pin  {rise@0.000ns fall@5.000ns period=10.000ns})
  Path Group:             sys_clk_pin
  Path Type:              Setup (Max at Slow Process Corner)
  Requirement:            10.000ns  (sys_clk_pin rise@10.000ns - sys_clk_pin rise@0.000ns)
  Data Path Delay:        4.797ns  (logic 0.952ns (19.845%)  route 3.845ns (80.155%))
  Logic Levels:           4  (LUT3=1 LUT6=3)
  Clock Path Skew:        -0.047ns (DCD - SCD + CPR)
    Destination Clock Delay (DCD):    4.845ns = ( 14.845 - 10.000 ) 
    Source Clock Delay      (SCD):    5.152ns
    Clock Pessimism Removal (CPR):    0.260ns
  Clock Uncertainty:      0.035ns  ((TSJ^2 + TIJ^2)^1/2 + DJ) / 2 + PE
    Total System Jitter     (TSJ):    0.071ns
    Total Input Jitter      (TIJ):    0.000ns
    Discrete Jitter          (DJ):    0.000ns
    Phase Error              (PE):    0.000ns

    Location             Delay type                Incr(ns)  Path(ns)    Netlist Resource(s)
  -------------------------------------------------------------------    -------------------
                         (clock sys_clk_pin rise edge)
                                                      0.000     0.000 r  
    W5                                                0.000     0.000 r  clk (IN)
                         net (fo=0)                   0.000     0.000    clk
    W5                   IBUF (Prop_ibuf_I_O)         1.458     1.458 r  clk_IBUF_inst/O
                         net (fo=1, routed)           1.967     3.425    clk_IBUF
    BUFGCTRL_X0Y0        BUFG (Prop_bufg_I_O)         0.096     3.521 r  clk_IBUF_BUFG_inst/O
                         net (fo=70, routed)          1.631     5.152    clk_IBUF_BUFG
    SLICE_X62Y15         FDCE                                         r  clk_div_reg[10]/C
  -------------------------------------------------------------------    -------------------
    SLICE_X62Y15         FDCE (Prop_fdce_C_Q)         0.456     5.608 r  clk_div_reg[10]/Q
                         net (fo=2, routed)           0.982     6.590    clk_div_reg[10]
    SLICE_X63Y16         LUT6 (Prop_lut6_I0_O)        0.124     6.714 r  digit0[2]_i_5/O
                         net (fo=1, routed)           0.996     7.710    digit0[2]_i_5_n_0
    SLICE_X63Y15         LUT6 (Prop_lut6_I0_O)        0.124     7.834 r  digit0[2]_i_4/O
                         net (fo=37, routed)          1.281     9.115    count_tick
    SLICE_X61Y22         LUT6 (Prop_lut6_I3_O)        0.124     9.239 r  digit3[2]_i_4/O
                         net (fo=6, routed)           0.587     9.826    digit3
    SLICE_X59Y22         LUT3 (Prop_lut3_I1_O)        0.124     9.950 r  digit3[0]_P_i_1/O
                         net (fo=1, routed)           0.000     9.950    digit3[0]_P_i_1_n_0
    SLICE_X59Y22         FDPE                                         r  digit3_reg[0]_P/D
  -------------------------------------------------------------------    -------------------

                         (clock sys_clk_pin rise edge)
                                                     10.000    10.000 r  
    W5                                                0.000    10.000 r  clk (IN)
                         net (fo=0)                   0.000    10.000    clk
    W5                   IBUF (Prop_ibuf_I_O)         1.388    11.388 r  clk_IBUF_inst/O
                         net (fo=1, routed)           1.862    13.250    clk_IBUF
    BUFGCTRL_X0Y0        BUFG (Prop_bufg_I_O)         0.091    13.341 r  clk_IBUF_BUFG_inst/O
                         net (fo=70, routed)          1.504    14.845    clk_IBUF_BUFG
    SLICE_X59Y22         FDPE                                         r  digit3_reg[0]_P/C
                         clock pessimism              0.260    15.105    
                         clock uncertainty           -0.035    15.070    
    SLICE_X59Y22         FDPE (Setup_fdpe_C_D)        0.029    15.099    digit3_reg[0]_P
  -------------------------------------------------------------------
                         required time                         15.099    
                         arrival time                          -9.950    
  -------------------------------------------------------------------
                         slack                                  5.149    





Min Delay Paths
--------------------------------------------------------------------------------------
Slack (MET) :             0.174ns  (arrival time - required time)
  Source:                 digit0_reg[2]/C
                            (rising edge-triggered cell FDCE clocked by sys_clk_pin  {rise@0.000ns fall@5.000ns period=10.000ns})
  Destination:            digit0_reg[1]/D
                            (rising edge-triggered cell FDCE clocked by sys_clk_pin  {rise@0.000ns fall@5.000ns period=10.000ns})
  Path Group:             sys_clk_pin
  Path Type:              Hold (Min at Fast Process Corner)
  Requirement:            0.000ns  (sys_clk_pin rise@0.000ns - sys_clk_pin rise@0.000ns)
  Data Path Delay:        0.307ns  (logic 0.186ns (60.498%)  route 0.121ns (39.502%))
  Logic Levels:           1  (LUT6=1)
  Clock Path Skew:        0.013ns (DCD - SCD - CPR)
    Destination Clock Delay (DCD):    1.980ns
    Source Clock Delay      (SCD):    1.468ns
    Clock Pessimism Removal (CPR):    0.499ns

    Location             Delay type                Incr(ns)  Path(ns)    Netlist Resource(s)
  -------------------------------------------------------------------    -------------------
                         (clock sys_clk_pin rise edge)
                                                      0.000     0.000 r  
    W5                                                0.000     0.000 r  clk (IN)
                         net (fo=0)                   0.000     0.000    clk
    W5                   IBUF (Prop_ibuf_I_O)         0.226     0.226 r  clk_IBUF_inst/O
                         net (fo=1, routed)           0.631     0.858    clk_IBUF
    BUFGCTRL_X0Y0        BUFG (Prop_bufg_I_O)         0.026     0.884 r  clk_IBUF_BUFG_inst/O
                         net (fo=70, routed)          0.585     1.468    clk_IBUF_BUFG
    SLICE_X61Y20         FDCE                                         r  digit0_reg[2]/C
  -------------------------------------------------------------------    -------------------
    SLICE_X61Y20         FDCE (Prop_fdce_C_Q)         0.141     1.609 r  digit0_reg[2]/Q
                         net (fo=8, routed)           0.121     1.731    digit0[2]
    SLICE_X60Y20         LUT6 (Prop_lut6_I0_O)        0.045     1.776 r  digit0[1]_i_1/O
                         net (fo=1, routed)           0.000     1.776    digit0[1]_i_1_n_0
    SLICE_X60Y20         FDCE                                         r  digit0_reg[1]/D
  -------------------------------------------------------------------    -------------------

                         (clock sys_clk_pin rise edge)
                                                      0.000     0.000 r  
    W5                                                0.000     0.000 r  clk (IN)
                         net (fo=0)                   0.000     0.000    clk
    W5                   IBUF (Prop_ibuf_I_O)         0.414     0.414 r  clk_IBUF_inst/O
                         net (fo=1, routed)           0.685     1.099    clk_IBUF
    BUFGCTRL_X0Y0        BUFG (Prop_bufg_I_O)         0.029     1.128 r  clk_IBUF_BUFG_inst/O
                         net (fo=70, routed)          0.853     1.980    clk_IBUF_BUFG
    SLICE_X60Y20         FDCE                                         r  digit0_reg[1]/C
                         clock pessimism             -0.499     1.481    
    SLICE_X60Y20         FDCE (Hold_fdce_C_D)         0.120     1.601    digit0_reg[1]
  -------------------------------------------------------------------
                         required time                         -1.601    
                         arrival time                           1.776    
  -------------------------------------------------------------------
                         slack                                  0.174    

Slack (MET) :             0.245ns  (arrival time - required time)
  Source:                 digit0_reg[0]_P/C
                            (rising edge-triggered cell FDPE clocked by sys_clk_pin  {rise@0.000ns fall@5.000ns period=10.000ns})
  Destination:            digit0_reg[0]_P/D
                            (rising edge-triggered cell FDPE clocked by sys_clk_pin  {rise@0.000ns fall@5.000ns period=10.000ns})
  Path Group:             sys_clk_pin
  Path Type:              Hold (Min at Fast Process Corner)
  Requirement:            0.000ns  (sys_clk_pin rise@0.000ns - sys_clk_pin rise@0.000ns)
  Data Path Delay:        0.350ns  (logic 0.183ns (52.285%)  route 0.167ns (47.715%))
  Logic Levels:           1  (LUT3=1)
  Clock Path Skew:        0.000ns (DCD - SCD - CPR)
    Destination Clock Delay (DCD):    1.979ns
    Source Clock Delay      (SCD):    1.467ns
    Clock Pessimism Removal (CPR):    0.512ns

    Location             Delay type                Incr(ns)  Path(ns)    Netlist Resource(s)
  -------------------------------------------------------------------    -------------------
                         (clock sys_clk_pin rise edge)
                                                      0.000     0.000 r  
    W5                                                0.000     0.000 r  clk (IN)
                         net (fo=0)                   0.000     0.000    clk
    W5                   IBUF (Prop_ibuf_I_O)         0.226     0.226 r  clk_IBUF_inst/O
                         net (fo=1, routed)           0.631     0.858    clk_IBUF
    BUFGCTRL_X0Y0        BUFG (Prop_bufg_I_O)         0.026     0.884 r  clk_IBUF_BUFG_inst/O
                         net (fo=70, routed)          0.584     1.467    clk_IBUF_BUFG
    SLICE_X61Y21         FDPE                                         r  digit0_reg[0]_P/C
  -------------------------------------------------------------------    -------------------
    SLICE_X61Y21         FDPE (Prop_fdpe_C_Q)         0.141     1.608 r  digit0_reg[0]_P/Q
                         net (fo=4, routed)           0.167     1.775    digit0_reg[0]_P_n_0
    SLICE_X61Y21         LUT3 (Prop_lut3_I2_O)        0.042     1.817 r  digit0[0]_P_i_1/O
                         net (fo=1, routed)           0.000     1.817    digit0[0]_P_i_1_n_0
    SLICE_X61Y21         FDPE                                         r  digit0_reg[0]_P/D
  -------------------------------------------------------------------    -------------------

                         (clock sys_clk_pin rise edge)
                                                      0.000     0.000 r  
    W5                                                0.000     0.000 r  clk (IN)
                         net (fo=0)                   0.000     0.000    clk
    W5                   IBUF (Prop_ibuf_I_O)         0.414     0.414 r  clk_IBUF_inst/O
                         net (fo=1, routed)           0.685     1.099    clk_IBUF
    BUFGCTRL_X0Y0        BUFG (Prop_bufg_I_O)         0.029     1.128 r  clk_IBUF_BUFG_inst/O
                         net (fo=70, routed)          0.852     1.979    clk_IBUF_BUFG
    SLICE_X61Y21         FDPE                                         r  digit0_reg[0]_P/C
                         clock pessimism             -0.512     1.467    
    SLICE_X61Y21         FDPE (Hold_fdpe_C_D)         0.105     1.572    digit0_reg[0]_P
  -------------------------------------------------------------------
                         required time                         -1.572    
                         arrival time                           1.817    
  -------------------------------------------------------------------
                         slack                                  0.245    

Slack (MET) :             0.263ns  (arrival time - required time)
  Source:                 digit1_reg[2]/C
                            (rising edge-triggered cell FDCE clocked by sys_clk_pin  {rise@0.000ns fall@5.000ns period=10.000ns})
  Destination:            digit1_reg[2]/D
                            (rising edge-triggered cell FDCE clocked by sys_clk_pin  {rise@0.000ns fall@5.000ns period=10.000ns})
  Path Group:             sys_clk_pin
  Path Type:              Hold (Min at Fast Process Corner)
  Requirement:            0.000ns  (sys_clk_pin rise@0.000ns - sys_clk_pin rise@0.000ns)
  Data Path Delay:        0.354ns  (logic 0.186ns (52.507%)  route 0.168ns (47.493%))
  Logic Levels:           1  (LUT6=1)
  Clock Path Skew:        0.000ns (DCD - SCD - CPR)
    Destination Clock Delay (DCD):    1.976ns
    Source Clock Delay      (SCD):    1.465ns
    Clock Pessimism Removal (CPR):    0.511ns

    Location             Delay type                Incr(ns)  Path(ns)    Netlist Resource(s)
  -------------------------------------------------------------------    -------------------
                         (clock sys_clk_pin rise edge)
                                                      0.000     0.000 r  
    W5                                                0.000     0.000 r  clk (IN)
                         net (fo=0)                   0.000     0.000    clk
    W5                   IBUF (Prop_ibuf_I_O)         0.226     0.226 r  clk_IBUF_inst/O
                         net (fo=1, routed)           0.631     0.858    clk_IBUF
    BUFGCTRL_X0Y0        BUFG (Prop_bufg_I_O)         0.026     0.884 r  clk_IBUF_BUFG_inst/O
                         net (fo=70, routed)          0.582     1.465    clk_IBUF_BUFG
    SLICE_X61Y23         FDCE                                         r  digit1_reg[2]/C
  -------------------------------------------------------------------    -------------------
    SLICE_X61Y23         FDCE (Prop_fdce_C_Q)         0.141     1.606 r  digit1_reg[2]/Q
                         net (fo=7, routed)           0.168     1.774    digit1_reg_n_0_[2]
    SLICE_X61Y23         LUT6 (Prop_lut6_I5_O)        0.045     1.819 r  digit1[2]_i_1/O
                         net (fo=1, routed)           0.000     1.819    digit1[2]_i_1_n_0
    SLICE_X61Y23         FDCE                                         r  digit1_reg[2]/D
  -------------------------------------------------------------------    -------------------

                         (clock sys_clk_pin rise edge)
                                                      0.000     0.000 r  
    W5                                                0.000     0.000 r  clk (IN)
                         net (fo=0)                   0.000     0.000    clk
    W5                   IBUF (Prop_ibuf_I_O)         0.414     0.414 r  clk_IBUF_inst/O
                         net (fo=1, routed)           0.685     1.099    clk_IBUF
    BUFGCTRL_X0Y0        BUFG (Prop_bufg_I_O)         0.029     1.128 r  clk_IBUF_BUFG_inst/O
                         net (fo=70, routed)          0.849     1.976    clk_IBUF_BUFG
    SLICE_X61Y23         FDCE                                         r  digit1_reg[2]/C
                         clock pessimism             -0.511     1.465    
    SLICE_X61Y23         FDCE (Hold_fdce_C_D)         0.091     1.556    digit1_reg[2]
  -------------------------------------------------------------------
                         required time                         -1.556    
                         arrival time                           1.819    
  -------------------------------------------------------------------
                         slack                                  0.263    

Slack (MET) :             0.274ns  (arrival time - required time)
  Source:                 digit0_reg[0]_C/C
                            (rising edge-triggered cell FDCE clocked by sys_clk_pin  {rise@0.000ns fall@5.000ns period=10.000ns})
  Destination:            digit0_reg[0]_C/D
                            (rising edge-triggered cell FDCE clocked by sys_clk_pin  {rise@0.000ns fall@5.000ns period=10.000ns})
  Path Group:             sys_clk_pin
  Path Type:              Hold (Min at Fast Process Corner)
  Requirement:            0.000ns  (sys_clk_pin rise@0.000ns - sys_clk_pin rise@0.000ns)
  Data Path Delay:        0.394ns  (logic 0.209ns (53.031%)  route 0.185ns (46.969%))
  Logic Levels:           1  (LUT3=1)
  Clock Path Skew:        0.000ns (DCD - SCD - CPR)
    Destination Clock Delay (DCD):    1.979ns
    Source Clock Delay      (SCD):    1.467ns
    Clock Pessimism Removal (CPR):    0.512ns

    Location             Delay type                Incr(ns)  Path(ns)    Netlist Resource(s)
  -------------------------------------------------------------------    -------------------
                         (clock sys_clk_pin rise edge)
                                                      0.000     0.000 r  
    W5                                                0.000     0.000 r  clk (IN)
                         net (fo=0)                   0.000     0.000    clk
    W5                   IBUF (Prop_ibuf_I_O)         0.226     0.226 r  clk_IBUF_inst/O
                         net (fo=1, routed)           0.631     0.858    clk_IBUF
    BUFGCTRL_X0Y0        BUFG (Prop_bufg_I_O)         0.026     0.884 r  clk_IBUF_BUFG_inst/O
                         net (fo=70, routed)          0.584     1.467    clk_IBUF_BUFG
    SLICE_X60Y21         FDCE                                         r  digit0_reg[0]_C/C
  -------------------------------------------------------------------    -------------------
    SLICE_X60Y21         FDCE (Prop_fdce_C_Q)         0.164     1.631 r  digit0_reg[0]_C/Q
                         net (fo=4, routed)           0.185     1.816    digit0_reg[0]_C_n_0
    SLICE_X60Y21         LUT3 (Prop_lut3_I2_O)        0.045     1.861 r  digit0[0]_C_i_1/O
                         net (fo=1, routed)           0.000     1.861    digit0[0]_C_i_1_n_0
    SLICE_X60Y21         FDCE                                         r  digit0_reg[0]_C/D
  -------------------------------------------------------------------    -------------------

                         (clock sys_clk_pin rise edge)
                                                      0.000     0.000 r  
    W5                                                0.000     0.000 r  clk (IN)
                         net (fo=0)                   0.000     0.000    clk
    W5                   IBUF (Prop_ibuf_I_O)         0.414     0.414 r  clk_IBUF_inst/O
                         net (fo=1, routed)           0.685     1.099    clk_IBUF
    BUFGCTRL_X0Y0        BUFG (Prop_bufg_I_O)         0.029     1.128 r  clk_IBUF_BUFG_inst/O
                         net (fo=70, routed)          0.852     1.979    clk_IBUF_BUFG
    SLICE_X60Y21         FDCE                                         r  digit0_reg[0]_C/C
                         clock pessimism             -0.512     1.467    
    SLICE_X60Y21         FDCE (Hold_fdce_C_D)         0.120     1.587    digit0_reg[0]_C
  -------------------------------------------------------------------
                         required time                         -1.587    
                         arrival time                           1.861    
  -------------------------------------------------------------------
                         slack                                  0.274    

Slack (MET) :             0.274ns  (arrival time - required time)
  Source:                 digit2_reg[0]_C/C
                            (rising edge-triggered cell FDCE clocked by sys_clk_pin  {rise@0.000ns fall@5.000ns period=10.000ns})
  Destination:            digit2_reg[0]_C/D
                            (rising edge-triggered cell FDCE clocked by sys_clk_pin  {rise@0.000ns fall@5.000ns period=10.000ns})
  Path Group:             sys_clk_pin
  Path Type:              Hold (Min at Fast Process Corner)
  Requirement:            0.000ns  (sys_clk_pin rise@0.000ns - sys_clk_pin rise@0.000ns)
  Data Path Delay:        0.365ns  (logic 0.186ns (50.911%)  route 0.179ns (49.089%))
  Logic Levels:           1  (LUT3=1)
  Clock Path Skew:        0.000ns (DCD - SCD - CPR)
    Destination Clock Delay (DCD):    1.978ns
    Source Clock Delay      (SCD):    1.467ns
    Clock Pessimism Removal (CPR):    0.511ns

    Location             Delay type                Incr(ns)  Path(ns)    Netlist Resource(s)
  -------------------------------------------------------------------    -------------------
                         (clock sys_clk_pin rise edge)
                                                      0.000     0.000 r  
    W5                                                0.000     0.000 r  clk (IN)
                         net (fo=0)                   0.000     0.000    clk
    W5                   IBUF (Prop_ibuf_I_O)         0.226     0.226 r  clk_IBUF_inst/O
                         net (fo=1, routed)           0.631     0.858    clk_IBUF
    BUFGCTRL_X0Y0        BUFG (Prop_bufg_I_O)         0.026     0.884 r  clk_IBUF_BUFG_inst/O
                         net (fo=70, routed)          0.584     1.467    clk_IBUF_BUFG
    SLICE_X61Y22         FDCE                                         r  digit2_reg[0]_C/C
  -------------------------------------------------------------------    -------------------
    SLICE_X61Y22         FDCE (Prop_fdce_C_Q)         0.141     1.608 r  digit2_reg[0]_C/Q
                         net (fo=4, routed)           0.179     1.787    digit2_reg[0]_C_n_0
    SLICE_X61Y22         LUT3 (Prop_lut3_I2_O)        0.045     1.832 r  digit2[0]_C_i_1/O
                         net (fo=1, routed)           0.000     1.832    digit2[0]_C_i_1_n_0
    SLICE_X61Y22         FDCE                                         r  digit2_reg[0]_C/D
  -------------------------------------------------------------------    -------------------

                         (clock sys_clk_pin rise edge)
                                                      0.000     0.000 r  
    W5                                                0.000     0.000 r  clk (IN)
                         net (fo=0)                   0.000     0.000    clk
    W5                   IBUF (Prop_ibuf_I_O)         0.414     0.414 r  clk_IBUF_inst/O
                         net (fo=1, routed)           0.685     1.099    clk_IBUF
    BUFGCTRL_X0Y0        BUFG (Prop_bufg_I_O)         0.029     1.128 r  clk_IBUF_BUFG_inst/O
                         net (fo=70, routed)          0.851     1.978    clk_IBUF_BUFG
    SLICE_X61Y22         FDCE                                         r  digit2_reg[0]_C/C
                         clock pessimism             -0.511     1.467    
    SLICE_X61Y22         FDCE (Hold_fdce_C_D)         0.091     1.558    digit2_reg[0]_C
  -------------------------------------------------------------------
                         required time                         -1.558    
                         arrival time                           1.832    
  -------------------------------------------------------------------
                         slack                                  0.274    

Slack (MET) :             0.276ns  (arrival time - required time)
  Source:                 digit1_reg[0]_P/C
                            (rising edge-triggered cell FDPE clocked by sys_clk_pin  {rise@0.000ns fall@5.000ns period=10.000ns})
  Destination:            digit1_reg[0]_P/D
                            (rising edge-triggered cell FDPE clocked by sys_clk_pin  {rise@0.000ns fall@5.000ns period=10.000ns})
  Path Group:             sys_clk_pin
  Path Type:              Hold (Min at Fast Process Corner)
  Requirement:            0.000ns  (sys_clk_pin rise@0.000ns - sys_clk_pin rise@0.000ns)
  Data Path Delay:        0.396ns  (logic 0.209ns (52.728%)  route 0.187ns (47.272%))
  Logic Levels:           1  (LUT3=1)
  Clock Path Skew:        0.000ns (DCD - SCD - CPR)
    Destination Clock Delay (DCD):    1.978ns
    Source Clock Delay      (SCD):    1.467ns
    Clock Pessimism Removal (CPR):    0.511ns

    Location             Delay type                Incr(ns)  Path(ns)    Netlist Resource(s)
  -------------------------------------------------------------------    -------------------
                         (clock sys_clk_pin rise edge)
                                                      0.000     0.000 r  
    W5                                                0.000     0.000 r  clk (IN)
                         net (fo=0)                   0.000     0.000    clk
    W5                   IBUF (Prop_ibuf_I_O)         0.226     0.226 r  clk_IBUF_inst/O
                         net (fo=1, routed)           0.631     0.858    clk_IBUF
    BUFGCTRL_X0Y0        BUFG (Prop_bufg_I_O)         0.026     0.884 r  clk_IBUF_BUFG_inst/O
                         net (fo=70, routed)          0.584     1.467    clk_IBUF_BUFG
    SLICE_X60Y22         FDPE                                         r  digit1_reg[0]_P/C
  -------------------------------------------------------------------    -------------------
    SLICE_X60Y22         FDPE (Prop_fdpe_C_Q)         0.164     1.631 r  digit1_reg[0]_P/Q
                         net (fo=5, routed)           0.187     1.819    digit1_reg[0]_P_n_0
    SLICE_X60Y22         LUT3 (Prop_lut3_I2_O)        0.045     1.864 r  digit1[0]_P_i_1/O
                         net (fo=1, routed)           0.000     1.864    digit1[0]_P_i_1_n_0
    SLICE_X60Y22         FDPE                                         r  digit1_reg[0]_P/D
  -------------------------------------------------------------------    -------------------

                         (clock sys_clk_pin rise edge)
                                                      0.000     0.000 r  
    W5                                                0.000     0.000 r  clk (IN)
                         net (fo=0)                   0.000     0.000    clk
    W5                   IBUF (Prop_ibuf_I_O)         0.414     0.414 r  clk_IBUF_inst/O
                         net (fo=1, routed)           0.685     1.099    clk_IBUF
    BUFGCTRL_X0Y0        BUFG (Prop_bufg_I_O)         0.029     1.128 r  clk_IBUF_BUFG_inst/O
                         net (fo=70, routed)          0.851     1.978    clk_IBUF_BUFG
    SLICE_X60Y22         FDPE                                         r  digit1_reg[0]_P/C
                         clock pessimism             -0.511     1.467    
    SLICE_X60Y22         FDPE (Hold_fdpe_C_D)         0.120     1.587    digit1_reg[0]_P
  -------------------------------------------------------------------
                         required time                         -1.587    
                         arrival time                           1.864    
  -------------------------------------------------------------------
                         slack                                  0.276    

Slack (MET) :             0.277ns  (arrival time - required time)
  Source:                 digit_sel_reg[0]/C
                            (rising edge-triggered cell FDCE clocked by sys_clk_pin  {rise@0.000ns fall@5.000ns period=10.000ns})
  Destination:            digit_sel_reg[1]/D
                            (rising edge-triggered cell FDCE clocked by sys_clk_pin  {rise@0.000ns fall@5.000ns period=10.000ns})
  Path Group:             sys_clk_pin
  Path Type:              Hold (Min at Fast Process Corner)
  Requirement:            0.000ns  (sys_clk_pin rise@0.000ns - sys_clk_pin rise@0.000ns)
  Data Path Delay:        0.384ns  (logic 0.183ns (47.606%)  route 0.201ns (52.394%))
  Logic Levels:           1  (LUT3=1)
  Clock Path Skew:        0.000ns (DCD - SCD - CPR)
    Destination Clock Delay (DCD):    1.980ns
    Source Clock Delay      (SCD):    1.468ns
    Clock Pessimism Removal (CPR):    0.512ns

    Location             Delay type                Incr(ns)  Path(ns)    Netlist Resource(s)
  -------------------------------------------------------------------    -------------------
                         (clock sys_clk_pin rise edge)
                                                      0.000     0.000 r  
    W5                                                0.000     0.000 r  clk (IN)
                         net (fo=0)                   0.000     0.000    clk
    W5                   IBUF (Prop_ibuf_I_O)         0.226     0.226 r  clk_IBUF_inst/O
                         net (fo=1, routed)           0.631     0.858    clk_IBUF
    BUFGCTRL_X0Y0        BUFG (Prop_bufg_I_O)         0.026     0.884 r  clk_IBUF_BUFG_inst/O
                         net (fo=70, routed)          0.585     1.468    clk_IBUF_BUFG
    SLICE_X63Y22         FDCE                                         r  digit_sel_reg[0]/C
  -------------------------------------------------------------------    -------------------
    SLICE_X63Y22         FDCE (Prop_fdce_C_Q)         0.141     1.609 r  digit_sel_reg[0]/Q
                         net (fo=10, routed)          0.201     1.811    digit_sel[0]
    SLICE_X63Y22         LUT3 (Prop_lut3_I0_O)        0.042     1.853 r  digit_sel[1]_i_1/O
                         net (fo=1, routed)           0.000     1.853    digit_sel[1]_i_1_n_0
    SLICE_X63Y22         FDCE                                         r  digit_sel_reg[1]/D
  -------------------------------------------------------------------    -------------------

                         (clock sys_clk_pin rise edge)
                                                      0.000     0.000 r  
    W5                                                0.000     0.000 r  clk (IN)
                         net (fo=0)                   0.000     0.000    clk
    W5                   IBUF (Prop_ibuf_I_O)         0.414     0.414 r  clk_IBUF_inst/O
                         net (fo=1, routed)           0.685     1.099    clk_IBUF
    BUFGCTRL_X0Y0        BUFG (Prop_bufg_I_O)         0.029     1.128 r  clk_IBUF_BUFG_inst/O
                         net (fo=70, routed)          0.853     1.980    clk_IBUF_BUFG
    SLICE_X63Y22         FDCE                                         r  digit_sel_reg[1]/C
                         clock pessimism             -0.512     1.468    
    SLICE_X63Y22         FDCE (Hold_fdce_C_D)         0.107     1.575    digit_sel_reg[1]
  -------------------------------------------------------------------
                         required time                         -1.575    
                         arrival time                           1.853    
  -------------------------------------------------------------------
                         slack                                  0.277    

Slack (MET) :             0.279ns  (arrival time - required time)
  Source:                 digit3_reg[0]_C/C
                            (rising edge-triggered cell FDCE clocked by sys_clk_pin  {rise@0.000ns fall@5.000ns period=10.000ns})
  Destination:            digit3_reg[0]_C/D
                            (rising edge-triggered cell FDCE clocked by sys_clk_pin  {rise@0.000ns fall@5.000ns period=10.000ns})
  Path Group:             sys_clk_pin
  Path Type:              Hold (Min at Fast Process Corner)
  Requirement:            0.000ns  (sys_clk_pin rise@0.000ns - sys_clk_pin rise@0.000ns)
  Data Path Delay:        0.370ns  (logic 0.186ns (50.311%)  route 0.184ns (49.689%))
  Logic Levels:           1  (LUT3=1)
  Clock Path Skew:        0.000ns (DCD - SCD - CPR)
    Destination Clock Delay (DCD):    1.978ns
    Source Clock Delay      (SCD):    1.467ns
    Clock Pessimism Removal (CPR):    0.511ns

    Location             Delay type                Incr(ns)  Path(ns)    Netlist Resource(s)
  -------------------------------------------------------------------    -------------------
                         (clock sys_clk_pin rise edge)
                                                      0.000     0.000 r  
    W5                                                0.000     0.000 r  clk (IN)
                         net (fo=0)                   0.000     0.000    clk
    W5                   IBUF (Prop_ibuf_I_O)         0.226     0.226 r  clk_IBUF_inst/O
                         net (fo=1, routed)           0.631     0.858    clk_IBUF
    BUFGCTRL_X0Y0        BUFG (Prop_bufg_I_O)         0.026     0.884 r  clk_IBUF_BUFG_inst/O
                         net (fo=70, routed)          0.584     1.467    clk_IBUF_BUFG
    SLICE_X58Y22         FDCE                                         r  digit3_reg[0]_C/C
  -------------------------------------------------------------------    -------------------
    SLICE_X58Y22         FDCE (Prop_fdce_C_Q)         0.141     1.608 r  digit3_reg[0]_C/Q
                         net (fo=2, routed)           0.184     1.792    digit3_reg[0]_C_n_0
    SLICE_X58Y22         LUT3 (Prop_lut3_I2_O)        0.045     1.837 r  digit3[0]_C_i_1/O
                         net (fo=1, routed)           0.000     1.837    digit3[0]_C_i_1_n_0
    SLICE_X58Y22         FDCE                                         r  digit3_reg[0]_C/D
  -------------------------------------------------------------------    -------------------

                         (clock sys_clk_pin rise edge)
                                                      0.000     0.000 r  
    W5                                                0.000     0.000 r  clk (IN)
                         net (fo=0)                   0.000     0.000    clk
    W5                   IBUF (Prop_ibuf_I_O)         0.414     0.414 r  clk_IBUF_inst/O
                         net (fo=1, routed)           0.685     1.099    clk_IBUF
    BUFGCTRL_X0Y0        BUFG (Prop_bufg_I_O)         0.029     1.128 r  clk_IBUF_BUFG_inst/O
                         net (fo=70, routed)          0.851     1.978    clk_IBUF_BUFG
    SLICE_X58Y22         FDCE                                         r  digit3_reg[0]_C/C
                         clock pessimism             -0.511     1.467    
    SLICE_X58Y22         FDCE (Hold_fdce_C_D)         0.091     1.558    digit3_reg[0]_C
  -------------------------------------------------------------------
                         required time                         -1.558    
                         arrival time                           1.837    
  -------------------------------------------------------------------
                         slack                                  0.279    

Slack (MET) :             0.279ns  (arrival time - required time)
  Source:                 digit3_reg[1]/C
                            (rising edge-triggered cell FDCE clocked by sys_clk_pin  {rise@0.000ns fall@5.000ns period=10.000ns})
  Destination:            digit3_reg[2]/D
                            (rising edge-triggered cell FDCE clocked by sys_clk_pin  {rise@0.000ns fall@5.000ns period=10.000ns})
  Path Group:             sys_clk_pin
  Path Type:              Hold (Min at Fast Process Corner)
  Requirement:            0.000ns  (sys_clk_pin rise@0.000ns - sys_clk_pin rise@0.000ns)
  Data Path Delay:        0.371ns  (logic 0.186ns (50.146%)  route 0.185ns (49.854%))
  Logic Levels:           1  (LUT6=1)
  Clock Path Skew:        0.000ns (DCD - SCD - CPR)
    Destination Clock Delay (DCD):    1.979ns
    Source Clock Delay      (SCD):    1.467ns
    Clock Pessimism Removal (CPR):    0.512ns

    Location             Delay type                Incr(ns)  Path(ns)    Netlist Resource(s)
  -------------------------------------------------------------------    -------------------
                         (clock sys_clk_pin rise edge)
                                                      0.000     0.000 r  
    W5                                                0.000     0.000 r  clk (IN)
                         net (fo=0)                   0.000     0.000    clk
    W5                   IBUF (Prop_ibuf_I_O)         0.226     0.226 r  clk_IBUF_inst/O
                         net (fo=1, routed)           0.631     0.858    clk_IBUF
    BUFGCTRL_X0Y0        BUFG (Prop_bufg_I_O)         0.026     0.884 r  clk_IBUF_BUFG_inst/O
                         net (fo=70, routed)          0.584     1.467    clk_IBUF_BUFG
    SLICE_X58Y21         FDCE                                         r  digit3_reg[1]/C
  -------------------------------------------------------------------    -------------------
    SLICE_X58Y21         FDCE (Prop_fdce_C_Q)         0.141     1.608 r  digit3_reg[1]/Q
                         net (fo=4, routed)           0.185     1.793    digit3_reg_n_0_[1]
    SLICE_X58Y21         LUT6 (Prop_lut6_I3_O)        0.045     1.838 r  digit3[2]_i_1/O
                         net (fo=1, routed)           0.000     1.838    digit3[2]_i_1_n_0
    SLICE_X58Y21         FDCE                                         r  digit3_reg[2]/D
  -------------------------------------------------------------------    -------------------

                         (clock sys_clk_pin rise edge)
                                                      0.000     0.000 r  
    W5                                                0.000     0.000 r  clk (IN)
                         net (fo=0)                   0.000     0.000    clk
    W5                   IBUF (Prop_ibuf_I_O)         0.414     0.414 r  clk_IBUF_inst/O
                         net (fo=1, routed)           0.685     1.099    clk_IBUF
    BUFGCTRL_X0Y0        BUFG (Prop_bufg_I_O)         0.029     1.128 r  clk_IBUF_BUFG_inst/O
                         net (fo=70, routed)          0.852     1.979    clk_IBUF_BUFG
    SLICE_X58Y21         FDCE                                         r  digit3_reg[2]/C
                         clock pessimism             -0.512     1.467    
    SLICE_X58Y21         FDCE (Hold_fdce_C_D)         0.092     1.559    digit3_reg[2]
  -------------------------------------------------------------------
                         required time                         -1.559    
                         arrival time                           1.838    
  -------------------------------------------------------------------
                         slack                                  0.279    

Slack (MET) :             0.284ns  (arrival time - required time)
  Source:                 digit2_reg[1]/C
                            (rising edge-triggered cell FDCE clocked by sys_clk_pin  {rise@0.000ns fall@5.000ns period=10.000ns})
  Destination:            digit2_reg[1]/D
                            (rising edge-triggered cell FDCE clocked by sys_clk_pin  {rise@0.000ns fall@5.000ns period=10.000ns})
  Path Group:             sys_clk_pin
  Path Type:              Hold (Min at Fast Process Corner)
  Requirement:            0.000ns  (sys_clk_pin rise@0.000ns - sys_clk_pin rise@0.000ns)
  Data Path Delay:        0.376ns  (logic 0.186ns (49.465%)  route 0.190ns (50.535%))
  Logic Levels:           1  (LUT6=1)
  Clock Path Skew:        0.000ns (DCD - SCD - CPR)
    Destination Clock Delay (DCD):    1.976ns
    Source Clock Delay      (SCD):    1.465ns
    Clock Pessimism Removal (CPR):    0.511ns

    Location             Delay type                Incr(ns)  Path(ns)    Netlist Resource(s)
  -------------------------------------------------------------------    -------------------
                         (clock sys_clk_pin rise edge)
                                                      0.000     0.000 r  
    W5                                                0.000     0.000 r  clk (IN)
                         net (fo=0)                   0.000     0.000    clk
    W5                   IBUF (Prop_ibuf_I_O)         0.226     0.226 r  clk_IBUF_inst/O
                         net (fo=1, routed)           0.631     0.858    clk_IBUF
    BUFGCTRL_X0Y0        BUFG (Prop_bufg_I_O)         0.026     0.884 r  clk_IBUF_BUFG_inst/O
                         net (fo=70, routed)          0.582     1.465    clk_IBUF_BUFG
    SLICE_X61Y23         FDCE                                         r  digit2_reg[1]/C
  -------------------------------------------------------------------    -------------------
    SLICE_X61Y23         FDCE (Prop_fdce_C_Q)         0.141     1.606 r  digit2_reg[1]/Q
                         net (fo=6, routed)           0.190     1.796    digit2_reg_n_0_[1]
    SLICE_X61Y23         LUT6 (Prop_lut6_I5_O)        0.045     1.841 r  digit2[1]_i_1/O
                         net (fo=1, routed)           0.000     1.841    digit2[1]_i_1_n_0
    SLICE_X61Y23         FDCE                                         r  digit2_reg[1]/D
  -------------------------------------------------------------------    -------------------

                         (clock sys_clk_pin rise edge)
                                                      0.000     0.000 r  
    W5                                                0.000     0.000 r  clk (IN)
                         net (fo=0)                   0.000     0.000    clk
    W5                   IBUF (Prop_ibuf_I_O)         0.414     0.414 r  clk_IBUF_inst/O
                         net (fo=1, routed)           0.685     1.099    clk_IBUF
    BUFGCTRL_X0Y0        BUFG (Prop_bufg_I_O)         0.029     1.128 r  clk_IBUF_BUFG_inst/O
                         net (fo=70, routed)          0.849     1.976    clk_IBUF_BUFG
    SLICE_X61Y23         FDCE                                         r  digit2_reg[1]/C
                         clock pessimism             -0.511     1.465    
    SLICE_X61Y23         FDCE (Hold_fdce_C_D)         0.092     1.557    digit2_reg[1]
  -------------------------------------------------------------------
                         required time                         -1.557    
                         arrival time                           1.841    
  -------------------------------------------------------------------
                         slack                                  0.284    





Pulse Width Checks
--------------------------------------------------------------------------------------
Clock Name:         sys_clk_pin
Waveform(ns):       { 0.000 5.000 }
Period(ns):         10.000
Sources:            { clk }

Check Type        Corner  Lib Pin  Reference Pin  Required(ns)  Actual(ns)  Slack(ns)  Location       Pin
Min Period        n/a     BUFG/I   n/a            2.155         10.000      7.845      BUFGCTRL_X0Y0  clk_IBUF_BUFG_inst/I
Min Period        n/a     FDCE/C   n/a            1.000         10.000      9.000      SLICE_X62Y15   clk_div_reg[10]/C
Min Period        n/a     FDCE/C   n/a            1.000         10.000      9.000      SLICE_X62Y15   clk_div_reg[11]/C
Min Period        n/a     FDCE/C   n/a            1.000         10.000      9.000      SLICE_X62Y16   clk_div_reg[12]/C
Min Period        n/a     FDCE/C   n/a            1.000         10.000      9.000      SLICE_X62Y16   clk_div_reg[13]/C
Min Period        n/a     FDCE/C   n/a            1.000         10.000      9.000      SLICE_X62Y16   clk_div_reg[14]/C
Min Period        n/a     FDCE/C   n/a            1.000         10.000      9.000      SLICE_X62Y16   clk_div_reg[15]/C
Min Period        n/a     FDCE/C   n/a            1.000         10.000      9.000      SLICE_X62Y17   clk_div_reg[16]/C
Min Period        n/a     FDCE/C   n/a            1.000         10.000      9.000      SLICE_X62Y17   clk_div_reg[17]/C
Min Period        n/a     FDCE/C   n/a            1.000         10.000      9.000      SLICE_X62Y17   clk_div_reg[18]/C
Low Pulse Width   Slow    FDCE/C   n/a            0.500         5.000       4.500      SLICE_X60Y20   digit0_reg[1]/C
Low Pulse Width   Slow    FDCE/C   n/a            0.500         5.000       4.500      SLICE_X60Y20   digit1_reg[1]/C
Low Pulse Width   Slow    FDCE/C   n/a            0.500         5.000       4.500      SLICE_X61Y20   digit0_reg[2]/C
Low Pulse Width   Fast    FDCE/C   n/a            0.500         5.000       4.500      SLICE_X62Y15   clk_div_reg[10]/C
Low Pulse Width   Fast    FDCE/C   n/a            0.500         5.000       4.500      SLICE_X62Y15   clk_div_reg[11]/C
Low Pulse Width   Fast    FDCE/C   n/a            0.500         5.000       4.500      SLICE_X62Y16   clk_div_reg[12]/C
Low Pulse Width   Fast    FDCE/C   n/a            0.500         5.000       4.500      SLICE_X62Y16   clk_div_reg[13]/C
Low Pulse Width   Fast    FDCE/C   n/a            0.500         5.000       4.500      SLICE_X62Y16   clk_div_reg[14]/C
Low Pulse Width   Fast    FDCE/C   n/a            0.500         5.000       4.500      SLICE_X62Y16   clk_div_reg[15]/C
Low Pulse Width   Fast    FDCE/C   n/a            0.500         5.000       4.500      SLICE_X62Y13   clk_div_reg[1]/C
High Pulse Width  Slow    FDCE/C   n/a            0.500         5.000       4.500      SLICE_X62Y15   clk_div_reg[10]/C
High Pulse Width  Slow    FDCE/C   n/a            0.500         5.000       4.500      SLICE_X62Y15   clk_div_reg[11]/C
High Pulse Width  Slow    FDCE/C   n/a            0.500         5.000       4.500      SLICE_X62Y16   clk_div_reg[12]/C
High Pulse Width  Fast    FDCE/C   n/a            0.500         5.000       4.500      SLICE_X62Y16   clk_div_reg[12]/C
High Pulse Width  Slow    FDCE/C   n/a            0.500         5.000       4.500      SLICE_X62Y16   clk_div_reg[13]/C
High Pulse Width  Fast    FDCE/C   n/a            0.500         5.000       4.500      SLICE_X62Y16   clk_div_reg[13]/C
High Pulse Width  Slow    FDCE/C   n/a            0.500         5.000       4.500      SLICE_X62Y16   clk_div_reg[14]/C
High Pulse Width  Fast    FDCE/C   n/a            0.500         5.000       4.500      SLICE_X62Y16   clk_div_reg[14]/C
High Pulse Width  Slow    FDCE/C   n/a            0.500         5.000       4.500      SLICE_X62Y16   clk_div_reg[15]/C
High Pulse Width  Fast    FDCE/C   n/a            0.500         5.000       4.500      SLICE_X62Y16   clk_div_reg[15]/C



