Copyright 1986-2020 Xilinx, Inc. All Rights Reserved.
--------------------------------------------------------------------------------------------------------------------------------------------------------------------------------------------------------------------------------
| Tool Version : Vivado v.2020.2 (win64) Build 3064766 Wed Nov 18 09:12:45 MST 2020
| Date         : Wed Apr  2 22:05:19 2025
| Host         : DESKTOP-2CUDO2B running 64-bit major release  (build 9200)
| Command      : report_timing_summary -max_paths 10 -file top_counter_up_down_timing_summary_routed.rpt -pb top_counter_up_down_timing_summary_routed.pb -rpx top_counter_up_down_timing_summary_routed.rpx -warn_on_violation
| Design       : top_counter_up_down
| Device       : 7a35t-cpg236
| Speed File   : -1  PRODUCTION 1.23 2018-06-13
--------------------------------------------------------------------------------------------------------------------------------------------------------------------------------------------------------------------------------

Timing Summary Report

------------------------------------------------------------------------------------------------
| Timer Settings
| --------------
------------------------------------------------------------------------------------------------

  Enable Multi Corner Analysis               :  Yes
  Enable Pessimism Removal                   :  Yes
  Pessimism Removal Resolution               :  Nearest Common Node
  Enable Input Delay Default Clock           :  No
  Enable Preset / Clear Arcs                 :  No
  Disable Flight Delays                      :  No
  Ignore I/O Paths                           :  No
  Timing Early Launch at Borrowing Latches   :  No
  Borrow Time for Max Delay Exceptions       :  Yes
  Merge Timing Exceptions                    :  Yes

  Corner  Analyze    Analyze    
  Name    Max Paths  Min Paths  
  ------  ---------  ---------  
  Slow    Yes        Yes        
  Fast    Yes        Yes        



check_timing report

Table of Contents
-----------------
1. checking no_clock (0)
2. checking constant_clock (0)
3. checking pulse_width_clock (0)
4. checking unconstrained_internal_endpoints (0)
5. checking no_input_delay (2)
6. checking no_output_delay (12)
7. checking multiple_clock (0)
8. checking generated_clocks (0)
9. checking loops (0)
10. checking partial_input_delay (0)
11. checking partial_output_delay (0)
12. checking latch_loops (0)

1. checking no_clock (0)
------------------------
 There are 0 register/latch pins with no clock.


2. checking constant_clock (0)
------------------------------
 There are 0 register/latch pins with constant_clock.


3. checking pulse_width_clock (0)
---------------------------------
 There are 0 register/latch pins which need pulse_width check


4. checking unconstrained_internal_endpoints (0)
------------------------------------------------
 There are 0 pins that are not constrained for maximum delay.

 There are 0 pins that are not constrained for maximum delay due to constant clock.


5. checking no_input_delay (2)
------------------------------
 There are 2 input ports with no input delay specified. (HIGH)

 There are 0 input ports with no input delay but user has a false path constraint.


6. checking no_output_delay (12)
--------------------------------
 There are 12 ports with no output delay specified. (HIGH)

 There are 0 ports with no output delay but user has a false path constraint

 There are 0 ports with no output delay but with a timing clock defined on it or propagating through it


7. checking multiple_clock (0)
------------------------------
 There are 0 register/latch pins with multiple clocks.


8. checking generated_clocks (0)
--------------------------------
 There are 0 generated clocks that are not connected to a clock source.


9. checking loops (0)
---------------------
 There are 0 combinational loops in the design.


10. checking partial_input_delay (0)
------------------------------------
 There are 0 input ports with partial input delay specified.


11. checking partial_output_delay (0)
-------------------------------------
 There are 0 ports with partial output delay specified.


12. checking latch_loops (0)
----------------------------
 There are 0 combinational latch loops in the design through latch input



------------------------------------------------------------------------------------------------
| Design Timing Summary
| ---------------------
------------------------------------------------------------------------------------------------

    WNS(ns)      TNS(ns)  TNS Failing Endpoints  TNS Total Endpoints      WHS(ns)      THS(ns)  THS Failing Endpoints  THS Total Endpoints     WPWS(ns)     TPWS(ns)  TPWS Failing Endpoints  TPWS Total Endpoints  
    -------      -------  ---------------------  -------------------      -------      -------  ---------------------  -------------------     --------     --------  ----------------------  --------------------  
      3.794        0.000                      0                  134        0.186        0.000                      0                  134        4.500        0.000                       0                   109  


All user specified timing constraints are met.


------------------------------------------------------------------------------------------------
| Clock Summary
| -------------
------------------------------------------------------------------------------------------------

Clock        Waveform(ns)       Period(ns)      Frequency(MHz)
-----        ------------       ----------      --------------
sys_clk_pin  {0.000 5.000}      10.000          100.000         


------------------------------------------------------------------------------------------------
| Intra Clock Table
| -----------------
------------------------------------------------------------------------------------------------

Clock             WNS(ns)      TNS(ns)  TNS Failing Endpoints  TNS Total Endpoints      WHS(ns)      THS(ns)  THS Failing Endpoints  THS Total Endpoints     WPWS(ns)     TPWS(ns)  TPWS Failing Endpoints  TPWS Total Endpoints  
-----             -------      -------  ---------------------  -------------------      -------      -------  ---------------------  -------------------     --------     --------  ----------------------  --------------------  
sys_clk_pin         3.794        0.000                      0                  134        0.186        0.000                      0                  134        4.500        0.000                       0                   109  


------------------------------------------------------------------------------------------------
| Inter Clock Table
| -----------------
------------------------------------------------------------------------------------------------

From Clock    To Clock          WNS(ns)      TNS(ns)  TNS Failing Endpoints  TNS Total Endpoints      WHS(ns)      THS(ns)  THS Failing Endpoints  THS Total Endpoints  
----------    --------          -------      -------  ---------------------  -------------------      -------      -------  ---------------------  -------------------  


------------------------------------------------------------------------------------------------
| Other Path Groups Table
| -----------------------
------------------------------------------------------------------------------------------------

Path Group    From Clock    To Clock          WNS(ns)      TNS(ns)  TNS Failing Endpoints  TNS Total Endpoints      WHS(ns)      THS(ns)  THS Failing Endpoints  THS Total Endpoints  
----------    ----------    --------          -------      -------  ---------------------  -------------------      -------      -------  ---------------------  -------------------  


------------------------------------------------------------------------------------------------
| Timing Details
| --------------
------------------------------------------------------------------------------------------------


---------------------------------------------------------------------------------------------------
From Clock:  sys_clk_pin
  To Clock:  sys_clk_pin

Setup :            0  Failing Endpoints,  Worst Slack        3.794ns,  Total Violation        0.000ns
Hold  :            0  Failing Endpoints,  Worst Slack        0.186ns,  Total Violation        0.000ns
PW    :            0  Failing Endpoints,  Worst Slack        4.500ns,  Total Violation        0.000ns
---------------------------------------------------------------------------------------------------


Max Delay Paths
--------------------------------------------------------------------------------------
Slack (MET) :             3.794ns  (required time - arrival time)
  Source:                 U_Counter/U_Clk_Div_10Hz/div_counter_reg_reg[20]/C
                            (rising edge-triggered cell FDCE clocked by sys_clk_pin  {rise@0.000ns fall@5.000ns period=10.000ns})
  Destination:            U_Counter/U_Clk_Div_10Hz/div_counter_reg_reg[22]/D
                            (rising edge-triggered cell FDCE clocked by sys_clk_pin  {rise@0.000ns fall@5.000ns period=10.000ns})
  Path Group:             sys_clk_pin
  Path Type:              Setup (Max at Slow Process Corner)
  Requirement:            10.000ns  (sys_clk_pin rise@10.000ns - sys_clk_pin rise@0.000ns)
  Data Path Delay:        6.174ns  (logic 2.763ns (44.752%)  route 3.411ns (55.247%))
  Logic Levels:           11  (CARRY4=6 LUT2=1 LUT4=2 LUT5=2)
  Clock Path Skew:        -0.026ns (DCD - SCD + CPR)
    Destination Clock Delay (DCD):    4.855ns = ( 14.855 - 10.000 ) 
    Source Clock Delay      (SCD):    5.155ns
    Clock Pessimism Removal (CPR):    0.274ns
  Clock Uncertainty:      0.035ns  ((TSJ^2 + TIJ^2)^1/2 + DJ) / 2 + PE
    Total System Jitter     (TSJ):    0.071ns
    Total Input Jitter      (TIJ):    0.000ns
    Discrete Jitter          (DJ):    0.000ns
    Phase Error              (PE):    0.000ns

    Location             Delay type                Incr(ns)  Path(ns)    Netlist Resource(s)
  -------------------------------------------------------------------    -------------------
                         (clock sys_clk_pin rise edge)
                                                      0.000     0.000 r  
    W5                                                0.000     0.000 r  clk (IN)
                         net (fo=0)                   0.000     0.000    clk
    W5                   IBUF (Prop_ibuf_I_O)         1.458     1.458 r  clk_IBUF_inst/O
                         net (fo=1, routed)           1.967     3.425    clk_IBUF
    BUFGCTRL_X0Y0        BUFG (Prop_bufg_I_O)         0.096     3.521 r  clk_IBUF_BUFG_inst/O
                         net (fo=108, routed)         1.634     5.155    U_Counter/U_Clk_Div_10Hz/CLK
    SLICE_X61Y11         FDCE                                         r  U_Counter/U_Clk_Div_10Hz/div_counter_reg_reg[20]/C
  -------------------------------------------------------------------    -------------------
    SLICE_X61Y11         FDCE (Prop_fdce_C_Q)         0.419     5.574 f  U_Counter/U_Clk_Div_10Hz/div_counter_reg_reg[20]/Q
                         net (fo=5, routed)           0.859     6.433    U_Counter/U_Clk_Div_10Hz/div_counter_reg[20]
    SLICE_X61Y10         LUT4 (Prop_lut4_I0_O)        0.299     6.732 r  U_Counter/U_Clk_Div_10Hz/div_counter_reg[23]_i_7/O
                         net (fo=1, routed)           0.414     7.146    U_Counter/U_Clk_Div_10Hz/div_counter_reg[23]_i_7_n_0
    SLICE_X65Y10         LUT5 (Prop_lut5_I4_O)        0.124     7.270 r  U_Counter/U_Clk_Div_10Hz/div_counter_reg[23]_i_4/O
                         net (fo=1, routed)           0.433     7.703    U_Counter/U_Clk_Div_10Hz/div_counter_reg[23]_i_4_n_0
    SLICE_X65Y10         LUT5 (Prop_lut5_I3_O)        0.124     7.827 r  U_Counter/U_Clk_Div_10Hz/div_counter_reg[23]_i_2/O
                         net (fo=48, routed)          0.667     8.493    U_CU/div_counter_reg_reg[0]
    SLICE_X61Y7          LUT4 (Prop_lut4_I1_O)        0.124     8.617 r  U_CU/div_counter_reg0_carry_i_1/O
                         net (fo=1, routed)           0.478     9.095    U_Counter/U_Clk_Div_10Hz/div_counter_reg_reg[4]_1[0]
    SLICE_X62Y7          CARRY4 (Prop_carry4_CYINIT_CO[3])
                                                      0.580     9.675 r  U_Counter/U_Clk_Div_10Hz/div_counter_reg0_carry/CO[3]
                         net (fo=1, routed)           0.000     9.675    U_Counter/U_Clk_Div_10Hz/div_counter_reg0_carry_n_0
    SLICE_X62Y8          CARRY4 (Prop_carry4_CI_CO[3])
                                                      0.114     9.789 r  U_Counter/U_Clk_Div_10Hz/div_counter_reg0_carry__0/CO[3]
                         net (fo=1, routed)           0.000     9.789    U_Counter/U_Clk_Div_10Hz/div_counter_reg0_carry__0_n_0
    SLICE_X62Y9          CARRY4 (Prop_carry4_CI_CO[3])
                                                      0.114     9.903 r  U_Counter/U_Clk_Div_10Hz/div_counter_reg0_carry__1/CO[3]
                         net (fo=1, routed)           0.000     9.903    U_Counter/U_Clk_Div_10Hz/div_counter_reg0_carry__1_n_0
    SLICE_X62Y10         CARRY4 (Prop_carry4_CI_CO[3])
                                                      0.114    10.017 r  U_Counter/U_Clk_Div_10Hz/div_counter_reg0_carry__2/CO[3]
                         net (fo=1, routed)           0.000    10.017    U_Counter/U_Clk_Div_10Hz/div_counter_reg0_carry__2_n_0
    SLICE_X62Y11         CARRY4 (Prop_carry4_CI_CO[3])
                                                      0.114    10.131 r  U_Counter/U_Clk_Div_10Hz/div_counter_reg0_carry__3/CO[3]
                         net (fo=1, routed)           0.000    10.131    U_Counter/U_Clk_Div_10Hz/div_counter_reg0_carry__3_n_0
    SLICE_X62Y12         CARRY4 (Prop_carry4_CI_O[1])
                                                      0.334    10.465 r  U_Counter/U_Clk_Div_10Hz/div_counter_reg0_carry__4/O[1]
                         net (fo=1, routed)           0.561    11.026    U_Counter/U_Clk_Div_10Hz/data0[22]
    SLICE_X61Y12         LUT2 (Prop_lut2_I0_O)        0.303    11.329 r  U_Counter/U_Clk_Div_10Hz/div_counter_reg[22]_i_1/O
                         net (fo=1, routed)           0.000    11.329    U_Counter/U_Clk_Div_10Hz/div_counter_reg_0[22]
    SLICE_X61Y12         FDCE                                         r  U_Counter/U_Clk_Div_10Hz/div_counter_reg_reg[22]/D
  -------------------------------------------------------------------    -------------------

                         (clock sys_clk_pin rise edge)
                                                     10.000    10.000 r  
    W5                                                0.000    10.000 r  clk (IN)
                         net (fo=0)                   0.000    10.000    clk
    W5                   IBUF (Prop_ibuf_I_O)         1.388    11.388 r  clk_IBUF_inst/O
                         net (fo=1, routed)           1.862    13.250    clk_IBUF
    BUFGCTRL_X0Y0        BUFG (Prop_bufg_I_O)         0.091    13.341 r  clk_IBUF_BUFG_inst/O
                         net (fo=108, routed)         1.514    14.855    U_Counter/U_Clk_Div_10Hz/CLK
    SLICE_X61Y12         FDCE                                         r  U_Counter/U_Clk_Div_10Hz/div_counter_reg_reg[22]/C
                         clock pessimism              0.274    15.129    
                         clock uncertainty           -0.035    15.094    
    SLICE_X61Y12         FDCE (Setup_fdce_C_D)        0.029    15.123    U_Counter/U_Clk_Div_10Hz/div_counter_reg_reg[22]
  -------------------------------------------------------------------
                         required time                         15.123    
                         arrival time                         -11.329    
  -------------------------------------------------------------------
                         slack                                  3.794    

Slack (MET) :             3.794ns  (required time - arrival time)
  Source:                 U_Counter/U_Clk_Div_10Hz/div_counter_reg_reg[20]/C
                            (rising edge-triggered cell FDCE clocked by sys_clk_pin  {rise@0.000ns fall@5.000ns period=10.000ns})
  Destination:            U_Counter/U_Clk_Div_10Hz/div_counter_reg_reg[21]/D
                            (rising edge-triggered cell FDCE clocked by sys_clk_pin  {rise@0.000ns fall@5.000ns period=10.000ns})
  Path Group:             sys_clk_pin
  Path Type:              Setup (Max at Slow Process Corner)
  Requirement:            10.000ns  (sys_clk_pin rise@10.000ns - sys_clk_pin rise@0.000ns)
  Data Path Delay:        6.251ns  (logic 2.673ns (42.763%)  route 3.578ns (57.237%))
  Logic Levels:           11  (CARRY4=6 LUT2=1 LUT4=2 LUT5=2)
  Clock Path Skew:        -0.038ns (DCD - SCD + CPR)
    Destination Clock Delay (DCD):    4.857ns = ( 14.857 - 10.000 ) 
    Source Clock Delay      (SCD):    5.155ns
    Clock Pessimism Removal (CPR):    0.260ns
  Clock Uncertainty:      0.035ns  ((TSJ^2 + TIJ^2)^1/2 + DJ) / 2 + PE
    Total System Jitter     (TSJ):    0.071ns
    Total Input Jitter      (TIJ):    0.000ns
    Discrete Jitter          (DJ):    0.000ns
    Phase Error              (PE):    0.000ns

    Location             Delay type                Incr(ns)  Path(ns)    Netlist Resource(s)
  -------------------------------------------------------------------    -------------------
                         (clock sys_clk_pin rise edge)
                                                      0.000     0.000 r  
    W5                                                0.000     0.000 r  clk (IN)
                         net (fo=0)                   0.000     0.000    clk
    W5                   IBUF (Prop_ibuf_I_O)         1.458     1.458 r  clk_IBUF_inst/O
                         net (fo=1, routed)           1.967     3.425    clk_IBUF
    BUFGCTRL_X0Y0        BUFG (Prop_bufg_I_O)         0.096     3.521 r  clk_IBUF_BUFG_inst/O
                         net (fo=108, routed)         1.634     5.155    U_Counter/U_Clk_Div_10Hz/CLK
    SLICE_X61Y11         FDCE                                         r  U_Counter/U_Clk_Div_10Hz/div_counter_reg_reg[20]/C
  -------------------------------------------------------------------    -------------------
    SLICE_X61Y11         FDCE (Prop_fdce_C_Q)         0.419     5.574 f  U_Counter/U_Clk_Div_10Hz/div_counter_reg_reg[20]/Q
                         net (fo=5, routed)           0.859     6.433    U_Counter/U_Clk_Div_10Hz/div_counter_reg[20]
    SLICE_X61Y10         LUT4 (Prop_lut4_I0_O)        0.299     6.732 r  U_Counter/U_Clk_Div_10Hz/div_counter_reg[23]_i_7/O
                         net (fo=1, routed)           0.414     7.146    U_Counter/U_Clk_Div_10Hz/div_counter_reg[23]_i_7_n_0
    SLICE_X65Y10         LUT5 (Prop_lut5_I4_O)        0.124     7.270 r  U_Counter/U_Clk_Div_10Hz/div_counter_reg[23]_i_4/O
                         net (fo=1, routed)           0.433     7.703    U_Counter/U_Clk_Div_10Hz/div_counter_reg[23]_i_4_n_0
    SLICE_X65Y10         LUT5 (Prop_lut5_I3_O)        0.124     7.827 r  U_Counter/U_Clk_Div_10Hz/div_counter_reg[23]_i_2/O
                         net (fo=48, routed)          0.667     8.493    U_CU/div_counter_reg_reg[0]
    SLICE_X61Y7          LUT4 (Prop_lut4_I1_O)        0.124     8.617 r  U_CU/div_counter_reg0_carry_i_1/O
                         net (fo=1, routed)           0.478     9.095    U_Counter/U_Clk_Div_10Hz/div_counter_reg_reg[4]_1[0]
    SLICE_X62Y7          CARRY4 (Prop_carry4_CYINIT_CO[3])
                                                      0.580     9.675 r  U_Counter/U_Clk_Div_10Hz/div_counter_reg0_carry/CO[3]
                         net (fo=1, routed)           0.000     9.675    U_Counter/U_Clk_Div_10Hz/div_counter_reg0_carry_n_0
    SLICE_X62Y8          CARRY4 (Prop_carry4_CI_CO[3])
                                                      0.114     9.789 r  U_Counter/U_Clk_Div_10Hz/div_counter_reg0_carry__0/CO[3]
                         net (fo=1, routed)           0.000     9.789    U_Counter/U_Clk_Div_10Hz/div_counter_reg0_carry__0_n_0
    SLICE_X62Y9          CARRY4 (Prop_carry4_CI_CO[3])
                                                      0.114     9.903 r  U_Counter/U_Clk_Div_10Hz/div_counter_reg0_carry__1/CO[3]
                         net (fo=1, routed)           0.000     9.903    U_Counter/U_Clk_Div_10Hz/div_counter_reg0_carry__1_n_0
    SLICE_X62Y10         CARRY4 (Prop_carry4_CI_CO[3])
                                                      0.114    10.017 r  U_Counter/U_Clk_Div_10Hz/div_counter_reg0_carry__2/CO[3]
                         net (fo=1, routed)           0.000    10.017    U_Counter/U_Clk_Div_10Hz/div_counter_reg0_carry__2_n_0
    SLICE_X62Y11         CARRY4 (Prop_carry4_CI_CO[3])
                                                      0.114    10.131 r  U_Counter/U_Clk_Div_10Hz/div_counter_reg0_carry__3/CO[3]
                         net (fo=1, routed)           0.000    10.131    U_Counter/U_Clk_Div_10Hz/div_counter_reg0_carry__3_n_0
    SLICE_X62Y12         CARRY4 (Prop_carry4_CI_O[0])
                                                      0.222    10.353 r  U_Counter/U_Clk_Div_10Hz/div_counter_reg0_carry__4/O[0]
                         net (fo=1, routed)           0.728    11.081    U_Counter/U_Clk_Div_10Hz/data0[21]
    SLICE_X64Y11         LUT2 (Prop_lut2_I0_O)        0.325    11.406 r  U_Counter/U_Clk_Div_10Hz/div_counter_reg[21]_i_1/O
                         net (fo=1, routed)           0.000    11.406    U_Counter/U_Clk_Div_10Hz/div_counter_reg_0[21]
    SLICE_X64Y11         FDCE                                         r  U_Counter/U_Clk_Div_10Hz/div_counter_reg_reg[21]/D
  -------------------------------------------------------------------    -------------------

                         (clock sys_clk_pin rise edge)
                                                     10.000    10.000 r  
    W5                                                0.000    10.000 r  clk (IN)
                         net (fo=0)                   0.000    10.000    clk
    W5                   IBUF (Prop_ibuf_I_O)         1.388    11.388 r  clk_IBUF_inst/O
                         net (fo=1, routed)           1.862    13.250    clk_IBUF
    BUFGCTRL_X0Y0        BUFG (Prop_bufg_I_O)         0.091    13.341 r  clk_IBUF_BUFG_inst/O
                         net (fo=108, routed)         1.516    14.857    U_Counter/U_Clk_Div_10Hz/CLK
    SLICE_X64Y11         FDCE                                         r  U_Counter/U_Clk_Div_10Hz/div_counter_reg_reg[21]/C
                         clock pessimism              0.260    15.117    
                         clock uncertainty           -0.035    15.082    
    SLICE_X64Y11         FDCE (Setup_fdce_C_D)        0.118    15.200    U_Counter/U_Clk_Div_10Hz/div_counter_reg_reg[21]
  -------------------------------------------------------------------
                         required time                         15.200    
                         arrival time                         -11.406    
  -------------------------------------------------------------------
                         slack                                  3.794    

Slack (MET) :             3.841ns  (required time - arrival time)
  Source:                 U_Counter/U_Clk_Div_10Hz/div_counter_reg_reg[20]/C
                            (rising edge-triggered cell FDCE clocked by sys_clk_pin  {rise@0.000ns fall@5.000ns period=10.000ns})
  Destination:            U_Counter/U_Clk_Div_10Hz/div_counter_reg_reg[17]/D
                            (rising edge-triggered cell FDCE clocked by sys_clk_pin  {rise@0.000ns fall@5.000ns period=10.000ns})
  Path Group:             sys_clk_pin
  Path Type:              Setup (Max at Slow Process Corner)
  Requirement:            10.000ns  (sys_clk_pin rise@10.000ns - sys_clk_pin rise@0.000ns)
  Data Path Delay:        6.204ns  (logic 2.555ns (41.184%)  route 3.649ns (58.816%))
  Logic Levels:           10  (CARRY4=5 LUT2=1 LUT4=2 LUT5=2)
  Clock Path Skew:        -0.038ns (DCD - SCD + CPR)
    Destination Clock Delay (DCD):    4.857ns = ( 14.857 - 10.000 ) 
    Source Clock Delay      (SCD):    5.155ns
    Clock Pessimism Removal (CPR):    0.260ns
  Clock Uncertainty:      0.035ns  ((TSJ^2 + TIJ^2)^1/2 + DJ) / 2 + PE
    Total System Jitter     (TSJ):    0.071ns
    Total Input Jitter      (TIJ):    0.000ns
    Discrete Jitter          (DJ):    0.000ns
    Phase Error              (PE):    0.000ns

    Location             Delay type                Incr(ns)  Path(ns)    Netlist Resource(s)
  -------------------------------------------------------------------    -------------------
                         (clock sys_clk_pin rise edge)
                                                      0.000     0.000 r  
    W5                                                0.000     0.000 r  clk (IN)
                         net (fo=0)                   0.000     0.000    clk
    W5                   IBUF (Prop_ibuf_I_O)         1.458     1.458 r  clk_IBUF_inst/O
                         net (fo=1, routed)           1.967     3.425    clk_IBUF
    BUFGCTRL_X0Y0        BUFG (Prop_bufg_I_O)         0.096     3.521 r  clk_IBUF_BUFG_inst/O
                         net (fo=108, routed)         1.634     5.155    U_Counter/U_Clk_Div_10Hz/CLK
    SLICE_X61Y11         FDCE                                         r  U_Counter/U_Clk_Div_10Hz/div_counter_reg_reg[20]/C
  -------------------------------------------------------------------    -------------------
    SLICE_X61Y11         FDCE (Prop_fdce_C_Q)         0.419     5.574 f  U_Counter/U_Clk_Div_10Hz/div_counter_reg_reg[20]/Q
                         net (fo=5, routed)           0.859     6.433    U_Counter/U_Clk_Div_10Hz/div_counter_reg[20]
    SLICE_X61Y10         LUT4 (Prop_lut4_I0_O)        0.299     6.732 r  U_Counter/U_Clk_Div_10Hz/div_counter_reg[23]_i_7/O
                         net (fo=1, routed)           0.414     7.146    U_Counter/U_Clk_Div_10Hz/div_counter_reg[23]_i_7_n_0
    SLICE_X65Y10         LUT5 (Prop_lut5_I4_O)        0.124     7.270 r  U_Counter/U_Clk_Div_10Hz/div_counter_reg[23]_i_4/O
                         net (fo=1, routed)           0.433     7.703    U_Counter/U_Clk_Div_10Hz/div_counter_reg[23]_i_4_n_0
    SLICE_X65Y10         LUT5 (Prop_lut5_I3_O)        0.124     7.827 r  U_Counter/U_Clk_Div_10Hz/div_counter_reg[23]_i_2/O
                         net (fo=48, routed)          0.667     8.493    U_CU/div_counter_reg_reg[0]
    SLICE_X61Y7          LUT4 (Prop_lut4_I1_O)        0.124     8.617 r  U_CU/div_counter_reg0_carry_i_1/O
                         net (fo=1, routed)           0.478     9.095    U_Counter/U_Clk_Div_10Hz/div_counter_reg_reg[4]_1[0]
    SLICE_X62Y7          CARRY4 (Prop_carry4_CYINIT_CO[3])
                                                      0.580     9.675 r  U_Counter/U_Clk_Div_10Hz/div_counter_reg0_carry/CO[3]
                         net (fo=1, routed)           0.000     9.675    U_Counter/U_Clk_Div_10Hz/div_counter_reg0_carry_n_0
    SLICE_X62Y8          CARRY4 (Prop_carry4_CI_CO[3])
                                                      0.114     9.789 r  U_Counter/U_Clk_Div_10Hz/div_counter_reg0_carry__0/CO[3]
                         net (fo=1, routed)           0.000     9.789    U_Counter/U_Clk_Div_10Hz/div_counter_reg0_carry__0_n_0
    SLICE_X62Y9          CARRY4 (Prop_carry4_CI_CO[3])
                                                      0.114     9.903 r  U_Counter/U_Clk_Div_10Hz/div_counter_reg0_carry__1/CO[3]
                         net (fo=1, routed)           0.000     9.903    U_Counter/U_Clk_Div_10Hz/div_counter_reg0_carry__1_n_0
    SLICE_X62Y10         CARRY4 (Prop_carry4_CI_CO[3])
                                                      0.114    10.017 r  U_Counter/U_Clk_Div_10Hz/div_counter_reg0_carry__2/CO[3]
                         net (fo=1, routed)           0.000    10.017    U_Counter/U_Clk_Div_10Hz/div_counter_reg0_carry__2_n_0
    SLICE_X62Y11         CARRY4 (Prop_carry4_CI_O[0])
                                                      0.222    10.239 r  U_Counter/U_Clk_Div_10Hz/div_counter_reg0_carry__3/O[0]
                         net (fo=1, routed)           0.799    11.038    U_Counter/U_Clk_Div_10Hz/data0[17]
    SLICE_X64Y11         LUT2 (Prop_lut2_I0_O)        0.321    11.359 r  U_Counter/U_Clk_Div_10Hz/div_counter_reg[17]_i_1/O
                         net (fo=1, routed)           0.000    11.359    U_Counter/U_Clk_Div_10Hz/div_counter_reg_0[17]
    SLICE_X64Y11         FDCE                                         r  U_Counter/U_Clk_Div_10Hz/div_counter_reg_reg[17]/D
  -------------------------------------------------------------------    -------------------

                         (clock sys_clk_pin rise edge)
                                                     10.000    10.000 r  
    W5                                                0.000    10.000 r  clk (IN)
                         net (fo=0)                   0.000    10.000    clk
    W5                   IBUF (Prop_ibuf_I_O)         1.388    11.388 r  clk_IBUF_inst/O
                         net (fo=1, routed)           1.862    13.250    clk_IBUF
    BUFGCTRL_X0Y0        BUFG (Prop_bufg_I_O)         0.091    13.341 r  clk_IBUF_BUFG_inst/O
                         net (fo=108, routed)         1.516    14.857    U_Counter/U_Clk_Div_10Hz/CLK
    SLICE_X64Y11         FDCE                                         r  U_Counter/U_Clk_Div_10Hz/div_counter_reg_reg[17]/C
                         clock pessimism              0.260    15.117    
                         clock uncertainty           -0.035    15.082    
    SLICE_X64Y11         FDCE (Setup_fdce_C_D)        0.118    15.200    U_Counter/U_Clk_Div_10Hz/div_counter_reg_reg[17]
  -------------------------------------------------------------------
                         required time                         15.200    
                         arrival time                         -11.359    
  -------------------------------------------------------------------
                         slack                                  3.841    

Slack (MET) :             3.885ns  (required time - arrival time)
  Source:                 U_Counter/U_Clk_Div_10Hz/div_counter_reg_reg[20]/C
                            (rising edge-triggered cell FDCE clocked by sys_clk_pin  {rise@0.000ns fall@5.000ns period=10.000ns})
  Destination:            U_Counter/U_Clk_Div_10Hz/div_counter_reg_reg[23]/D
                            (rising edge-triggered cell FDCE clocked by sys_clk_pin  {rise@0.000ns fall@5.000ns period=10.000ns})
  Path Group:             sys_clk_pin
  Path Type:              Setup (Max at Slow Process Corner)
  Requirement:            10.000ns  (sys_clk_pin rise@10.000ns - sys_clk_pin rise@0.000ns)
  Data Path Delay:        6.129ns  (logic 2.693ns (43.938%)  route 3.436ns (56.062%))
  Logic Levels:           11  (CARRY4=6 LUT2=1 LUT4=2 LUT5=2)
  Clock Path Skew:        -0.026ns (DCD - SCD + CPR)
    Destination Clock Delay (DCD):    4.855ns = ( 14.855 - 10.000 ) 
    Source Clock Delay      (SCD):    5.155ns
    Clock Pessimism Removal (CPR):    0.274ns
  Clock Uncertainty:      0.035ns  ((TSJ^2 + TIJ^2)^1/2 + DJ) / 2 + PE
    Total System Jitter     (TSJ):    0.071ns
    Total Input Jitter      (TIJ):    0.000ns
    Discrete Jitter          (DJ):    0.000ns
    Phase Error              (PE):    0.000ns

    Location             Delay type                Incr(ns)  Path(ns)    Netlist Resource(s)
  -------------------------------------------------------------------    -------------------
                         (clock sys_clk_pin rise edge)
                                                      0.000     0.000 r  
    W5                                                0.000     0.000 r  clk (IN)
                         net (fo=0)                   0.000     0.000    clk
    W5                   IBUF (Prop_ibuf_I_O)         1.458     1.458 r  clk_IBUF_inst/O
                         net (fo=1, routed)           1.967     3.425    clk_IBUF
    BUFGCTRL_X0Y0        BUFG (Prop_bufg_I_O)         0.096     3.521 r  clk_IBUF_BUFG_inst/O
                         net (fo=108, routed)         1.634     5.155    U_Counter/U_Clk_Div_10Hz/CLK
    SLICE_X61Y11         FDCE                                         r  U_Counter/U_Clk_Div_10Hz/div_counter_reg_reg[20]/C
  -------------------------------------------------------------------    -------------------
    SLICE_X61Y11         FDCE (Prop_fdce_C_Q)         0.419     5.574 f  U_Counter/U_Clk_Div_10Hz/div_counter_reg_reg[20]/Q
                         net (fo=5, routed)           0.859     6.433    U_Counter/U_Clk_Div_10Hz/div_counter_reg[20]
    SLICE_X61Y10         LUT4 (Prop_lut4_I0_O)        0.299     6.732 r  U_Counter/U_Clk_Div_10Hz/div_counter_reg[23]_i_7/O
                         net (fo=1, routed)           0.414     7.146    U_Counter/U_Clk_Div_10Hz/div_counter_reg[23]_i_7_n_0
    SLICE_X65Y10         LUT5 (Prop_lut5_I4_O)        0.124     7.270 r  U_Counter/U_Clk_Div_10Hz/div_counter_reg[23]_i_4/O
                         net (fo=1, routed)           0.433     7.703    U_Counter/U_Clk_Div_10Hz/div_counter_reg[23]_i_4_n_0
    SLICE_X65Y10         LUT5 (Prop_lut5_I3_O)        0.124     7.827 r  U_Counter/U_Clk_Div_10Hz/div_counter_reg[23]_i_2/O
                         net (fo=48, routed)          0.667     8.493    U_CU/div_counter_reg_reg[0]
    SLICE_X61Y7          LUT4 (Prop_lut4_I1_O)        0.124     8.617 r  U_CU/div_counter_reg0_carry_i_1/O
                         net (fo=1, routed)           0.478     9.095    U_Counter/U_Clk_Div_10Hz/div_counter_reg_reg[4]_1[0]
    SLICE_X62Y7          CARRY4 (Prop_carry4_CYINIT_CO[3])
                                                      0.580     9.675 r  U_Counter/U_Clk_Div_10Hz/div_counter_reg0_carry/CO[3]
                         net (fo=1, routed)           0.000     9.675    U_Counter/U_Clk_Div_10Hz/div_counter_reg0_carry_n_0
    SLICE_X62Y8          CARRY4 (Prop_carry4_CI_CO[3])
                                                      0.114     9.789 r  U_Counter/U_Clk_Div_10Hz/div_counter_reg0_carry__0/CO[3]
                         net (fo=1, routed)           0.000     9.789    U_Counter/U_Clk_Div_10Hz/div_counter_reg0_carry__0_n_0
    SLICE_X62Y9          CARRY4 (Prop_carry4_CI_CO[3])
                                                      0.114     9.903 r  U_Counter/U_Clk_Div_10Hz/div_counter_reg0_carry__1/CO[3]
                         net (fo=1, routed)           0.000     9.903    U_Counter/U_Clk_Div_10Hz/div_counter_reg0_carry__1_n_0
    SLICE_X62Y10         CARRY4 (Prop_carry4_CI_CO[3])
                                                      0.114    10.017 r  U_Counter/U_Clk_Div_10Hz/div_counter_reg0_carry__2/CO[3]
                         net (fo=1, routed)           0.000    10.017    U_Counter/U_Clk_Div_10Hz/div_counter_reg0_carry__2_n_0
    SLICE_X62Y11         CARRY4 (Prop_carry4_CI_CO[3])
                                                      0.114    10.131 r  U_Counter/U_Clk_Div_10Hz/div_counter_reg0_carry__3/CO[3]
                         net (fo=1, routed)           0.000    10.131    U_Counter/U_Clk_Div_10Hz/div_counter_reg0_carry__3_n_0
    SLICE_X62Y12         CARRY4 (Prop_carry4_CI_O[2])
                                                      0.239    10.370 r  U_Counter/U_Clk_Div_10Hz/div_counter_reg0_carry__4/O[2]
                         net (fo=1, routed)           0.586    10.956    U_Counter/U_Clk_Div_10Hz/data0[23]
    SLICE_X61Y12         LUT2 (Prop_lut2_I0_O)        0.328    11.284 r  U_Counter/U_Clk_Div_10Hz/div_counter_reg[23]_i_1/O
                         net (fo=1, routed)           0.000    11.284    U_Counter/U_Clk_Div_10Hz/div_counter_reg_0[23]
    SLICE_X61Y12         FDCE                                         r  U_Counter/U_Clk_Div_10Hz/div_counter_reg_reg[23]/D
  -------------------------------------------------------------------    -------------------

                         (clock sys_clk_pin rise edge)
                                                     10.000    10.000 r  
    W5                                                0.000    10.000 r  clk (IN)
                         net (fo=0)                   0.000    10.000    clk
    W5                   IBUF (Prop_ibuf_I_O)         1.388    11.388 r  clk_IBUF_inst/O
                         net (fo=1, routed)           1.862    13.250    clk_IBUF
    BUFGCTRL_X0Y0        BUFG (Prop_bufg_I_O)         0.091    13.341 r  clk_IBUF_BUFG_inst/O
                         net (fo=108, routed)         1.514    14.855    U_Counter/U_Clk_Div_10Hz/CLK
    SLICE_X61Y12         FDCE                                         r  U_Counter/U_Clk_Div_10Hz/div_counter_reg_reg[23]/C
                         clock pessimism              0.274    15.129    
                         clock uncertainty           -0.035    15.094    
    SLICE_X61Y12         FDCE (Setup_fdce_C_D)        0.075    15.169    U_Counter/U_Clk_Div_10Hz/div_counter_reg_reg[23]
  -------------------------------------------------------------------
                         required time                         15.169    
                         arrival time                         -11.284    
  -------------------------------------------------------------------
                         slack                                  3.885    

Slack (MET) :             3.887ns  (required time - arrival time)
  Source:                 U_Counter/U_Clk_Div_10Hz/div_counter_reg_reg[20]/C
                            (rising edge-triggered cell FDCE clocked by sys_clk_pin  {rise@0.000ns fall@5.000ns period=10.000ns})
  Destination:            U_Counter/U_Clk_Div_10Hz/div_counter_reg_reg[13]/D
                            (rising edge-triggered cell FDCE clocked by sys_clk_pin  {rise@0.000ns fall@5.000ns period=10.000ns})
  Path Group:             sys_clk_pin
  Path Type:              Setup (Max at Slow Process Corner)
  Requirement:            10.000ns  (sys_clk_pin rise@10.000ns - sys_clk_pin rise@0.000ns)
  Data Path Delay:        6.129ns  (logic 2.447ns (39.925%)  route 3.682ns (60.075%))
  Logic Levels:           9  (CARRY4=4 LUT2=1 LUT4=2 LUT5=2)
  Clock Path Skew:        -0.024ns (DCD - SCD + CPR)
    Destination Clock Delay (DCD):    4.857ns = ( 14.857 - 10.000 ) 
    Source Clock Delay      (SCD):    5.155ns
    Clock Pessimism Removal (CPR):    0.274ns
  Clock Uncertainty:      0.035ns  ((TSJ^2 + TIJ^2)^1/2 + DJ) / 2 + PE
    Total System Jitter     (TSJ):    0.071ns
    Total Input Jitter      (TIJ):    0.000ns
    Discrete Jitter          (DJ):    0.000ns
    Phase Error              (PE):    0.000ns

    Location             Delay type                Incr(ns)  Path(ns)    Netlist Resource(s)
  -------------------------------------------------------------------    -------------------
                         (clock sys_clk_pin rise edge)
                                                      0.000     0.000 r  
    W5                                                0.000     0.000 r  clk (IN)
                         net (fo=0)                   0.000     0.000    clk
    W5                   IBUF (Prop_ibuf_I_O)         1.458     1.458 r  clk_IBUF_inst/O
                         net (fo=1, routed)           1.967     3.425    clk_IBUF
    BUFGCTRL_X0Y0        BUFG (Prop_bufg_I_O)         0.096     3.521 r  clk_IBUF_BUFG_inst/O
                         net (fo=108, routed)         1.634     5.155    U_Counter/U_Clk_Div_10Hz/CLK
    SLICE_X61Y11         FDCE                                         r  U_Counter/U_Clk_Div_10Hz/div_counter_reg_reg[20]/C
  -------------------------------------------------------------------    -------------------
    SLICE_X61Y11         FDCE (Prop_fdce_C_Q)         0.419     5.574 f  U_Counter/U_Clk_Div_10Hz/div_counter_reg_reg[20]/Q
                         net (fo=5, routed)           0.859     6.433    U_Counter/U_Clk_Div_10Hz/div_counter_reg[20]
    SLICE_X61Y10         LUT4 (Prop_lut4_I0_O)        0.299     6.732 r  U_Counter/U_Clk_Div_10Hz/div_counter_reg[23]_i_7/O
                         net (fo=1, routed)           0.414     7.146    U_Counter/U_Clk_Div_10Hz/div_counter_reg[23]_i_7_n_0
    SLICE_X65Y10         LUT5 (Prop_lut5_I4_O)        0.124     7.270 r  U_Counter/U_Clk_Div_10Hz/div_counter_reg[23]_i_4/O
                         net (fo=1, routed)           0.433     7.703    U_Counter/U_Clk_Div_10Hz/div_counter_reg[23]_i_4_n_0
    SLICE_X65Y10         LUT5 (Prop_lut5_I3_O)        0.124     7.827 r  U_Counter/U_Clk_Div_10Hz/div_counter_reg[23]_i_2/O
                         net (fo=48, routed)          0.667     8.493    U_CU/div_counter_reg_reg[0]
    SLICE_X61Y7          LUT4 (Prop_lut4_I1_O)        0.124     8.617 r  U_CU/div_counter_reg0_carry_i_1/O
                         net (fo=1, routed)           0.478     9.095    U_Counter/U_Clk_Div_10Hz/div_counter_reg_reg[4]_1[0]
    SLICE_X62Y7          CARRY4 (Prop_carry4_CYINIT_CO[3])
                                                      0.580     9.675 r  U_Counter/U_Clk_Div_10Hz/div_counter_reg0_carry/CO[3]
                         net (fo=1, routed)           0.000     9.675    U_Counter/U_Clk_Div_10Hz/div_counter_reg0_carry_n_0
    SLICE_X62Y8          CARRY4 (Prop_carry4_CI_CO[3])
                                                      0.114     9.789 r  U_Counter/U_Clk_Div_10Hz/div_counter_reg0_carry__0/CO[3]
                         net (fo=1, routed)           0.000     9.789    U_Counter/U_Clk_Div_10Hz/div_counter_reg0_carry__0_n_0
    SLICE_X62Y9          CARRY4 (Prop_carry4_CI_CO[3])
                                                      0.114     9.903 r  U_Counter/U_Clk_Div_10Hz/div_counter_reg0_carry__1/CO[3]
                         net (fo=1, routed)           0.000     9.903    U_Counter/U_Clk_Div_10Hz/div_counter_reg0_carry__1_n_0
    SLICE_X62Y10         CARRY4 (Prop_carry4_CI_O[0])
                                                      0.222    10.125 r  U_Counter/U_Clk_Div_10Hz/div_counter_reg0_carry__2/O[0]
                         net (fo=1, routed)           0.832    10.957    U_Counter/U_Clk_Div_10Hz/data0[13]
    SLICE_X61Y9          LUT2 (Prop_lut2_I0_O)        0.327    11.284 r  U_Counter/U_Clk_Div_10Hz/div_counter_reg[13]_i_1/O
                         net (fo=1, routed)           0.000    11.284    U_Counter/U_Clk_Div_10Hz/div_counter_reg_0[13]
    SLICE_X61Y9          FDCE                                         r  U_Counter/U_Clk_Div_10Hz/div_counter_reg_reg[13]/D
  -------------------------------------------------------------------    -------------------

                         (clock sys_clk_pin rise edge)
                                                     10.000    10.000 r  
    W5                                                0.000    10.000 r  clk (IN)
                         net (fo=0)                   0.000    10.000    clk
    W5                   IBUF (Prop_ibuf_I_O)         1.388    11.388 r  clk_IBUF_inst/O
                         net (fo=1, routed)           1.862    13.250    clk_IBUF
    BUFGCTRL_X0Y0        BUFG (Prop_bufg_I_O)         0.091    13.341 r  clk_IBUF_BUFG_inst/O
                         net (fo=108, routed)         1.516    14.857    U_Counter/U_Clk_Div_10Hz/CLK
    SLICE_X61Y9          FDCE                                         r  U_Counter/U_Clk_Div_10Hz/div_counter_reg_reg[13]/C
                         clock pessimism              0.274    15.131    
                         clock uncertainty           -0.035    15.096    
    SLICE_X61Y9          FDCE (Setup_fdce_C_D)        0.075    15.171    U_Counter/U_Clk_Div_10Hz/div_counter_reg_reg[13]
  -------------------------------------------------------------------
                         required time                         15.171    
                         arrival time                         -11.284    
  -------------------------------------------------------------------
                         slack                                  3.887    

Slack (MET) :             3.939ns  (required time - arrival time)
  Source:                 U_Counter/U_Clk_Div_10Hz/div_counter_reg_reg[20]/C
                            (rising edge-triggered cell FDCE clocked by sys_clk_pin  {rise@0.000ns fall@5.000ns period=10.000ns})
  Destination:            U_Counter/U_Clk_Div_10Hz/div_counter_reg_reg[18]/D
                            (rising edge-triggered cell FDCE clocked by sys_clk_pin  {rise@0.000ns fall@5.000ns period=10.000ns})
  Path Group:             sys_clk_pin
  Path Type:              Setup (Max at Slow Process Corner)
  Requirement:            10.000ns  (sys_clk_pin rise@10.000ns - sys_clk_pin rise@0.000ns)
  Data Path Delay:        6.068ns  (logic 2.649ns (43.652%)  route 3.419ns (56.348%))
  Logic Levels:           10  (CARRY4=5 LUT2=1 LUT4=2 LUT5=2)
  Clock Path Skew:        -0.038ns (DCD - SCD + CPR)
    Destination Clock Delay (DCD):    4.857ns = ( 14.857 - 10.000 ) 
    Source Clock Delay      (SCD):    5.155ns
    Clock Pessimism Removal (CPR):    0.260ns
  Clock Uncertainty:      0.035ns  ((TSJ^2 + TIJ^2)^1/2 + DJ) / 2 + PE
    Total System Jitter     (TSJ):    0.071ns
    Total Input Jitter      (TIJ):    0.000ns
    Discrete Jitter          (DJ):    0.000ns
    Phase Error              (PE):    0.000ns

    Location             Delay type                Incr(ns)  Path(ns)    Netlist Resource(s)
  -------------------------------------------------------------------    -------------------
                         (clock sys_clk_pin rise edge)
                                                      0.000     0.000 r  
    W5                                                0.000     0.000 r  clk (IN)
                         net (fo=0)                   0.000     0.000    clk
    W5                   IBUF (Prop_ibuf_I_O)         1.458     1.458 r  clk_IBUF_inst/O
                         net (fo=1, routed)           1.967     3.425    clk_IBUF
    BUFGCTRL_X0Y0        BUFG (Prop_bufg_I_O)         0.096     3.521 r  clk_IBUF_BUFG_inst/O
                         net (fo=108, routed)         1.634     5.155    U_Counter/U_Clk_Div_10Hz/CLK
    SLICE_X61Y11         FDCE                                         r  U_Counter/U_Clk_Div_10Hz/div_counter_reg_reg[20]/C
  -------------------------------------------------------------------    -------------------
    SLICE_X61Y11         FDCE (Prop_fdce_C_Q)         0.419     5.574 f  U_Counter/U_Clk_Div_10Hz/div_counter_reg_reg[20]/Q
                         net (fo=5, routed)           0.859     6.433    U_Counter/U_Clk_Div_10Hz/div_counter_reg[20]
    SLICE_X61Y10         LUT4 (Prop_lut4_I0_O)        0.299     6.732 r  U_Counter/U_Clk_Div_10Hz/div_counter_reg[23]_i_7/O
                         net (fo=1, routed)           0.414     7.146    U_Counter/U_Clk_Div_10Hz/div_counter_reg[23]_i_7_n_0
    SLICE_X65Y10         LUT5 (Prop_lut5_I4_O)        0.124     7.270 r  U_Counter/U_Clk_Div_10Hz/div_counter_reg[23]_i_4/O
                         net (fo=1, routed)           0.433     7.703    U_Counter/U_Clk_Div_10Hz/div_counter_reg[23]_i_4_n_0
    SLICE_X65Y10         LUT5 (Prop_lut5_I3_O)        0.124     7.827 r  U_Counter/U_Clk_Div_10Hz/div_counter_reg[23]_i_2/O
                         net (fo=48, routed)          0.667     8.493    U_CU/div_counter_reg_reg[0]
    SLICE_X61Y7          LUT4 (Prop_lut4_I1_O)        0.124     8.617 r  U_CU/div_counter_reg0_carry_i_1/O
                         net (fo=1, routed)           0.478     9.095    U_Counter/U_Clk_Div_10Hz/div_counter_reg_reg[4]_1[0]
    SLICE_X62Y7          CARRY4 (Prop_carry4_CYINIT_CO[3])
                                                      0.580     9.675 r  U_Counter/U_Clk_Div_10Hz/div_counter_reg0_carry/CO[3]
                         net (fo=1, routed)           0.000     9.675    U_Counter/U_Clk_Div_10Hz/div_counter_reg0_carry_n_0
    SLICE_X62Y8          CARRY4 (Prop_carry4_CI_CO[3])
                                                      0.114     9.789 r  U_Counter/U_Clk_Div_10Hz/div_counter_reg0_carry__0/CO[3]
                         net (fo=1, routed)           0.000     9.789    U_Counter/U_Clk_Div_10Hz/div_counter_reg0_carry__0_n_0
    SLICE_X62Y9          CARRY4 (Prop_carry4_CI_CO[3])
                                                      0.114     9.903 r  U_Counter/U_Clk_Div_10Hz/div_counter_reg0_carry__1/CO[3]
                         net (fo=1, routed)           0.000     9.903    U_Counter/U_Clk_Div_10Hz/div_counter_reg0_carry__1_n_0
    SLICE_X62Y10         CARRY4 (Prop_carry4_CI_CO[3])
                                                      0.114    10.017 r  U_Counter/U_Clk_Div_10Hz/div_counter_reg0_carry__2/CO[3]
                         net (fo=1, routed)           0.000    10.017    U_Counter/U_Clk_Div_10Hz/div_counter_reg0_carry__2_n_0
    SLICE_X62Y11         CARRY4 (Prop_carry4_CI_O[1])
                                                      0.334    10.351 r  U_Counter/U_Clk_Div_10Hz/div_counter_reg0_carry__3/O[1]
                         net (fo=1, routed)           0.569    10.921    U_Counter/U_Clk_Div_10Hz/data0[18]
    SLICE_X64Y11         LUT2 (Prop_lut2_I0_O)        0.303    11.224 r  U_Counter/U_Clk_Div_10Hz/div_counter_reg[18]_i_1/O
                         net (fo=1, routed)           0.000    11.224    U_Counter/U_Clk_Div_10Hz/div_counter_reg_0[18]
    SLICE_X64Y11         FDCE                                         r  U_Counter/U_Clk_Div_10Hz/div_counter_reg_reg[18]/D
  -------------------------------------------------------------------    -------------------

                         (clock sys_clk_pin rise edge)
                                                     10.000    10.000 r  
    W5                                                0.000    10.000 r  clk (IN)
                         net (fo=0)                   0.000    10.000    clk
    W5                   IBUF (Prop_ibuf_I_O)         1.388    11.388 r  clk_IBUF_inst/O
                         net (fo=1, routed)           1.862    13.250    clk_IBUF
    BUFGCTRL_X0Y0        BUFG (Prop_bufg_I_O)         0.091    13.341 r  clk_IBUF_BUFG_inst/O
                         net (fo=108, routed)         1.516    14.857    U_Counter/U_Clk_Div_10Hz/CLK
    SLICE_X64Y11         FDCE                                         r  U_Counter/U_Clk_Div_10Hz/div_counter_reg_reg[18]/C
                         clock pessimism              0.260    15.117    
                         clock uncertainty           -0.035    15.082    
    SLICE_X64Y11         FDCE (Setup_fdce_C_D)        0.081    15.163    U_Counter/U_Clk_Div_10Hz/div_counter_reg_reg[18]
  -------------------------------------------------------------------
                         required time                         15.163    
                         arrival time                         -11.224    
  -------------------------------------------------------------------
                         slack                                  3.939    

Slack (MET) :             3.955ns  (required time - arrival time)
  Source:                 U_Counter/U_Clk_Div_10Hz/div_counter_reg_reg[20]/C
                            (rising edge-triggered cell FDCE clocked by sys_clk_pin  {rise@0.000ns fall@5.000ns period=10.000ns})
  Destination:            U_Counter/U_Clk_Div_10Hz/div_counter_reg_reg[14]/D
                            (rising edge-triggered cell FDCE clocked by sys_clk_pin  {rise@0.000ns fall@5.000ns period=10.000ns})
  Path Group:             sys_clk_pin
  Path Type:              Setup (Max at Slow Process Corner)
  Requirement:            10.000ns  (sys_clk_pin rise@10.000ns - sys_clk_pin rise@0.000ns)
  Data Path Delay:        6.049ns  (logic 2.535ns (41.910%)  route 3.514ns (58.089%))
  Logic Levels:           9  (CARRY4=4 LUT2=1 LUT4=2 LUT5=2)
  Clock Path Skew:        -0.038ns (DCD - SCD + CPR)
    Destination Clock Delay (DCD):    4.857ns = ( 14.857 - 10.000 ) 
    Source Clock Delay      (SCD):    5.155ns
    Clock Pessimism Removal (CPR):    0.260ns
  Clock Uncertainty:      0.035ns  ((TSJ^2 + TIJ^2)^1/2 + DJ) / 2 + PE
    Total System Jitter     (TSJ):    0.071ns
    Total Input Jitter      (TIJ):    0.000ns
    Discrete Jitter          (DJ):    0.000ns
    Phase Error              (PE):    0.000ns

    Location             Delay type                Incr(ns)  Path(ns)    Netlist Resource(s)
  -------------------------------------------------------------------    -------------------
                         (clock sys_clk_pin rise edge)
                                                      0.000     0.000 r  
    W5                                                0.000     0.000 r  clk (IN)
                         net (fo=0)                   0.000     0.000    clk
    W5                   IBUF (Prop_ibuf_I_O)         1.458     1.458 r  clk_IBUF_inst/O
                         net (fo=1, routed)           1.967     3.425    clk_IBUF
    BUFGCTRL_X0Y0        BUFG (Prop_bufg_I_O)         0.096     3.521 r  clk_IBUF_BUFG_inst/O
                         net (fo=108, routed)         1.634     5.155    U_Counter/U_Clk_Div_10Hz/CLK
    SLICE_X61Y11         FDCE                                         r  U_Counter/U_Clk_Div_10Hz/div_counter_reg_reg[20]/C
  -------------------------------------------------------------------    -------------------
    SLICE_X61Y11         FDCE (Prop_fdce_C_Q)         0.419     5.574 f  U_Counter/U_Clk_Div_10Hz/div_counter_reg_reg[20]/Q
                         net (fo=5, routed)           0.859     6.433    U_Counter/U_Clk_Div_10Hz/div_counter_reg[20]
    SLICE_X61Y10         LUT4 (Prop_lut4_I0_O)        0.299     6.732 r  U_Counter/U_Clk_Div_10Hz/div_counter_reg[23]_i_7/O
                         net (fo=1, routed)           0.414     7.146    U_Counter/U_Clk_Div_10Hz/div_counter_reg[23]_i_7_n_0
    SLICE_X65Y10         LUT5 (Prop_lut5_I4_O)        0.124     7.270 r  U_Counter/U_Clk_Div_10Hz/div_counter_reg[23]_i_4/O
                         net (fo=1, routed)           0.433     7.703    U_Counter/U_Clk_Div_10Hz/div_counter_reg[23]_i_4_n_0
    SLICE_X65Y10         LUT5 (Prop_lut5_I3_O)        0.124     7.827 r  U_Counter/U_Clk_Div_10Hz/div_counter_reg[23]_i_2/O
                         net (fo=48, routed)          0.667     8.493    U_CU/div_counter_reg_reg[0]
    SLICE_X61Y7          LUT4 (Prop_lut4_I1_O)        0.124     8.617 r  U_CU/div_counter_reg0_carry_i_1/O
                         net (fo=1, routed)           0.478     9.095    U_Counter/U_Clk_Div_10Hz/div_counter_reg_reg[4]_1[0]
    SLICE_X62Y7          CARRY4 (Prop_carry4_CYINIT_CO[3])
                                                      0.580     9.675 r  U_Counter/U_Clk_Div_10Hz/div_counter_reg0_carry/CO[3]
                         net (fo=1, routed)           0.000     9.675    U_Counter/U_Clk_Div_10Hz/div_counter_reg0_carry_n_0
    SLICE_X62Y8          CARRY4 (Prop_carry4_CI_CO[3])
                                                      0.114     9.789 r  U_Counter/U_Clk_Div_10Hz/div_counter_reg0_carry__0/CO[3]
                         net (fo=1, routed)           0.000     9.789    U_Counter/U_Clk_Div_10Hz/div_counter_reg0_carry__0_n_0
    SLICE_X62Y9          CARRY4 (Prop_carry4_CI_CO[3])
                                                      0.114     9.903 r  U_Counter/U_Clk_Div_10Hz/div_counter_reg0_carry__1/CO[3]
                         net (fo=1, routed)           0.000     9.903    U_Counter/U_Clk_Div_10Hz/div_counter_reg0_carry__1_n_0
    SLICE_X62Y10         CARRY4 (Prop_carry4_CI_O[1])
                                                      0.334    10.237 r  U_Counter/U_Clk_Div_10Hz/div_counter_reg0_carry__2/O[1]
                         net (fo=1, routed)           0.663    10.901    U_Counter/U_Clk_Div_10Hz/data0[14]
    SLICE_X64Y11         LUT2 (Prop_lut2_I0_O)        0.303    11.204 r  U_Counter/U_Clk_Div_10Hz/div_counter_reg[14]_i_1/O
                         net (fo=1, routed)           0.000    11.204    U_Counter/U_Clk_Div_10Hz/div_counter_reg_0[14]
    SLICE_X64Y11         FDCE                                         r  U_Counter/U_Clk_Div_10Hz/div_counter_reg_reg[14]/D
  -------------------------------------------------------------------    -------------------

                         (clock sys_clk_pin rise edge)
                                                     10.000    10.000 r  
    W5                                                0.000    10.000 r  clk (IN)
                         net (fo=0)                   0.000    10.000    clk
    W5                   IBUF (Prop_ibuf_I_O)         1.388    11.388 r  clk_IBUF_inst/O
                         net (fo=1, routed)           1.862    13.250    clk_IBUF
    BUFGCTRL_X0Y0        BUFG (Prop_bufg_I_O)         0.091    13.341 r  clk_IBUF_BUFG_inst/O
                         net (fo=108, routed)         1.516    14.857    U_Counter/U_Clk_Div_10Hz/CLK
    SLICE_X64Y11         FDCE                                         r  U_Counter/U_Clk_Div_10Hz/div_counter_reg_reg[14]/C
                         clock pessimism              0.260    15.117    
                         clock uncertainty           -0.035    15.082    
    SLICE_X64Y11         FDCE (Setup_fdce_C_D)        0.077    15.159    U_Counter/U_Clk_Div_10Hz/div_counter_reg_reg[14]
  -------------------------------------------------------------------
                         required time                         15.159    
                         arrival time                         -11.204    
  -------------------------------------------------------------------
                         slack                                  3.955    

Slack (MET) :             4.005ns  (required time - arrival time)
  Source:                 U_Counter/U_Clk_Div_10Hz/div_counter_reg_reg[20]/C
                            (rising edge-triggered cell FDCE clocked by sys_clk_pin  {rise@0.000ns fall@5.000ns period=10.000ns})
  Destination:            U_Counter/U_Clk_Div_10Hz/div_counter_reg_reg[19]/D
                            (rising edge-triggered cell FDCE clocked by sys_clk_pin  {rise@0.000ns fall@5.000ns period=10.000ns})
  Path Group:             sys_clk_pin
  Path Type:              Setup (Max at Slow Process Corner)
  Requirement:            10.000ns  (sys_clk_pin rise@10.000ns - sys_clk_pin rise@0.000ns)
  Data Path Delay:        5.989ns  (logic 2.553ns (42.628%)  route 3.436ns (57.372%))
  Logic Levels:           10  (CARRY4=5 LUT2=1 LUT4=2 LUT5=2)
  Clock Path Skew:        0.000ns (DCD - SCD + CPR)
    Destination Clock Delay (DCD):    4.856ns = ( 14.856 - 10.000 ) 
    Source Clock Delay      (SCD):    5.155ns
    Clock Pessimism Removal (CPR):    0.299ns
  Clock Uncertainty:      0.035ns  ((TSJ^2 + TIJ^2)^1/2 + DJ) / 2 + PE
    Total System Jitter     (TSJ):    0.071ns
    Total Input Jitter      (TIJ):    0.000ns
    Discrete Jitter          (DJ):    0.000ns
    Phase Error              (PE):    0.000ns

    Location             Delay type                Incr(ns)  Path(ns)    Netlist Resource(s)
  -------------------------------------------------------------------    -------------------
                         (clock sys_clk_pin rise edge)
                                                      0.000     0.000 r  
    W5                                                0.000     0.000 r  clk (IN)
                         net (fo=0)                   0.000     0.000    clk
    W5                   IBUF (Prop_ibuf_I_O)         1.458     1.458 r  clk_IBUF_inst/O
                         net (fo=1, routed)           1.967     3.425    clk_IBUF
    BUFGCTRL_X0Y0        BUFG (Prop_bufg_I_O)         0.096     3.521 r  clk_IBUF_BUFG_inst/O
                         net (fo=108, routed)         1.634     5.155    U_Counter/U_Clk_Div_10Hz/CLK
    SLICE_X61Y11         FDCE                                         r  U_Counter/U_Clk_Div_10Hz/div_counter_reg_reg[20]/C
  -------------------------------------------------------------------    -------------------
    SLICE_X61Y11         FDCE (Prop_fdce_C_Q)         0.419     5.574 f  U_Counter/U_Clk_Div_10Hz/div_counter_reg_reg[20]/Q
                         net (fo=5, routed)           0.859     6.433    U_Counter/U_Clk_Div_10Hz/div_counter_reg[20]
    SLICE_X61Y10         LUT4 (Prop_lut4_I0_O)        0.299     6.732 r  U_Counter/U_Clk_Div_10Hz/div_counter_reg[23]_i_7/O
                         net (fo=1, routed)           0.414     7.146    U_Counter/U_Clk_Div_10Hz/div_counter_reg[23]_i_7_n_0
    SLICE_X65Y10         LUT5 (Prop_lut5_I4_O)        0.124     7.270 r  U_Counter/U_Clk_Div_10Hz/div_counter_reg[23]_i_4/O
                         net (fo=1, routed)           0.433     7.703    U_Counter/U_Clk_Div_10Hz/div_counter_reg[23]_i_4_n_0
    SLICE_X65Y10         LUT5 (Prop_lut5_I3_O)        0.124     7.827 r  U_Counter/U_Clk_Div_10Hz/div_counter_reg[23]_i_2/O
                         net (fo=48, routed)          0.667     8.493    U_CU/div_counter_reg_reg[0]
    SLICE_X61Y7          LUT4 (Prop_lut4_I1_O)        0.124     8.617 r  U_CU/div_counter_reg0_carry_i_1/O
                         net (fo=1, routed)           0.478     9.095    U_Counter/U_Clk_Div_10Hz/div_counter_reg_reg[4]_1[0]
    SLICE_X62Y7          CARRY4 (Prop_carry4_CYINIT_CO[3])
                                                      0.580     9.675 r  U_Counter/U_Clk_Div_10Hz/div_counter_reg0_carry/CO[3]
                         net (fo=1, routed)           0.000     9.675    U_Counter/U_Clk_Div_10Hz/div_counter_reg0_carry_n_0
    SLICE_X62Y8          CARRY4 (Prop_carry4_CI_CO[3])
                                                      0.114     9.789 r  U_Counter/U_Clk_Div_10Hz/div_counter_reg0_carry__0/CO[3]
                         net (fo=1, routed)           0.000     9.789    U_Counter/U_Clk_Div_10Hz/div_counter_reg0_carry__0_n_0
    SLICE_X62Y9          CARRY4 (Prop_carry4_CI_CO[3])
                                                      0.114     9.903 r  U_Counter/U_Clk_Div_10Hz/div_counter_reg0_carry__1/CO[3]
                         net (fo=1, routed)           0.000     9.903    U_Counter/U_Clk_Div_10Hz/div_counter_reg0_carry__1_n_0
    SLICE_X62Y10         CARRY4 (Prop_carry4_CI_CO[3])
                                                      0.114    10.017 r  U_Counter/U_Clk_Div_10Hz/div_counter_reg0_carry__2/CO[3]
                         net (fo=1, routed)           0.000    10.017    U_Counter/U_Clk_Div_10Hz/div_counter_reg0_carry__2_n_0
    SLICE_X62Y11         CARRY4 (Prop_carry4_CI_O[2])
                                                      0.239    10.256 r  U_Counter/U_Clk_Div_10Hz/div_counter_reg0_carry__3/O[2]
                         net (fo=1, routed)           0.586    10.842    U_Counter/U_Clk_Div_10Hz/data0[19]
    SLICE_X61Y11         LUT2 (Prop_lut2_I0_O)        0.302    11.144 r  U_Counter/U_Clk_Div_10Hz/div_counter_reg[19]_i_1/O
                         net (fo=1, routed)           0.000    11.144    U_Counter/U_Clk_Div_10Hz/div_counter_reg_0[19]
    SLICE_X61Y11         FDCE                                         r  U_Counter/U_Clk_Div_10Hz/div_counter_reg_reg[19]/D
  -------------------------------------------------------------------    -------------------

                         (clock sys_clk_pin rise edge)
                                                     10.000    10.000 r  
    W5                                                0.000    10.000 r  clk (IN)
                         net (fo=0)                   0.000    10.000    clk
    W5                   IBUF (Prop_ibuf_I_O)         1.388    11.388 r  clk_IBUF_inst/O
                         net (fo=1, routed)           1.862    13.250    clk_IBUF
    BUFGCTRL_X0Y0        BUFG (Prop_bufg_I_O)         0.091    13.341 r  clk_IBUF_BUFG_inst/O
                         net (fo=108, routed)         1.515    14.856    U_Counter/U_Clk_Div_10Hz/CLK
    SLICE_X61Y11         FDCE                                         r  U_Counter/U_Clk_Div_10Hz/div_counter_reg_reg[19]/C
                         clock pessimism              0.299    15.155    
                         clock uncertainty           -0.035    15.120    
    SLICE_X61Y11         FDCE (Setup_fdce_C_D)        0.029    15.149    U_Counter/U_Clk_Div_10Hz/div_counter_reg_reg[19]
  -------------------------------------------------------------------
                         required time                         15.149    
                         arrival time                         -11.144    
  -------------------------------------------------------------------
                         slack                                  4.005    

Slack (MET) :             4.034ns  (required time - arrival time)
  Source:                 U_Counter/U_Clk_Div_10Hz/div_counter_reg_reg[20]/C
                            (rising edge-triggered cell FDCE clocked by sys_clk_pin  {rise@0.000ns fall@5.000ns period=10.000ns})
  Destination:            U_Counter/U_Clk_Div_10Hz/div_counter_reg_reg[10]/D
                            (rising edge-triggered cell FDCE clocked by sys_clk_pin  {rise@0.000ns fall@5.000ns period=10.000ns})
  Path Group:             sys_clk_pin
  Path Type:              Setup (Max at Slow Process Corner)
  Requirement:            10.000ns  (sys_clk_pin rise@10.000ns - sys_clk_pin rise@0.000ns)
  Data Path Delay:        5.936ns  (logic 2.421ns (40.787%)  route 3.515ns (59.213%))
  Logic Levels:           8  (CARRY4=3 LUT2=1 LUT4=2 LUT5=2)
  Clock Path Skew:        -0.024ns (DCD - SCD + CPR)
    Destination Clock Delay (DCD):    4.857ns = ( 14.857 - 10.000 ) 
    Source Clock Delay      (SCD):    5.155ns
    Clock Pessimism Removal (CPR):    0.274ns
  Clock Uncertainty:      0.035ns  ((TSJ^2 + TIJ^2)^1/2 + DJ) / 2 + PE
    Total System Jitter     (TSJ):    0.071ns
    Total Input Jitter      (TIJ):    0.000ns
    Discrete Jitter          (DJ):    0.000ns
    Phase Error              (PE):    0.000ns

    Location             Delay type                Incr(ns)  Path(ns)    Netlist Resource(s)
  -------------------------------------------------------------------    -------------------
                         (clock sys_clk_pin rise edge)
                                                      0.000     0.000 r  
    W5                                                0.000     0.000 r  clk (IN)
                         net (fo=0)                   0.000     0.000    clk
    W5                   IBUF (Prop_ibuf_I_O)         1.458     1.458 r  clk_IBUF_inst/O
                         net (fo=1, routed)           1.967     3.425    clk_IBUF
    BUFGCTRL_X0Y0        BUFG (Prop_bufg_I_O)         0.096     3.521 r  clk_IBUF_BUFG_inst/O
                         net (fo=108, routed)         1.634     5.155    U_Counter/U_Clk_Div_10Hz/CLK
    SLICE_X61Y11         FDCE                                         r  U_Counter/U_Clk_Div_10Hz/div_counter_reg_reg[20]/C
  -------------------------------------------------------------------    -------------------
    SLICE_X61Y11         FDCE (Prop_fdce_C_Q)         0.419     5.574 f  U_Counter/U_Clk_Div_10Hz/div_counter_reg_reg[20]/Q
                         net (fo=5, routed)           0.859     6.433    U_Counter/U_Clk_Div_10Hz/div_counter_reg[20]
    SLICE_X61Y10         LUT4 (Prop_lut4_I0_O)        0.299     6.732 r  U_Counter/U_Clk_Div_10Hz/div_counter_reg[23]_i_7/O
                         net (fo=1, routed)           0.414     7.146    U_Counter/U_Clk_Div_10Hz/div_counter_reg[23]_i_7_n_0
    SLICE_X65Y10         LUT5 (Prop_lut5_I4_O)        0.124     7.270 r  U_Counter/U_Clk_Div_10Hz/div_counter_reg[23]_i_4/O
                         net (fo=1, routed)           0.433     7.703    U_Counter/U_Clk_Div_10Hz/div_counter_reg[23]_i_4_n_0
    SLICE_X65Y10         LUT5 (Prop_lut5_I3_O)        0.124     7.827 r  U_Counter/U_Clk_Div_10Hz/div_counter_reg[23]_i_2/O
                         net (fo=48, routed)          0.667     8.493    U_CU/div_counter_reg_reg[0]
    SLICE_X61Y7          LUT4 (Prop_lut4_I1_O)        0.124     8.617 r  U_CU/div_counter_reg0_carry_i_1/O
                         net (fo=1, routed)           0.478     9.095    U_Counter/U_Clk_Div_10Hz/div_counter_reg_reg[4]_1[0]
    SLICE_X62Y7          CARRY4 (Prop_carry4_CYINIT_CO[3])
                                                      0.580     9.675 r  U_Counter/U_Clk_Div_10Hz/div_counter_reg0_carry/CO[3]
                         net (fo=1, routed)           0.000     9.675    U_Counter/U_Clk_Div_10Hz/div_counter_reg0_carry_n_0
    SLICE_X62Y8          CARRY4 (Prop_carry4_CI_CO[3])
                                                      0.114     9.789 r  U_Counter/U_Clk_Div_10Hz/div_counter_reg0_carry__0/CO[3]
                         net (fo=1, routed)           0.000     9.789    U_Counter/U_Clk_Div_10Hz/div_counter_reg0_carry__0_n_0
    SLICE_X62Y9          CARRY4 (Prop_carry4_CI_O[1])
                                                      0.334    10.123 r  U_Counter/U_Clk_Div_10Hz/div_counter_reg0_carry__1/O[1]
                         net (fo=1, routed)           0.665    10.788    U_Counter/U_Clk_Div_10Hz/data0[10]
    SLICE_X61Y9          LUT2 (Prop_lut2_I0_O)        0.303    11.091 r  U_Counter/U_Clk_Div_10Hz/div_counter_reg[10]_i_1/O
                         net (fo=1, routed)           0.000    11.091    U_Counter/U_Clk_Div_10Hz/div_counter_reg_0[10]
    SLICE_X61Y9          FDCE                                         r  U_Counter/U_Clk_Div_10Hz/div_counter_reg_reg[10]/D
  -------------------------------------------------------------------    -------------------

                         (clock sys_clk_pin rise edge)
                                                     10.000    10.000 r  
    W5                                                0.000    10.000 r  clk (IN)
                         net (fo=0)                   0.000    10.000    clk
    W5                   IBUF (Prop_ibuf_I_O)         1.388    11.388 r  clk_IBUF_inst/O
                         net (fo=1, routed)           1.862    13.250    clk_IBUF
    BUFGCTRL_X0Y0        BUFG (Prop_bufg_I_O)         0.091    13.341 r  clk_IBUF_BUFG_inst/O
                         net (fo=108, routed)         1.516    14.857    U_Counter/U_Clk_Div_10Hz/CLK
    SLICE_X61Y9          FDCE                                         r  U_Counter/U_Clk_Div_10Hz/div_counter_reg_reg[10]/C
                         clock pessimism              0.274    15.131    
                         clock uncertainty           -0.035    15.096    
    SLICE_X61Y9          FDCE (Setup_fdce_C_D)        0.029    15.125    U_Counter/U_Clk_Div_10Hz/div_counter_reg_reg[10]
  -------------------------------------------------------------------
                         required time                         15.125    
                         arrival time                         -11.091    
  -------------------------------------------------------------------
                         slack                                  4.034    

Slack (MET) :             4.126ns  (required time - arrival time)
  Source:                 U_Counter/U_Clk_Div_10Hz/div_counter_reg_reg[20]/C
                            (rising edge-triggered cell FDCE clocked by sys_clk_pin  {rise@0.000ns fall@5.000ns period=10.000ns})
  Destination:            U_Counter/U_Clk_Div_10Hz/div_counter_reg_reg[15]/D
                            (rising edge-triggered cell FDCE clocked by sys_clk_pin  {rise@0.000ns fall@5.000ns period=10.000ns})
  Path Group:             sys_clk_pin
  Path Type:              Setup (Max at Slow Process Corner)
  Requirement:            10.000ns  (sys_clk_pin rise@10.000ns - sys_clk_pin rise@0.000ns)
  Data Path Delay:        5.879ns  (logic 2.439ns (41.489%)  route 3.440ns (58.511%))
  Logic Levels:           9  (CARRY4=4 LUT2=1 LUT4=2 LUT5=2)
  Clock Path Skew:        -0.037ns (DCD - SCD + CPR)
    Destination Clock Delay (DCD):    4.858ns = ( 14.858 - 10.000 ) 
    Source Clock Delay      (SCD):    5.155ns
    Clock Pessimism Removal (CPR):    0.260ns
  Clock Uncertainty:      0.035ns  ((TSJ^2 + TIJ^2)^1/2 + DJ) / 2 + PE
    Total System Jitter     (TSJ):    0.071ns
    Total Input Jitter      (TIJ):    0.000ns
    Discrete Jitter          (DJ):    0.000ns
    Phase Error              (PE):    0.000ns

    Location             Delay type                Incr(ns)  Path(ns)    Netlist Resource(s)
  -------------------------------------------------------------------    -------------------
                         (clock sys_clk_pin rise edge)
                                                      0.000     0.000 r  
    W5                                                0.000     0.000 r  clk (IN)
                         net (fo=0)                   0.000     0.000    clk
    W5                   IBUF (Prop_ibuf_I_O)         1.458     1.458 r  clk_IBUF_inst/O
                         net (fo=1, routed)           1.967     3.425    clk_IBUF
    BUFGCTRL_X0Y0        BUFG (Prop_bufg_I_O)         0.096     3.521 r  clk_IBUF_BUFG_inst/O
                         net (fo=108, routed)         1.634     5.155    U_Counter/U_Clk_Div_10Hz/CLK
    SLICE_X61Y11         FDCE                                         r  U_Counter/U_Clk_Div_10Hz/div_counter_reg_reg[20]/C
  -------------------------------------------------------------------    -------------------
    SLICE_X61Y11         FDCE (Prop_fdce_C_Q)         0.419     5.574 f  U_Counter/U_Clk_Div_10Hz/div_counter_reg_reg[20]/Q
                         net (fo=5, routed)           0.859     6.433    U_Counter/U_Clk_Div_10Hz/div_counter_reg[20]
    SLICE_X61Y10         LUT4 (Prop_lut4_I0_O)        0.299     6.732 r  U_Counter/U_Clk_Div_10Hz/div_counter_reg[23]_i_7/O
                         net (fo=1, routed)           0.414     7.146    U_Counter/U_Clk_Div_10Hz/div_counter_reg[23]_i_7_n_0
    SLICE_X65Y10         LUT5 (Prop_lut5_I4_O)        0.124     7.270 r  U_Counter/U_Clk_Div_10Hz/div_counter_reg[23]_i_4/O
                         net (fo=1, routed)           0.433     7.703    U_Counter/U_Clk_Div_10Hz/div_counter_reg[23]_i_4_n_0
    SLICE_X65Y10         LUT5 (Prop_lut5_I3_O)        0.124     7.827 r  U_Counter/U_Clk_Div_10Hz/div_counter_reg[23]_i_2/O
                         net (fo=48, routed)          0.667     8.493    U_CU/div_counter_reg_reg[0]
    SLICE_X61Y7          LUT4 (Prop_lut4_I1_O)        0.124     8.617 r  U_CU/div_counter_reg0_carry_i_1/O
                         net (fo=1, routed)           0.478     9.095    U_Counter/U_Clk_Div_10Hz/div_counter_reg_reg[4]_1[0]
    SLICE_X62Y7          CARRY4 (Prop_carry4_CYINIT_CO[3])
                                                      0.580     9.675 r  U_Counter/U_Clk_Div_10Hz/div_counter_reg0_carry/CO[3]
                         net (fo=1, routed)           0.000     9.675    U_Counter/U_Clk_Div_10Hz/div_counter_reg0_carry_n_0
    SLICE_X62Y8          CARRY4 (Prop_carry4_CI_CO[3])
                                                      0.114     9.789 r  U_Counter/U_Clk_Div_10Hz/div_counter_reg0_carry__0/CO[3]
                         net (fo=1, routed)           0.000     9.789    U_Counter/U_Clk_Div_10Hz/div_counter_reg0_carry__0_n_0
    SLICE_X62Y9          CARRY4 (Prop_carry4_CI_CO[3])
                                                      0.114     9.903 r  U_Counter/U_Clk_Div_10Hz/div_counter_reg0_carry__1/CO[3]
                         net (fo=1, routed)           0.000     9.903    U_Counter/U_Clk_Div_10Hz/div_counter_reg0_carry__1_n_0
    SLICE_X62Y10         CARRY4 (Prop_carry4_CI_O[2])
                                                      0.239    10.142 r  U_Counter/U_Clk_Div_10Hz/div_counter_reg0_carry__2/O[2]
                         net (fo=1, routed)           0.590    10.732    U_Counter/U_Clk_Div_10Hz/data0[15]
    SLICE_X64Y10         LUT2 (Prop_lut2_I0_O)        0.302    11.034 r  U_Counter/U_Clk_Div_10Hz/div_counter_reg[15]_i_1/O
                         net (fo=1, routed)           0.000    11.034    U_Counter/U_Clk_Div_10Hz/div_counter_reg_0[15]
    SLICE_X64Y10         FDCE                                         r  U_Counter/U_Clk_Div_10Hz/div_counter_reg_reg[15]/D
  -------------------------------------------------------------------    -------------------

                         (clock sys_clk_pin rise edge)
                                                     10.000    10.000 r  
    W5                                                0.000    10.000 r  clk (IN)
                         net (fo=0)                   0.000    10.000    clk
    W5                   IBUF (Prop_ibuf_I_O)         1.388    11.388 r  clk_IBUF_inst/O
                         net (fo=1, routed)           1.862    13.250    clk_IBUF
    BUFGCTRL_X0Y0        BUFG (Prop_bufg_I_O)         0.091    13.341 r  clk_IBUF_BUFG_inst/O
                         net (fo=108, routed)         1.517    14.858    U_Counter/U_Clk_Div_10Hz/CLK
    SLICE_X64Y10         FDCE                                         r  U_Counter/U_Clk_Div_10Hz/div_counter_reg_reg[15]/C
                         clock pessimism              0.260    15.118    
                         clock uncertainty           -0.035    15.083    
    SLICE_X64Y10         FDCE (Setup_fdce_C_D)        0.077    15.160    U_Counter/U_Clk_Div_10Hz/div_counter_reg_reg[15]
  -------------------------------------------------------------------
                         required time                         15.160    
                         arrival time                         -11.034    
  -------------------------------------------------------------------
                         slack                                  4.126    





Min Delay Paths
--------------------------------------------------------------------------------------
Slack (MET) :             0.186ns  (arrival time - required time)
  Source:                 U_UART/U_Tick_Gen/count_reg_reg[0]/C
                            (rising edge-triggered cell FDCE clocked by sys_clk_pin  {rise@0.000ns fall@5.000ns period=10.000ns})
  Destination:            U_UART/U_Tick_Gen/count_reg_reg[4]/D
                            (rising edge-triggered cell FDCE clocked by sys_clk_pin  {rise@0.000ns fall@5.000ns period=10.000ns})
  Path Group:             sys_clk_pin
  Path Type:              Hold (Min at Fast Process Corner)
  Requirement:            0.000ns  (sys_clk_pin rise@0.000ns - sys_clk_pin rise@0.000ns)
  Data Path Delay:        0.319ns  (logic 0.186ns (58.239%)  route 0.133ns (41.761%))
  Logic Levels:           1  (LUT6=1)
  Clock Path Skew:        0.013ns (DCD - SCD - CPR)
    Destination Clock Delay (DCD):    1.963ns
    Source Clock Delay      (SCD):    1.448ns
    Clock Pessimism Removal (CPR):    0.502ns

    Location             Delay type                Incr(ns)  Path(ns)    Netlist Resource(s)
  -------------------------------------------------------------------    -------------------
                         (clock sys_clk_pin rise edge)
                                                      0.000     0.000 r  
    W5                                                0.000     0.000 r  clk (IN)
                         net (fo=0)                   0.000     0.000    clk
    W5                   IBUF (Prop_ibuf_I_O)         0.226     0.226 r  clk_IBUF_inst/O
                         net (fo=1, routed)           0.631     0.858    clk_IBUF
    BUFGCTRL_X0Y0        BUFG (Prop_bufg_I_O)         0.026     0.884 r  clk_IBUF_BUFG_inst/O
                         net (fo=108, routed)         0.565     1.448    U_UART/U_Tick_Gen/CLK
    SLICE_X51Y7          FDCE                                         r  U_UART/U_Tick_Gen/count_reg_reg[0]/C
  -------------------------------------------------------------------    -------------------
    SLICE_X51Y7          FDCE (Prop_fdce_C_Q)         0.141     1.589 r  U_UART/U_Tick_Gen/count_reg_reg[0]/Q
                         net (fo=10, routed)          0.133     1.723    U_UART/U_Tick_Gen/count_reg[0]
    SLICE_X50Y7          LUT6 (Prop_lut6_I4_O)        0.045     1.768 r  U_UART/U_Tick_Gen/count_reg[4]_i_1/O
                         net (fo=1, routed)           0.000     1.768    U_UART/U_Tick_Gen/count_next[4]
    SLICE_X50Y7          FDCE                                         r  U_UART/U_Tick_Gen/count_reg_reg[4]/D
  -------------------------------------------------------------------    -------------------

                         (clock sys_clk_pin rise edge)
                                                      0.000     0.000 r  
    W5                                                0.000     0.000 r  clk (IN)
                         net (fo=0)                   0.000     0.000    clk
    W5                   IBUF (Prop_ibuf_I_O)         0.414     0.414 r  clk_IBUF_inst/O
                         net (fo=1, routed)           0.685     1.099    clk_IBUF
    BUFGCTRL_X0Y0        BUFG (Prop_bufg_I_O)         0.029     1.128 r  clk_IBUF_BUFG_inst/O
                         net (fo=108, routed)         0.836     1.963    U_UART/U_Tick_Gen/CLK
    SLICE_X50Y7          FDCE                                         r  U_UART/U_Tick_Gen/count_reg_reg[4]/C
                         clock pessimism             -0.502     1.461    
    SLICE_X50Y7          FDCE (Hold_fdce_C_D)         0.120     1.581    U_UART/U_Tick_Gen/count_reg_reg[4]
  -------------------------------------------------------------------
                         required time                         -1.581    
                         arrival time                           1.768    
  -------------------------------------------------------------------
                         slack                                  0.186    

Slack (MET) :             0.187ns  (arrival time - required time)
  Source:                 U_UART/U_UART_RX/bit_count_reg_reg[2]/C
                            (rising edge-triggered cell FDCE clocked by sys_clk_pin  {rise@0.000ns fall@5.000ns period=10.000ns})
  Destination:            U_UART/U_UART_RX/FSM_sequential_state_reg[0]/D
                            (rising edge-triggered cell FDCE clocked by sys_clk_pin  {rise@0.000ns fall@5.000ns period=10.000ns})
  Path Group:             sys_clk_pin
  Path Type:              Hold (Min at Fast Process Corner)
  Requirement:            0.000ns  (sys_clk_pin rise@0.000ns - sys_clk_pin rise@0.000ns)
  Data Path Delay:        0.320ns  (logic 0.186ns (58.201%)  route 0.134ns (41.799%))
  Logic Levels:           1  (LUT6=1)
  Clock Path Skew:        0.013ns (DCD - SCD - CPR)
    Destination Clock Delay (DCD):    1.963ns
    Source Clock Delay      (SCD):    1.448ns
    Clock Pessimism Removal (CPR):    0.502ns

    Location             Delay type                Incr(ns)  Path(ns)    Netlist Resource(s)
  -------------------------------------------------------------------    -------------------
                         (clock sys_clk_pin rise edge)
                                                      0.000     0.000 r  
    W5                                                0.000     0.000 r  clk (IN)
                         net (fo=0)                   0.000     0.000    clk
    W5                   IBUF (Prop_ibuf_I_O)         0.226     0.226 r  clk_IBUF_inst/O
                         net (fo=1, routed)           0.631     0.858    clk_IBUF
    BUFGCTRL_X0Y0        BUFG (Prop_bufg_I_O)         0.026     0.884 r  clk_IBUF_BUFG_inst/O
                         net (fo=108, routed)         0.565     1.448    U_UART/U_UART_RX/CLK
    SLICE_X55Y8          FDCE                                         r  U_UART/U_UART_RX/bit_count_reg_reg[2]/C
  -------------------------------------------------------------------    -------------------
    SLICE_X55Y8          FDCE (Prop_fdce_C_Q)         0.141     1.589 r  U_UART/U_UART_RX/bit_count_reg_reg[2]/Q
                         net (fo=12, routed)          0.134     1.723    U_UART/U_UART_RX/sel0[2]
    SLICE_X54Y8          LUT6 (Prop_lut6_I3_O)        0.045     1.768 r  U_UART/U_UART_RX/FSM_sequential_state[0]_i_1/O
                         net (fo=1, routed)           0.000     1.768    U_UART/U_UART_RX/FSM_sequential_state[0]_i_1_n_0
    SLICE_X54Y8          FDCE                                         r  U_UART/U_UART_RX/FSM_sequential_state_reg[0]/D
  -------------------------------------------------------------------    -------------------

                         (clock sys_clk_pin rise edge)
                                                      0.000     0.000 r  
    W5                                                0.000     0.000 r  clk (IN)
                         net (fo=0)                   0.000     0.000    clk
    W5                   IBUF (Prop_ibuf_I_O)         0.414     0.414 r  clk_IBUF_inst/O
                         net (fo=1, routed)           0.685     1.099    clk_IBUF
    BUFGCTRL_X0Y0        BUFG (Prop_bufg_I_O)         0.029     1.128 r  clk_IBUF_BUFG_inst/O
                         net (fo=108, routed)         0.836     1.963    U_UART/U_UART_RX/CLK
    SLICE_X54Y8          FDCE                                         r  U_UART/U_UART_RX/FSM_sequential_state_reg[0]/C
                         clock pessimism             -0.502     1.461    
    SLICE_X54Y8          FDCE (Hold_fdce_C_D)         0.120     1.581    U_UART/U_UART_RX/FSM_sequential_state_reg[0]
  -------------------------------------------------------------------
                         required time                         -1.581    
                         arrival time                           1.768    
  -------------------------------------------------------------------
                         slack                                  0.187    

Slack (MET) :             0.190ns  (arrival time - required time)
  Source:                 U_UART/U_UART_RX/bit_count_reg_reg[0]/C
                            (rising edge-triggered cell FDCE clocked by sys_clk_pin  {rise@0.000ns fall@5.000ns period=10.000ns})
  Destination:            U_UART/U_UART_RX/bit_count_reg_reg[2]/D
                            (rising edge-triggered cell FDCE clocked by sys_clk_pin  {rise@0.000ns fall@5.000ns period=10.000ns})
  Path Group:             sys_clk_pin
  Path Type:              Hold (Min at Fast Process Corner)
  Requirement:            0.000ns  (sys_clk_pin rise@0.000ns - sys_clk_pin rise@0.000ns)
  Data Path Delay:        0.294ns  (logic 0.209ns (71.030%)  route 0.085ns (28.970%))
  Logic Levels:           1  (LUT6=1)
  Clock Path Skew:        0.013ns (DCD - SCD - CPR)
    Destination Clock Delay (DCD):    1.963ns
    Source Clock Delay      (SCD):    1.448ns
    Clock Pessimism Removal (CPR):    0.502ns

    Location             Delay type                Incr(ns)  Path(ns)    Netlist Resource(s)
  -------------------------------------------------------------------    -------------------
                         (clock sys_clk_pin rise edge)
                                                      0.000     0.000 r  
    W5                                                0.000     0.000 r  clk (IN)
                         net (fo=0)                   0.000     0.000    clk
    W5                   IBUF (Prop_ibuf_I_O)         0.226     0.226 r  clk_IBUF_inst/O
                         net (fo=1, routed)           0.631     0.858    clk_IBUF
    BUFGCTRL_X0Y0        BUFG (Prop_bufg_I_O)         0.026     0.884 r  clk_IBUF_BUFG_inst/O
                         net (fo=108, routed)         0.565     1.448    U_UART/U_UART_RX/CLK
    SLICE_X54Y8          FDCE                                         r  U_UART/U_UART_RX/bit_count_reg_reg[0]/C
  -------------------------------------------------------------------    -------------------
    SLICE_X54Y8          FDCE (Prop_fdce_C_Q)         0.164     1.612 r  U_UART/U_UART_RX/bit_count_reg_reg[0]/Q
                         net (fo=12, routed)          0.085     1.697    U_UART/U_UART_RX/sel0[0]
    SLICE_X55Y8          LUT6 (Prop_lut6_I1_O)        0.045     1.742 r  U_UART/U_UART_RX/bit_count_reg[2]_i_1/O
                         net (fo=1, routed)           0.000     1.742    U_UART/U_UART_RX/bit_count_reg[2]_i_1_n_0
    SLICE_X55Y8          FDCE                                         r  U_UART/U_UART_RX/bit_count_reg_reg[2]/D
  -------------------------------------------------------------------    -------------------

                         (clock sys_clk_pin rise edge)
                                                      0.000     0.000 r  
    W5                                                0.000     0.000 r  clk (IN)
                         net (fo=0)                   0.000     0.000    clk
    W5                   IBUF (Prop_ibuf_I_O)         0.414     0.414 r  clk_IBUF_inst/O
                         net (fo=1, routed)           0.685     1.099    clk_IBUF
    BUFGCTRL_X0Y0        BUFG (Prop_bufg_I_O)         0.029     1.128 r  clk_IBUF_BUFG_inst/O
                         net (fo=108, routed)         0.836     1.963    U_UART/U_UART_RX/CLK
    SLICE_X55Y8          FDCE                                         r  U_UART/U_UART_RX/bit_count_reg_reg[2]/C
                         clock pessimism             -0.502     1.461    
    SLICE_X55Y8          FDCE (Hold_fdce_C_D)         0.091     1.552    U_UART/U_UART_RX/bit_count_reg_reg[2]
  -------------------------------------------------------------------
                         required time                         -1.552    
                         arrival time                           1.742    
  -------------------------------------------------------------------
                         slack                                  0.190    

Slack (MET) :             0.194ns  (arrival time - required time)
  Source:                 U_UART/U_UART_RX/rx_data_reg_reg[5]/C
                            (rising edge-triggered cell FDCE clocked by sys_clk_pin  {rise@0.000ns fall@5.000ns period=10.000ns})
  Destination:            U_UART/U_UART_CU/data_reg_reg[5]/D
                            (rising edge-triggered cell FDCE clocked by sys_clk_pin  {rise@0.000ns fall@5.000ns period=10.000ns})
  Path Group:             sys_clk_pin
  Path Type:              Hold (Min at Fast Process Corner)
  Requirement:            0.000ns  (sys_clk_pin rise@0.000ns - sys_clk_pin rise@0.000ns)
  Data Path Delay:        0.270ns  (logic 0.141ns (52.238%)  route 0.129ns (47.762%))
  Logic Levels:           0  
  Clock Path Skew:        0.013ns (DCD - SCD - CPR)
    Destination Clock Delay (DCD):    1.963ns
    Source Clock Delay      (SCD):    1.450ns
    Clock Pessimism Removal (CPR):    0.500ns

    Location             Delay type                Incr(ns)  Path(ns)    Netlist Resource(s)
  -------------------------------------------------------------------    -------------------
                         (clock sys_clk_pin rise edge)
                                                      0.000     0.000 r  
    W5                                                0.000     0.000 r  clk (IN)
                         net (fo=0)                   0.000     0.000    clk
    W5                   IBUF (Prop_ibuf_I_O)         0.226     0.226 r  clk_IBUF_inst/O
                         net (fo=1, routed)           0.631     0.858    clk_IBUF
    BUFGCTRL_X0Y0        BUFG (Prop_bufg_I_O)         0.026     0.884 r  clk_IBUF_BUFG_inst/O
                         net (fo=108, routed)         0.567     1.450    U_UART/U_UART_RX/CLK
    SLICE_X57Y7          FDCE                                         r  U_UART/U_UART_RX/rx_data_reg_reg[5]/C
  -------------------------------------------------------------------    -------------------
    SLICE_X57Y7          FDCE (Prop_fdce_C_Q)         0.141     1.591 r  U_UART/U_UART_RX/rx_data_reg_reg[5]/Q
                         net (fo=3, routed)           0.129     1.720    U_UART/U_UART_CU/data_reg_reg[7]_1[5]
    SLICE_X56Y7          FDCE                                         r  U_UART/U_UART_CU/data_reg_reg[5]/D
  -------------------------------------------------------------------    -------------------

                         (clock sys_clk_pin rise edge)
                                                      0.000     0.000 r  
    W5                                                0.000     0.000 r  clk (IN)
                         net (fo=0)                   0.000     0.000    clk
    W5                   IBUF (Prop_ibuf_I_O)         0.414     0.414 r  clk_IBUF_inst/O
                         net (fo=1, routed)           0.685     1.099    clk_IBUF
    BUFGCTRL_X0Y0        BUFG (Prop_bufg_I_O)         0.029     1.128 r  clk_IBUF_BUFG_inst/O
                         net (fo=108, routed)         0.836     1.963    U_UART/U_UART_CU/CLK
    SLICE_X56Y7          FDCE                                         r  U_UART/U_UART_CU/data_reg_reg[5]/C
                         clock pessimism             -0.500     1.463    
    SLICE_X56Y7          FDCE (Hold_fdce_C_D)         0.063     1.526    U_UART/U_UART_CU/data_reg_reg[5]
  -------------------------------------------------------------------
                         required time                         -1.526    
                         arrival time                           1.720    
  -------------------------------------------------------------------
                         slack                                  0.194    

Slack (MET) :             0.207ns  (arrival time - required time)
  Source:                 U_UART/U_UART_RX/tick_count_reg_reg[0]/C
                            (rising edge-triggered cell FDCE clocked by sys_clk_pin  {rise@0.000ns fall@5.000ns period=10.000ns})
  Destination:            U_UART/U_UART_RX/tick_count_reg_reg[2]/D
                            (rising edge-triggered cell FDCE clocked by sys_clk_pin  {rise@0.000ns fall@5.000ns period=10.000ns})
  Path Group:             sys_clk_pin
  Path Type:              Hold (Min at Fast Process Corner)
  Requirement:            0.000ns  (sys_clk_pin rise@0.000ns - sys_clk_pin rise@0.000ns)
  Data Path Delay:        0.327ns  (logic 0.212ns (64.749%)  route 0.115ns (35.251%))
  Logic Levels:           1  (LUT5=1)
  Clock Path Skew:        0.013ns (DCD - SCD - CPR)
    Destination Clock Delay (DCD):    1.963ns
    Source Clock Delay      (SCD):    1.448ns
    Clock Pessimism Removal (CPR):    0.502ns

    Location             Delay type                Incr(ns)  Path(ns)    Netlist Resource(s)
  -------------------------------------------------------------------    -------------------
                         (clock sys_clk_pin rise edge)
                                                      0.000     0.000 r  
    W5                                                0.000     0.000 r  clk (IN)
                         net (fo=0)                   0.000     0.000    clk
    W5                   IBUF (Prop_ibuf_I_O)         0.226     0.226 r  clk_IBUF_inst/O
                         net (fo=1, routed)           0.631     0.858    clk_IBUF
    BUFGCTRL_X0Y0        BUFG (Prop_bufg_I_O)         0.026     0.884 r  clk_IBUF_BUFG_inst/O
                         net (fo=108, routed)         0.565     1.448    U_UART/U_UART_RX/CLK
    SLICE_X54Y9          FDCE                                         r  U_UART/U_UART_RX/tick_count_reg_reg[0]/C
  -------------------------------------------------------------------    -------------------
    SLICE_X54Y9          FDCE (Prop_fdce_C_Q)         0.164     1.612 r  U_UART/U_UART_RX/tick_count_reg_reg[0]/Q
                         net (fo=7, routed)           0.115     1.728    U_UART/U_UART_RX/tick_count_reg[0]
    SLICE_X55Y9          LUT5 (Prop_lut5_I1_O)        0.048     1.776 r  U_UART/U_UART_RX/tick_count_reg[2]_i_1/O
                         net (fo=1, routed)           0.000     1.776    U_UART/U_UART_RX/tick_count_reg[2]_i_1_n_0
    SLICE_X55Y9          FDCE                                         r  U_UART/U_UART_RX/tick_count_reg_reg[2]/D
  -------------------------------------------------------------------    -------------------

                         (clock sys_clk_pin rise edge)
                                                      0.000     0.000 r  
    W5                                                0.000     0.000 r  clk (IN)
                         net (fo=0)                   0.000     0.000    clk
    W5                   IBUF (Prop_ibuf_I_O)         0.414     0.414 r  clk_IBUF_inst/O
                         net (fo=1, routed)           0.685     1.099    clk_IBUF
    BUFGCTRL_X0Y0        BUFG (Prop_bufg_I_O)         0.029     1.128 r  clk_IBUF_BUFG_inst/O
                         net (fo=108, routed)         0.836     1.963    U_UART/U_UART_RX/CLK
    SLICE_X55Y9          FDCE                                         r  U_UART/U_UART_RX/tick_count_reg_reg[2]/C
                         clock pessimism             -0.502     1.461    
    SLICE_X55Y9          FDCE (Hold_fdce_C_D)         0.107     1.568    U_UART/U_UART_RX/tick_count_reg_reg[2]
  -------------------------------------------------------------------
                         required time                         -1.568    
                         arrival time                           1.776    
  -------------------------------------------------------------------
                         slack                                  0.207    

Slack (MET) :             0.220ns  (arrival time - required time)
  Source:                 U_UART/U_UART_RX/tick_count_reg_reg[0]/C
                            (rising edge-triggered cell FDCE clocked by sys_clk_pin  {rise@0.000ns fall@5.000ns period=10.000ns})
  Destination:            U_UART/U_UART_RX/tick_count_reg_reg[1]/D
                            (rising edge-triggered cell FDCE clocked by sys_clk_pin  {rise@0.000ns fall@5.000ns period=10.000ns})
  Path Group:             sys_clk_pin
  Path Type:              Hold (Min at Fast Process Corner)
  Requirement:            0.000ns  (sys_clk_pin rise@0.000ns - sys_clk_pin rise@0.000ns)
  Data Path Delay:        0.324ns  (logic 0.209ns (64.423%)  route 0.115ns (35.576%))
  Logic Levels:           1  (LUT4=1)
  Clock Path Skew:        0.013ns (DCD - SCD - CPR)
    Destination Clock Delay (DCD):    1.963ns
    Source Clock Delay      (SCD):    1.448ns
    Clock Pessimism Removal (CPR):    0.502ns

    Location             Delay type                Incr(ns)  Path(ns)    Netlist Resource(s)
  -------------------------------------------------------------------    -------------------
                         (clock sys_clk_pin rise edge)
                                                      0.000     0.000 r  
    W5                                                0.000     0.000 r  clk (IN)
                         net (fo=0)                   0.000     0.000    clk
    W5                   IBUF (Prop_ibuf_I_O)         0.226     0.226 r  clk_IBUF_inst/O
                         net (fo=1, routed)           0.631     0.858    clk_IBUF
    BUFGCTRL_X0Y0        BUFG (Prop_bufg_I_O)         0.026     0.884 r  clk_IBUF_BUFG_inst/O
                         net (fo=108, routed)         0.565     1.448    U_UART/U_UART_RX/CLK
    SLICE_X54Y9          FDCE                                         r  U_UART/U_UART_RX/tick_count_reg_reg[0]/C
  -------------------------------------------------------------------    -------------------
    SLICE_X54Y9          FDCE (Prop_fdce_C_Q)         0.164     1.612 r  U_UART/U_UART_RX/tick_count_reg_reg[0]/Q
                         net (fo=7, routed)           0.115     1.728    U_UART/U_UART_RX/tick_count_reg[0]
    SLICE_X55Y9          LUT4 (Prop_lut4_I1_O)        0.045     1.773 r  U_UART/U_UART_RX/tick_count_reg[1]_i_1/O
                         net (fo=1, routed)           0.000     1.773    U_UART/U_UART_RX/tick_count_reg[1]_i_1_n_0
    SLICE_X55Y9          FDCE                                         r  U_UART/U_UART_RX/tick_count_reg_reg[1]/D
  -------------------------------------------------------------------    -------------------

                         (clock sys_clk_pin rise edge)
                                                      0.000     0.000 r  
    W5                                                0.000     0.000 r  clk (IN)
                         net (fo=0)                   0.000     0.000    clk
    W5                   IBUF (Prop_ibuf_I_O)         0.414     0.414 r  clk_IBUF_inst/O
                         net (fo=1, routed)           0.685     1.099    clk_IBUF
    BUFGCTRL_X0Y0        BUFG (Prop_bufg_I_O)         0.029     1.128 r  clk_IBUF_BUFG_inst/O
                         net (fo=108, routed)         0.836     1.963    U_UART/U_UART_RX/CLK
    SLICE_X55Y9          FDCE                                         r  U_UART/U_UART_RX/tick_count_reg_reg[1]/C
                         clock pessimism             -0.502     1.461    
    SLICE_X55Y9          FDCE (Hold_fdce_C_D)         0.091     1.552    U_UART/U_UART_RX/tick_count_reg_reg[1]
  -------------------------------------------------------------------
                         required time                         -1.552    
                         arrival time                           1.773    
  -------------------------------------------------------------------
                         slack                                  0.220    

Slack (MET) :             0.237ns  (arrival time - required time)
  Source:                 U_UART/U_Tick_Gen/count_reg_reg[9]/C
                            (rising edge-triggered cell FDCE clocked by sys_clk_pin  {rise@0.000ns fall@5.000ns period=10.000ns})
  Destination:            U_UART/U_Tick_Gen/count_reg_reg[9]/D
                            (rising edge-triggered cell FDCE clocked by sys_clk_pin  {rise@0.000ns fall@5.000ns period=10.000ns})
  Path Group:             sys_clk_pin
  Path Type:              Hold (Min at Fast Process Corner)
  Requirement:            0.000ns  (sys_clk_pin rise@0.000ns - sys_clk_pin rise@0.000ns)
  Data Path Delay:        0.358ns  (logic 0.209ns (58.302%)  route 0.149ns (41.698%))
  Logic Levels:           1  (LUT6=1)
  Clock Path Skew:        0.000ns (DCD - SCD - CPR)
    Destination Clock Delay (DCD):    1.963ns
    Source Clock Delay      (SCD):    1.448ns
    Clock Pessimism Removal (CPR):    0.515ns

    Location             Delay type                Incr(ns)  Path(ns)    Netlist Resource(s)
  -------------------------------------------------------------------    -------------------
                         (clock sys_clk_pin rise edge)
                                                      0.000     0.000 r  
    W5                                                0.000     0.000 r  clk (IN)
                         net (fo=0)                   0.000     0.000    clk
    W5                   IBUF (Prop_ibuf_I_O)         0.226     0.226 r  clk_IBUF_inst/O
                         net (fo=1, routed)           0.631     0.858    clk_IBUF
    BUFGCTRL_X0Y0        BUFG (Prop_bufg_I_O)         0.026     0.884 r  clk_IBUF_BUFG_inst/O
                         net (fo=108, routed)         0.565     1.448    U_UART/U_Tick_Gen/CLK
    SLICE_X52Y7          FDCE                                         r  U_UART/U_Tick_Gen/count_reg_reg[9]/C
  -------------------------------------------------------------------    -------------------
    SLICE_X52Y7          FDCE (Prop_fdce_C_Q)         0.164     1.612 r  U_UART/U_Tick_Gen/count_reg_reg[9]/Q
                         net (fo=4, routed)           0.149     1.762    U_UART/U_Tick_Gen/count_reg[9]
    SLICE_X52Y7          LUT6 (Prop_lut6_I1_O)        0.045     1.807 r  U_UART/U_Tick_Gen/count_reg[9]_i_1/O
                         net (fo=1, routed)           0.000     1.807    U_UART/U_Tick_Gen/count_next[9]
    SLICE_X52Y7          FDCE                                         r  U_UART/U_Tick_Gen/count_reg_reg[9]/D
  -------------------------------------------------------------------    -------------------

                         (clock sys_clk_pin rise edge)
                                                      0.000     0.000 r  
    W5                                                0.000     0.000 r  clk (IN)
                         net (fo=0)                   0.000     0.000    clk
    W5                   IBUF (Prop_ibuf_I_O)         0.414     0.414 r  clk_IBUF_inst/O
                         net (fo=1, routed)           0.685     1.099    clk_IBUF
    BUFGCTRL_X0Y0        BUFG (Prop_bufg_I_O)         0.029     1.128 r  clk_IBUF_BUFG_inst/O
                         net (fo=108, routed)         0.836     1.963    U_UART/U_Tick_Gen/CLK
    SLICE_X52Y7          FDCE                                         r  U_UART/U_Tick_Gen/count_reg_reg[9]/C
                         clock pessimism             -0.515     1.448    
    SLICE_X52Y7          FDCE (Hold_fdce_C_D)         0.121     1.569    U_UART/U_Tick_Gen/count_reg_reg[9]
  -------------------------------------------------------------------
                         required time                         -1.569    
                         arrival time                           1.807    
  -------------------------------------------------------------------
                         slack                                  0.237    

Slack (MET) :             0.239ns  (arrival time - required time)
  Source:                 U_UART/U_Tick_Gen/count_reg_reg[9]/C
                            (rising edge-triggered cell FDCE clocked by sys_clk_pin  {rise@0.000ns fall@5.000ns period=10.000ns})
  Destination:            U_UART/U_Tick_Gen/count_reg_reg[0]/D
                            (rising edge-triggered cell FDCE clocked by sys_clk_pin  {rise@0.000ns fall@5.000ns period=10.000ns})
  Path Group:             sys_clk_pin
  Path Type:              Hold (Min at Fast Process Corner)
  Requirement:            0.000ns  (sys_clk_pin rise@0.000ns - sys_clk_pin rise@0.000ns)
  Data Path Delay:        0.346ns  (logic 0.209ns (60.392%)  route 0.137ns (39.608%))
  Logic Levels:           1  (LUT6=1)
  Clock Path Skew:        0.016ns (DCD - SCD - CPR)
    Destination Clock Delay (DCD):    1.963ns
    Source Clock Delay      (SCD):    1.448ns
    Clock Pessimism Removal (CPR):    0.499ns

    Location             Delay type                Incr(ns)  Path(ns)    Netlist Resource(s)
  -------------------------------------------------------------------    -------------------
                         (clock sys_clk_pin rise edge)
                                                      0.000     0.000 r  
    W5                                                0.000     0.000 r  clk (IN)
                         net (fo=0)                   0.000     0.000    clk
    W5                   IBUF (Prop_ibuf_I_O)         0.226     0.226 r  clk_IBUF_inst/O
                         net (fo=1, routed)           0.631     0.858    clk_IBUF
    BUFGCTRL_X0Y0        BUFG (Prop_bufg_I_O)         0.026     0.884 r  clk_IBUF_BUFG_inst/O
                         net (fo=108, routed)         0.565     1.448    U_UART/U_Tick_Gen/CLK
    SLICE_X52Y7          FDCE                                         r  U_UART/U_Tick_Gen/count_reg_reg[9]/C
  -------------------------------------------------------------------    -------------------
    SLICE_X52Y7          FDCE (Prop_fdce_C_Q)         0.164     1.612 r  U_UART/U_Tick_Gen/count_reg_reg[9]/Q
                         net (fo=4, routed)           0.137     1.749    U_UART/U_Tick_Gen/count_reg[9]
    SLICE_X51Y7          LUT6 (Prop_lut6_I4_O)        0.045     1.794 r  U_UART/U_Tick_Gen/count_reg[0]_i_1/O
                         net (fo=1, routed)           0.000     1.794    U_UART/U_Tick_Gen/count_next[0]
    SLICE_X51Y7          FDCE                                         r  U_UART/U_Tick_Gen/count_reg_reg[0]/D
  -------------------------------------------------------------------    -------------------

                         (clock sys_clk_pin rise edge)
                                                      0.000     0.000 r  
    W5                                                0.000     0.000 r  clk (IN)
                         net (fo=0)                   0.000     0.000    clk
    W5                   IBUF (Prop_ibuf_I_O)         0.414     0.414 r  clk_IBUF_inst/O
                         net (fo=1, routed)           0.685     1.099    clk_IBUF
    BUFGCTRL_X0Y0        BUFG (Prop_bufg_I_O)         0.029     1.128 r  clk_IBUF_BUFG_inst/O
                         net (fo=108, routed)         0.836     1.963    U_UART/U_Tick_Gen/CLK
    SLICE_X51Y7          FDCE                                         r  U_UART/U_Tick_Gen/count_reg_reg[0]/C
                         clock pessimism             -0.499     1.464    
    SLICE_X51Y7          FDCE (Hold_fdce_C_D)         0.091     1.555    U_UART/U_Tick_Gen/count_reg_reg[0]
  -------------------------------------------------------------------
                         required time                         -1.555    
                         arrival time                           1.794    
  -------------------------------------------------------------------
                         slack                                  0.239    

Slack (MET) :             0.240ns  (arrival time - required time)
  Source:                 U_UART/U_UART_RX/tick_count_reg_reg[3]/C
                            (rising edge-triggered cell FDCE clocked by sys_clk_pin  {rise@0.000ns fall@5.000ns period=10.000ns})
  Destination:            U_UART/U_UART_RX/tick_count_reg_reg[3]/D
                            (rising edge-triggered cell FDCE clocked by sys_clk_pin  {rise@0.000ns fall@5.000ns period=10.000ns})
  Path Group:             sys_clk_pin
  Path Type:              Hold (Min at Fast Process Corner)
  Requirement:            0.000ns  (sys_clk_pin rise@0.000ns - sys_clk_pin rise@0.000ns)
  Data Path Delay:        0.332ns  (logic 0.186ns (55.987%)  route 0.146ns (44.013%))
  Logic Levels:           1  (LUT6=1)
  Clock Path Skew:        0.000ns (DCD - SCD - CPR)
    Destination Clock Delay (DCD):    1.963ns
    Source Clock Delay      (SCD):    1.448ns
    Clock Pessimism Removal (CPR):    0.515ns

    Location             Delay type                Incr(ns)  Path(ns)    Netlist Resource(s)
  -------------------------------------------------------------------    -------------------
                         (clock sys_clk_pin rise edge)
                                                      0.000     0.000 r  
    W5                                                0.000     0.000 r  clk (IN)
                         net (fo=0)                   0.000     0.000    clk
    W5                   IBUF (Prop_ibuf_I_O)         0.226     0.226 r  clk_IBUF_inst/O
                         net (fo=1, routed)           0.631     0.858    clk_IBUF
    BUFGCTRL_X0Y0        BUFG (Prop_bufg_I_O)         0.026     0.884 r  clk_IBUF_BUFG_inst/O
                         net (fo=108, routed)         0.565     1.448    U_UART/U_UART_RX/CLK
    SLICE_X55Y9          FDCE                                         r  U_UART/U_UART_RX/tick_count_reg_reg[3]/C
  -------------------------------------------------------------------    -------------------
    SLICE_X55Y9          FDCE (Prop_fdce_C_Q)         0.141     1.589 r  U_UART/U_UART_RX/tick_count_reg_reg[3]/Q
                         net (fo=5, routed)           0.146     1.735    U_UART/U_UART_RX/tick_count_reg[3]
    SLICE_X55Y9          LUT6 (Prop_lut6_I4_O)        0.045     1.780 r  U_UART/U_UART_RX/tick_count_reg[3]_i_1/O
                         net (fo=1, routed)           0.000     1.780    U_UART/U_UART_RX/tick_count_reg[3]_i_1_n_0
    SLICE_X55Y9          FDCE                                         r  U_UART/U_UART_RX/tick_count_reg_reg[3]/D
  -------------------------------------------------------------------    -------------------

                         (clock sys_clk_pin rise edge)
                                                      0.000     0.000 r  
    W5                                                0.000     0.000 r  clk (IN)
                         net (fo=0)                   0.000     0.000    clk
    W5                   IBUF (Prop_ibuf_I_O)         0.414     0.414 r  clk_IBUF_inst/O
                         net (fo=1, routed)           0.685     1.099    clk_IBUF
    BUFGCTRL_X0Y0        BUFG (Prop_bufg_I_O)         0.029     1.128 r  clk_IBUF_BUFG_inst/O
                         net (fo=108, routed)         0.836     1.963    U_UART/U_UART_RX/CLK
    SLICE_X55Y9          FDCE                                         r  U_UART/U_UART_RX/tick_count_reg_reg[3]/C
                         clock pessimism             -0.515     1.448    
    SLICE_X55Y9          FDCE (Hold_fdce_C_D)         0.092     1.540    U_UART/U_UART_RX/tick_count_reg_reg[3]
  -------------------------------------------------------------------
                         required time                         -1.540    
                         arrival time                           1.780    
  -------------------------------------------------------------------
                         slack                                  0.240    

Slack (MET) :             0.245ns  (arrival time - required time)
  Source:                 U_CU/FSM_onehot_state_reg[2]/C
                            (rising edge-triggered cell FDCE clocked by sys_clk_pin  {rise@0.000ns fall@5.000ns period=10.000ns})
  Destination:            U_CU/FSM_onehot_state_reg[0]/D
                            (rising edge-triggered cell FDPE clocked by sys_clk_pin  {rise@0.000ns fall@5.000ns period=10.000ns})
  Path Group:             sys_clk_pin
  Path Type:              Hold (Min at Fast Process Corner)
  Requirement:            0.000ns  (sys_clk_pin rise@0.000ns - sys_clk_pin rise@0.000ns)
  Data Path Delay:        0.366ns  (logic 0.246ns (67.261%)  route 0.120ns (32.739%))
  Logic Levels:           1  (LUT5=1)
  Clock Path Skew:        0.000ns (DCD - SCD - CPR)
    Destination Clock Delay (DCD):    1.989ns
    Source Clock Delay      (SCD):    1.475ns
    Clock Pessimism Removal (CPR):    0.514ns

    Location             Delay type                Incr(ns)  Path(ns)    Netlist Resource(s)
  -------------------------------------------------------------------    -------------------
                         (clock sys_clk_pin rise edge)
                                                      0.000     0.000 r  
    W5                                                0.000     0.000 r  clk (IN)
                         net (fo=0)                   0.000     0.000    clk
    W5                   IBUF (Prop_ibuf_I_O)         0.226     0.226 r  clk_IBUF_inst/O
                         net (fo=1, routed)           0.631     0.858    clk_IBUF
    BUFGCTRL_X0Y0        BUFG (Prop_bufg_I_O)         0.026     0.884 r  clk_IBUF_BUFG_inst/O
                         net (fo=108, routed)         0.592     1.475    U_CU/CLK
    SLICE_X60Y10         FDCE                                         r  U_CU/FSM_onehot_state_reg[2]/C
  -------------------------------------------------------------------    -------------------
    SLICE_X60Y10         FDCE (Prop_fdce_C_Q)         0.148     1.623 r  U_CU/FSM_onehot_state_reg[2]/Q
                         net (fo=44, routed)          0.120     1.743    U_CU/w_clear
    SLICE_X60Y10         LUT5 (Prop_lut5_I1_O)        0.098     1.841 r  U_CU/FSM_onehot_state[0]_i_1/O
                         net (fo=1, routed)           0.000     1.841    U_CU/FSM_onehot_state[0]_i_1_n_0
    SLICE_X60Y10         FDPE                                         r  U_CU/FSM_onehot_state_reg[0]/D
  -------------------------------------------------------------------    -------------------

                         (clock sys_clk_pin rise edge)
                                                      0.000     0.000 r  
    W5                                                0.000     0.000 r  clk (IN)
                         net (fo=0)                   0.000     0.000    clk
    W5                   IBUF (Prop_ibuf_I_O)         0.414     0.414 r  clk_IBUF_inst/O
                         net (fo=1, routed)           0.685     1.099    clk_IBUF
    BUFGCTRL_X0Y0        BUFG (Prop_bufg_I_O)         0.029     1.128 r  clk_IBUF_BUFG_inst/O
                         net (fo=108, routed)         0.862     1.989    U_CU/CLK
    SLICE_X60Y10         FDPE                                         r  U_CU/FSM_onehot_state_reg[0]/C
                         clock pessimism             -0.514     1.475    
    SLICE_X60Y10         FDPE (Hold_fdpe_C_D)         0.121     1.596    U_CU/FSM_onehot_state_reg[0]
  -------------------------------------------------------------------
                         required time                         -1.596    
                         arrival time                           1.841    
  -------------------------------------------------------------------
                         slack                                  0.245    





Pulse Width Checks
--------------------------------------------------------------------------------------
Clock Name:         sys_clk_pin
Waveform(ns):       { 0.000 5.000 }
Period(ns):         10.000
Sources:            { clk }

Check Type        Corner  Lib Pin  Reference Pin  Required(ns)  Actual(ns)  Slack(ns)  Location       Pin
Min Period        n/a     BUFG/I   n/a            2.155         10.000      7.845      BUFGCTRL_X0Y0  clk_IBUF_BUFG_inst/I
Min Period        n/a     FDPE/C   n/a            1.000         10.000      9.000      SLICE_X60Y10   U_CU/FSM_onehot_state_reg[0]/C
Min Period        n/a     FDCE/C   n/a            1.000         10.000      9.000      SLICE_X60Y10   U_CU/FSM_onehot_state_reg[1]/C
Min Period        n/a     FDCE/C   n/a            1.000         10.000      9.000      SLICE_X60Y10   U_CU/FSM_onehot_state_reg[2]/C
Min Period        n/a     FDCE/C   n/a            1.000         10.000      9.000      SLICE_X57Y9    U_CU/sw1_prev_reg/C
Min Period        n/a     FDCE/C   n/a            1.000         10.000      9.000      SLICE_X57Y9    U_CU/sw2_prev_reg/C
Min Period        n/a     FDCE/C   n/a            1.000         10.000      9.000      SLICE_X64Y10   U_Counter/U_Clk_Div_10Hz/div_counter_reg_reg[16]/C
Min Period        n/a     FDCE/C   n/a            1.000         10.000      9.000      SLICE_X64Y11   U_Counter/U_Clk_Div_10Hz/div_counter_reg_reg[17]/C
Min Period        n/a     FDCE/C   n/a            1.000         10.000      9.000      SLICE_X64Y11   U_Counter/U_Clk_Div_10Hz/div_counter_reg_reg[18]/C
Min Period        n/a     FDCE/C   n/a            1.000         10.000      9.000      SLICE_X61Y11   U_Counter/U_Clk_Div_10Hz/div_counter_reg_reg[19]/C
Low Pulse Width   Fast    FDPE/C   n/a            0.500         5.000       4.500      SLICE_X60Y10   U_CU/FSM_onehot_state_reg[0]/C
Low Pulse Width   Fast    FDCE/C   n/a            0.500         5.000       4.500      SLICE_X60Y10   U_CU/FSM_onehot_state_reg[1]/C
Low Pulse Width   Fast    FDCE/C   n/a            0.500         5.000       4.500      SLICE_X60Y10   U_CU/FSM_onehot_state_reg[2]/C
Low Pulse Width   Fast    FDCE/C   n/a            0.500         5.000       4.500      SLICE_X64Y10   U_Counter/U_Clk_Div_10Hz/div_counter_reg_reg[16]/C
Low Pulse Width   Fast    FDCE/C   n/a            0.500         5.000       4.500      SLICE_X64Y11   U_Counter/U_Clk_Div_10Hz/div_counter_reg_reg[17]/C
Low Pulse Width   Fast    FDCE/C   n/a            0.500         5.000       4.500      SLICE_X64Y11   U_Counter/U_Clk_Div_10Hz/div_counter_reg_reg[18]/C
Low Pulse Width   Slow    FDCE/C   n/a            0.500         5.000       4.500      SLICE_X61Y11   U_Counter/U_Clk_Div_10Hz/div_counter_reg_reg[19]/C
Low Pulse Width   Fast    FDCE/C   n/a            0.500         5.000       4.500      SLICE_X61Y11   U_Counter/U_Clk_Div_10Hz/div_counter_reg_reg[19]/C
Low Pulse Width   Slow    FDCE/C   n/a            0.500         5.000       4.500      SLICE_X64Y7    U_Counter/U_Clk_Div_10Hz/div_counter_reg_reg[1]/C
Low Pulse Width   Slow    FDCE/C   n/a            0.500         5.000       4.500      SLICE_X61Y11   U_Counter/U_Clk_Div_10Hz/div_counter_reg_reg[20]/C
High Pulse Width  Slow    FDCE/C   n/a            0.500         5.000       4.500      SLICE_X57Y9    U_CU/sw1_prev_reg/C
High Pulse Width  Slow    FDCE/C   n/a            0.500         5.000       4.500      SLICE_X57Y9    U_CU/sw2_prev_reg/C
High Pulse Width  Slow    FDCE/C   n/a            0.500         5.000       4.500      SLICE_X54Y11   U_Counter/U_Counter_Up_Down/counter_reg[0]/C
High Pulse Width  Slow    FDCE/C   n/a            0.500         5.000       4.500      SLICE_X56Y12   U_Counter/U_Counter_Up_Down/counter_reg[10]/C
High Pulse Width  Slow    FDCE/C   n/a            0.500         5.000       4.500      SLICE_X56Y12   U_Counter/U_Counter_Up_Down/counter_reg[11]/C
High Pulse Width  Slow    FDCE/C   n/a            0.500         5.000       4.500      SLICE_X56Y12   U_Counter/U_Counter_Up_Down/counter_reg[12]/C
High Pulse Width  Slow    FDCE/C   n/a            0.500         5.000       4.500      SLICE_X56Y11   U_Counter/U_Counter_Up_Down/counter_reg[5]/C
High Pulse Width  Slow    FDCE/C   n/a            0.500         5.000       4.500      SLICE_X56Y11   U_Counter/U_Counter_Up_Down/counter_reg[6]/C
High Pulse Width  Slow    FDCE/C   n/a            0.500         5.000       4.500      SLICE_X56Y11   U_Counter/U_Counter_Up_Down/counter_reg[7]/C
High Pulse Width  Slow    FDCE/C   n/a            0.500         5.000       4.500      SLICE_X56Y11   U_Counter/U_Counter_Up_Down/counter_reg[8]/C



