Copyright 1986-2020 Xilinx, Inc. All Rights Reserved.
-----------------------------------------------------------------------------------------------------------------------------------------------------------------------------------------------------
| Tool Version : Vivado v.2020.2 (win64) Build 3064766 Wed Nov 18 09:12:45 MST 2020
| Date         : Fri Apr  4 00:17:19 2025
| Host         : DESKTOP-2CUDO2B running 64-bit major release  (build 9200)
| Command      : report_timing_summary -max_paths 10 -file top_system_timing_summary_routed.rpt -pb top_system_timing_summary_routed.pb -rpx top_system_timing_summary_routed.rpx -warn_on_violation
| Design       : top_system
| Device       : 7a35t-cpg236
| Speed File   : -1  PRODUCTION 1.23 2018-06-13
-----------------------------------------------------------------------------------------------------------------------------------------------------------------------------------------------------

Timing Summary Report

------------------------------------------------------------------------------------------------
| Timer Settings
| --------------
------------------------------------------------------------------------------------------------

  Enable Multi Corner Analysis               :  Yes
  Enable Pessimism Removal                   :  Yes
  Pessimism Removal Resolution               :  Nearest Common Node
  Enable Input Delay Default Clock           :  No
  Enable Preset / Clear Arcs                 :  No
  Disable Flight Delays                      :  No
  Ignore I/O Paths                           :  No
  Timing Early Launch at Borrowing Latches   :  No
  Borrow Time for Max Delay Exceptions       :  Yes
  Merge Timing Exceptions                    :  Yes

  Corner  Analyze    Analyze    
  Name    Max Paths  Min Paths  
  ------  ---------  ---------  
  Slow    Yes        Yes        
  Fast    Yes        Yes        



check_timing report

Table of Contents
-----------------
1. checking no_clock (32)
2. checking constant_clock (0)
3. checking pulse_width_clock (0)
4. checking unconstrained_internal_endpoints (64)
5. checking no_input_delay (6)
6. checking no_output_delay (13)
7. checking multiple_clock (0)
8. checking generated_clocks (0)
9. checking loops (0)
10. checking partial_input_delay (0)
11. checking partial_output_delay (0)
12. checking latch_loops (0)

1. checking no_clock (32)
-------------------------
 There are 8 register/latch pins with no clock driven by root clock pin: U_Clear_Debounce/r_1kHz_reg/Q (HIGH)

 There are 8 register/latch pins with no clock driven by root clock pin: U_Mode_Sel_Debounce/r_1kHz_reg/Q (HIGH)

 There are 8 register/latch pins with no clock driven by root clock pin: U_Run_Debounce/r_1kHz_reg/Q (HIGH)

 There are 8 register/latch pins with no clock driven by root clock pin: U_UpDown_Debounce/r_1kHz_reg/Q (HIGH)


2. checking constant_clock (0)
------------------------------
 There are 0 register/latch pins with constant_clock.


3. checking pulse_width_clock (0)
---------------------------------
 There are 0 register/latch pins which need pulse_width check


4. checking unconstrained_internal_endpoints (64)
-------------------------------------------------
 There are 64 pins that are not constrained for maximum delay. (HIGH)

 There are 0 pins that are not constrained for maximum delay due to constant clock.


5. checking no_input_delay (6)
------------------------------
 There are 6 input ports with no input delay specified. (HIGH)

 There are 0 input ports with no input delay but user has a false path constraint.


6. checking no_output_delay (13)
--------------------------------
 There are 13 ports with no output delay specified. (HIGH)

 There are 0 ports with no output delay but user has a false path constraint

 There are 0 ports with no output delay but with a timing clock defined on it or propagating through it


7. checking multiple_clock (0)
------------------------------
 There are 0 register/latch pins with multiple clocks.


8. checking generated_clocks (0)
--------------------------------
 There are 0 generated clocks that are not connected to a clock source.


9. checking loops (0)
---------------------
 There are 0 combinational loops in the design.


10. checking partial_input_delay (0)
------------------------------------
 There are 0 input ports with partial input delay specified.


11. checking partial_output_delay (0)
-------------------------------------
 There are 0 ports with partial output delay specified.


12. checking latch_loops (0)
----------------------------
 There are 0 combinational latch loops in the design through latch input



------------------------------------------------------------------------------------------------
| Design Timing Summary
| ---------------------
------------------------------------------------------------------------------------------------

    WNS(ns)      TNS(ns)  TNS Failing Endpoints  TNS Total Endpoints      WHS(ns)      THS(ns)  THS Failing Endpoints  THS Total Endpoints     WPWS(ns)     TPWS(ns)  TPWS Failing Endpoints  TPWS Total Endpoints  
    -------      -------  ---------------------  -------------------      -------      -------  ---------------------  -------------------     --------     --------  ----------------------  --------------------  
      5.009        0.000                      0                  338        0.166        0.000                      0                  338        4.500        0.000                       0                   236  


All user specified timing constraints are met.


------------------------------------------------------------------------------------------------
| Clock Summary
| -------------
------------------------------------------------------------------------------------------------

Clock        Waveform(ns)       Period(ns)      Frequency(MHz)
-----        ------------       ----------      --------------
sys_clk_pin  {0.000 5.000}      10.000          100.000         


------------------------------------------------------------------------------------------------
| Intra Clock Table
| -----------------
------------------------------------------------------------------------------------------------

Clock             WNS(ns)      TNS(ns)  TNS Failing Endpoints  TNS Total Endpoints      WHS(ns)      THS(ns)  THS Failing Endpoints  THS Total Endpoints     WPWS(ns)     TPWS(ns)  TPWS Failing Endpoints  TPWS Total Endpoints  
-----             -------      -------  ---------------------  -------------------      -------      -------  ---------------------  -------------------     --------     --------  ----------------------  --------------------  
sys_clk_pin         5.009        0.000                      0                  338        0.166        0.000                      0                  338        4.500        0.000                       0                   236  


------------------------------------------------------------------------------------------------
| Inter Clock Table
| -----------------
------------------------------------------------------------------------------------------------

From Clock    To Clock          WNS(ns)      TNS(ns)  TNS Failing Endpoints  TNS Total Endpoints      WHS(ns)      THS(ns)  THS Failing Endpoints  THS Total Endpoints  
----------    --------          -------      -------  ---------------------  -------------------      -------      -------  ---------------------  -------------------  


------------------------------------------------------------------------------------------------
| Other Path Groups Table
| -----------------------
------------------------------------------------------------------------------------------------

Path Group    From Clock    To Clock          WNS(ns)      TNS(ns)  TNS Failing Endpoints  TNS Total Endpoints      WHS(ns)      THS(ns)  THS Failing Endpoints  THS Total Endpoints  
----------    ----------    --------          -------      -------  ---------------------  -------------------      -------      -------  ---------------------  -------------------  


------------------------------------------------------------------------------------------------
| Timing Details
| --------------
------------------------------------------------------------------------------------------------


---------------------------------------------------------------------------------------------------
From Clock:  sys_clk_pin
  To Clock:  sys_clk_pin

Setup :            0  Failing Endpoints,  Worst Slack        5.009ns,  Total Violation        0.000ns
Hold  :            0  Failing Endpoints,  Worst Slack        0.166ns,  Total Violation        0.000ns
PW    :            0  Failing Endpoints,  Worst Slack        4.500ns,  Total Violation        0.000ns
---------------------------------------------------------------------------------------------------


Max Delay Paths
--------------------------------------------------------------------------------------
Slack (MET) :             5.009ns  (required time - arrival time)
  Source:                 U_UART/U_Transmitter/tick_counter_reg_reg[1]/C
                            (rising edge-triggered cell FDCE clocked by sys_clk_pin  {rise@0.000ns fall@5.000ns period=10.000ns})
  Destination:            U_UART/U_Transmitter/temp_data_reg_reg[7]/CE
                            (rising edge-triggered cell FDCE clocked by sys_clk_pin  {rise@0.000ns fall@5.000ns period=10.000ns})
  Path Group:             sys_clk_pin
  Path Type:              Setup (Max at Slow Process Corner)
  Requirement:            10.000ns  (sys_clk_pin rise@10.000ns - sys_clk_pin rise@0.000ns)
  Data Path Delay:        4.765ns  (logic 1.751ns (36.748%)  route 3.014ns (63.252%))
  Logic Levels:           4  (LUT4=3 LUT5=1)
  Clock Path Skew:        -0.022ns (DCD - SCD + CPR)
    Destination Clock Delay (DCD):    4.787ns = ( 14.787 - 10.000 ) 
    Source Clock Delay      (SCD):    5.085ns
    Clock Pessimism Removal (CPR):    0.276ns
  Clock Uncertainty:      0.035ns  ((TSJ^2 + TIJ^2)^1/2 + DJ) / 2 + PE
    Total System Jitter     (TSJ):    0.071ns
    Total Input Jitter      (TIJ):    0.000ns
    Discrete Jitter          (DJ):    0.000ns
    Phase Error              (PE):    0.000ns

    Location             Delay type                Incr(ns)  Path(ns)    Netlist Resource(s)
  -------------------------------------------------------------------    -------------------
                         (clock sys_clk_pin rise edge)
                                                      0.000     0.000 r  
    W5                                                0.000     0.000 r  clk (IN)
                         net (fo=0)                   0.000     0.000    clk
    W5                   IBUF (Prop_ibuf_I_O)         1.458     1.458 r  clk_IBUF_inst/O
                         net (fo=1, routed)           1.967     3.425    clk_IBUF
    BUFGCTRL_X0Y0        BUFG (Prop_bufg_I_O)         0.096     3.521 r  clk_IBUF_BUFG_inst/O
                         net (fo=235, routed)         1.564     5.085    U_UART/U_Transmitter/clk_IBUF_BUFG
    SLICE_X51Y34         FDCE                                         r  U_UART/U_Transmitter/tick_counter_reg_reg[1]/C
  -------------------------------------------------------------------    -------------------
    SLICE_X51Y34         FDCE (Prop_fdce_C_Q)         0.419     5.504 r  U_UART/U_Transmitter/tick_counter_reg_reg[1]/Q
                         net (fo=5, routed)           0.882     6.386    U_UART/U_Transmitter/tick_counter_reg[1]
    SLICE_X51Y34         LUT4 (Prop_lut4_I2_O)        0.329     6.715 f  U_UART/U_Transmitter/FSM_sequential_state[1]_i_3__0/O
                         net (fo=4, routed)           0.438     7.153    U_UART/U_Transmitter/FSM_sequential_state[1]_i_3__0_n_0
    SLICE_X50Y35         LUT4 (Prop_lut4_I0_O)        0.320     7.473 f  U_UART/U_Transmitter/temp_data_reg[7]_i_4/O
                         net (fo=1, routed)           0.667     8.139    U_UART/U_Transmitter/temp_data_reg[7]_i_4_n_0
    SLICE_X50Y36         LUT4 (Prop_lut4_I3_O)        0.355     8.494 r  U_UART/U_Transmitter/temp_data_reg[7]_i_3/O
                         net (fo=1, routed)           0.447     8.942    U_UART/U_Transmitter/temp_data_reg[7]_i_3_n_0
    SLICE_X50Y34         LUT5 (Prop_lut5_I0_O)        0.328     9.270 r  U_UART/U_Transmitter/temp_data_reg[7]_i_1/O
                         net (fo=8, routed)           0.580     9.850    U_UART/U_Transmitter/temp_data_next_0
    SLICE_X50Y34         FDCE                                         r  U_UART/U_Transmitter/temp_data_reg_reg[7]/CE
  -------------------------------------------------------------------    -------------------

                         (clock sys_clk_pin rise edge)
                                                     10.000    10.000 r  
    W5                                                0.000    10.000 r  clk (IN)
                         net (fo=0)                   0.000    10.000    clk
    W5                   IBUF (Prop_ibuf_I_O)         1.388    11.388 r  clk_IBUF_inst/O
                         net (fo=1, routed)           1.862    13.250    clk_IBUF
    BUFGCTRL_X0Y0        BUFG (Prop_bufg_I_O)         0.091    13.341 r  clk_IBUF_BUFG_inst/O
                         net (fo=235, routed)         1.446    14.787    U_UART/U_Transmitter/clk_IBUF_BUFG
    SLICE_X50Y34         FDCE                                         r  U_UART/U_Transmitter/temp_data_reg_reg[7]/C
                         clock pessimism              0.276    15.063    
                         clock uncertainty           -0.035    15.028    
    SLICE_X50Y34         FDCE (Setup_fdce_C_CE)      -0.169    14.859    U_UART/U_Transmitter/temp_data_reg_reg[7]
  -------------------------------------------------------------------
                         required time                         14.859    
                         arrival time                          -9.850    
  -------------------------------------------------------------------
                         slack                                  5.009    

Slack (MET) :             5.046ns  (required time - arrival time)
  Source:                 U_UART/U_Transmitter/tick_counter_reg_reg[1]/C
                            (rising edge-triggered cell FDCE clocked by sys_clk_pin  {rise@0.000ns fall@5.000ns period=10.000ns})
  Destination:            U_UART/U_Transmitter/temp_data_reg_reg[4]/CE
                            (rising edge-triggered cell FDCE clocked by sys_clk_pin  {rise@0.000ns fall@5.000ns period=10.000ns})
  Path Group:             sys_clk_pin
  Path Type:              Setup (Max at Slow Process Corner)
  Requirement:            10.000ns  (sys_clk_pin rise@10.000ns - sys_clk_pin rise@0.000ns)
  Data Path Delay:        4.724ns  (logic 1.751ns (37.064%)  route 2.973ns (62.936%))
  Logic Levels:           4  (LUT4=3 LUT5=1)
  Clock Path Skew:        -0.025ns (DCD - SCD + CPR)
    Destination Clock Delay (DCD):    4.786ns = ( 14.786 - 10.000 ) 
    Source Clock Delay      (SCD):    5.085ns
    Clock Pessimism Removal (CPR):    0.274ns
  Clock Uncertainty:      0.035ns  ((TSJ^2 + TIJ^2)^1/2 + DJ) / 2 + PE
    Total System Jitter     (TSJ):    0.071ns
    Total Input Jitter      (TIJ):    0.000ns
    Discrete Jitter          (DJ):    0.000ns
    Phase Error              (PE):    0.000ns

    Location             Delay type                Incr(ns)  Path(ns)    Netlist Resource(s)
  -------------------------------------------------------------------    -------------------
                         (clock sys_clk_pin rise edge)
                                                      0.000     0.000 r  
    W5                                                0.000     0.000 r  clk (IN)
                         net (fo=0)                   0.000     0.000    clk
    W5                   IBUF (Prop_ibuf_I_O)         1.458     1.458 r  clk_IBUF_inst/O
                         net (fo=1, routed)           1.967     3.425    clk_IBUF
    BUFGCTRL_X0Y0        BUFG (Prop_bufg_I_O)         0.096     3.521 r  clk_IBUF_BUFG_inst/O
                         net (fo=235, routed)         1.564     5.085    U_UART/U_Transmitter/clk_IBUF_BUFG
    SLICE_X51Y34         FDCE                                         r  U_UART/U_Transmitter/tick_counter_reg_reg[1]/C
  -------------------------------------------------------------------    -------------------
    SLICE_X51Y34         FDCE (Prop_fdce_C_Q)         0.419     5.504 r  U_UART/U_Transmitter/tick_counter_reg_reg[1]/Q
                         net (fo=5, routed)           0.882     6.386    U_UART/U_Transmitter/tick_counter_reg[1]
    SLICE_X51Y34         LUT4 (Prop_lut4_I2_O)        0.329     6.715 f  U_UART/U_Transmitter/FSM_sequential_state[1]_i_3__0/O
                         net (fo=4, routed)           0.438     7.153    U_UART/U_Transmitter/FSM_sequential_state[1]_i_3__0_n_0
    SLICE_X50Y35         LUT4 (Prop_lut4_I0_O)        0.320     7.473 f  U_UART/U_Transmitter/temp_data_reg[7]_i_4/O
                         net (fo=1, routed)           0.667     8.139    U_UART/U_Transmitter/temp_data_reg[7]_i_4_n_0
    SLICE_X50Y36         LUT4 (Prop_lut4_I3_O)        0.355     8.494 r  U_UART/U_Transmitter/temp_data_reg[7]_i_3/O
                         net (fo=1, routed)           0.447     8.942    U_UART/U_Transmitter/temp_data_reg[7]_i_3_n_0
    SLICE_X50Y34         LUT5 (Prop_lut5_I0_O)        0.328     9.270 r  U_UART/U_Transmitter/temp_data_reg[7]_i_1/O
                         net (fo=8, routed)           0.540     9.810    U_UART/U_Transmitter/temp_data_next_0
    SLICE_X50Y33         FDCE                                         r  U_UART/U_Transmitter/temp_data_reg_reg[4]/CE
  -------------------------------------------------------------------    -------------------

                         (clock sys_clk_pin rise edge)
                                                     10.000    10.000 r  
    W5                                                0.000    10.000 r  clk (IN)
                         net (fo=0)                   0.000    10.000    clk
    W5                   IBUF (Prop_ibuf_I_O)         1.388    11.388 r  clk_IBUF_inst/O
                         net (fo=1, routed)           1.862    13.250    clk_IBUF
    BUFGCTRL_X0Y0        BUFG (Prop_bufg_I_O)         0.091    13.341 r  clk_IBUF_BUFG_inst/O
                         net (fo=235, routed)         1.445    14.786    U_UART/U_Transmitter/clk_IBUF_BUFG
    SLICE_X50Y33         FDCE                                         r  U_UART/U_Transmitter/temp_data_reg_reg[4]/C
                         clock pessimism              0.274    15.060    
                         clock uncertainty           -0.035    15.025    
    SLICE_X50Y33         FDCE (Setup_fdce_C_CE)      -0.169    14.856    U_UART/U_Transmitter/temp_data_reg_reg[4]
  -------------------------------------------------------------------
                         required time                         14.856    
                         arrival time                          -9.810    
  -------------------------------------------------------------------
                         slack                                  5.046    

Slack (MET) :             5.046ns  (required time - arrival time)
  Source:                 U_UART/U_Transmitter/tick_counter_reg_reg[1]/C
                            (rising edge-triggered cell FDCE clocked by sys_clk_pin  {rise@0.000ns fall@5.000ns period=10.000ns})
  Destination:            U_UART/U_Transmitter/temp_data_reg_reg[5]/CE
                            (rising edge-triggered cell FDCE clocked by sys_clk_pin  {rise@0.000ns fall@5.000ns period=10.000ns})
  Path Group:             sys_clk_pin
  Path Type:              Setup (Max at Slow Process Corner)
  Requirement:            10.000ns  (sys_clk_pin rise@10.000ns - sys_clk_pin rise@0.000ns)
  Data Path Delay:        4.724ns  (logic 1.751ns (37.064%)  route 2.973ns (62.936%))
  Logic Levels:           4  (LUT4=3 LUT5=1)
  Clock Path Skew:        -0.025ns (DCD - SCD + CPR)
    Destination Clock Delay (DCD):    4.786ns = ( 14.786 - 10.000 ) 
    Source Clock Delay      (SCD):    5.085ns
    Clock Pessimism Removal (CPR):    0.274ns
  Clock Uncertainty:      0.035ns  ((TSJ^2 + TIJ^2)^1/2 + DJ) / 2 + PE
    Total System Jitter     (TSJ):    0.071ns
    Total Input Jitter      (TIJ):    0.000ns
    Discrete Jitter          (DJ):    0.000ns
    Phase Error              (PE):    0.000ns

    Location             Delay type                Incr(ns)  Path(ns)    Netlist Resource(s)
  -------------------------------------------------------------------    -------------------
                         (clock sys_clk_pin rise edge)
                                                      0.000     0.000 r  
    W5                                                0.000     0.000 r  clk (IN)
                         net (fo=0)                   0.000     0.000    clk
    W5                   IBUF (Prop_ibuf_I_O)         1.458     1.458 r  clk_IBUF_inst/O
                         net (fo=1, routed)           1.967     3.425    clk_IBUF
    BUFGCTRL_X0Y0        BUFG (Prop_bufg_I_O)         0.096     3.521 r  clk_IBUF_BUFG_inst/O
                         net (fo=235, routed)         1.564     5.085    U_UART/U_Transmitter/clk_IBUF_BUFG
    SLICE_X51Y34         FDCE                                         r  U_UART/U_Transmitter/tick_counter_reg_reg[1]/C
  -------------------------------------------------------------------    -------------------
    SLICE_X51Y34         FDCE (Prop_fdce_C_Q)         0.419     5.504 r  U_UART/U_Transmitter/tick_counter_reg_reg[1]/Q
                         net (fo=5, routed)           0.882     6.386    U_UART/U_Transmitter/tick_counter_reg[1]
    SLICE_X51Y34         LUT4 (Prop_lut4_I2_O)        0.329     6.715 f  U_UART/U_Transmitter/FSM_sequential_state[1]_i_3__0/O
                         net (fo=4, routed)           0.438     7.153    U_UART/U_Transmitter/FSM_sequential_state[1]_i_3__0_n_0
    SLICE_X50Y35         LUT4 (Prop_lut4_I0_O)        0.320     7.473 f  U_UART/U_Transmitter/temp_data_reg[7]_i_4/O
                         net (fo=1, routed)           0.667     8.139    U_UART/U_Transmitter/temp_data_reg[7]_i_4_n_0
    SLICE_X50Y36         LUT4 (Prop_lut4_I3_O)        0.355     8.494 r  U_UART/U_Transmitter/temp_data_reg[7]_i_3/O
                         net (fo=1, routed)           0.447     8.942    U_UART/U_Transmitter/temp_data_reg[7]_i_3_n_0
    SLICE_X50Y34         LUT5 (Prop_lut5_I0_O)        0.328     9.270 r  U_UART/U_Transmitter/temp_data_reg[7]_i_1/O
                         net (fo=8, routed)           0.540     9.810    U_UART/U_Transmitter/temp_data_next_0
    SLICE_X50Y33         FDCE                                         r  U_UART/U_Transmitter/temp_data_reg_reg[5]/CE
  -------------------------------------------------------------------    -------------------

                         (clock sys_clk_pin rise edge)
                                                     10.000    10.000 r  
    W5                                                0.000    10.000 r  clk (IN)
                         net (fo=0)                   0.000    10.000    clk
    W5                   IBUF (Prop_ibuf_I_O)         1.388    11.388 r  clk_IBUF_inst/O
                         net (fo=1, routed)           1.862    13.250    clk_IBUF
    BUFGCTRL_X0Y0        BUFG (Prop_bufg_I_O)         0.091    13.341 r  clk_IBUF_BUFG_inst/O
                         net (fo=235, routed)         1.445    14.786    U_UART/U_Transmitter/clk_IBUF_BUFG
    SLICE_X50Y33         FDCE                                         r  U_UART/U_Transmitter/temp_data_reg_reg[5]/C
                         clock pessimism              0.274    15.060    
                         clock uncertainty           -0.035    15.025    
    SLICE_X50Y33         FDCE (Setup_fdce_C_CE)      -0.169    14.856    U_UART/U_Transmitter/temp_data_reg_reg[5]
  -------------------------------------------------------------------
                         required time                         14.856    
                         arrival time                          -9.810    
  -------------------------------------------------------------------
                         slack                                  5.046    

Slack (MET) :             5.046ns  (required time - arrival time)
  Source:                 U_UART/U_Transmitter/tick_counter_reg_reg[1]/C
                            (rising edge-triggered cell FDCE clocked by sys_clk_pin  {rise@0.000ns fall@5.000ns period=10.000ns})
  Destination:            U_UART/U_Transmitter/temp_data_reg_reg[6]/CE
                            (rising edge-triggered cell FDCE clocked by sys_clk_pin  {rise@0.000ns fall@5.000ns period=10.000ns})
  Path Group:             sys_clk_pin
  Path Type:              Setup (Max at Slow Process Corner)
  Requirement:            10.000ns  (sys_clk_pin rise@10.000ns - sys_clk_pin rise@0.000ns)
  Data Path Delay:        4.724ns  (logic 1.751ns (37.064%)  route 2.973ns (62.936%))
  Logic Levels:           4  (LUT4=3 LUT5=1)
  Clock Path Skew:        -0.025ns (DCD - SCD + CPR)
    Destination Clock Delay (DCD):    4.786ns = ( 14.786 - 10.000 ) 
    Source Clock Delay      (SCD):    5.085ns
    Clock Pessimism Removal (CPR):    0.274ns
  Clock Uncertainty:      0.035ns  ((TSJ^2 + TIJ^2)^1/2 + DJ) / 2 + PE
    Total System Jitter     (TSJ):    0.071ns
    Total Input Jitter      (TIJ):    0.000ns
    Discrete Jitter          (DJ):    0.000ns
    Phase Error              (PE):    0.000ns

    Location             Delay type                Incr(ns)  Path(ns)    Netlist Resource(s)
  -------------------------------------------------------------------    -------------------
                         (clock sys_clk_pin rise edge)
                                                      0.000     0.000 r  
    W5                                                0.000     0.000 r  clk (IN)
                         net (fo=0)                   0.000     0.000    clk
    W5                   IBUF (Prop_ibuf_I_O)         1.458     1.458 r  clk_IBUF_inst/O
                         net (fo=1, routed)           1.967     3.425    clk_IBUF
    BUFGCTRL_X0Y0        BUFG (Prop_bufg_I_O)         0.096     3.521 r  clk_IBUF_BUFG_inst/O
                         net (fo=235, routed)         1.564     5.085    U_UART/U_Transmitter/clk_IBUF_BUFG
    SLICE_X51Y34         FDCE                                         r  U_UART/U_Transmitter/tick_counter_reg_reg[1]/C
  -------------------------------------------------------------------    -------------------
    SLICE_X51Y34         FDCE (Prop_fdce_C_Q)         0.419     5.504 r  U_UART/U_Transmitter/tick_counter_reg_reg[1]/Q
                         net (fo=5, routed)           0.882     6.386    U_UART/U_Transmitter/tick_counter_reg[1]
    SLICE_X51Y34         LUT4 (Prop_lut4_I2_O)        0.329     6.715 f  U_UART/U_Transmitter/FSM_sequential_state[1]_i_3__0/O
                         net (fo=4, routed)           0.438     7.153    U_UART/U_Transmitter/FSM_sequential_state[1]_i_3__0_n_0
    SLICE_X50Y35         LUT4 (Prop_lut4_I0_O)        0.320     7.473 f  U_UART/U_Transmitter/temp_data_reg[7]_i_4/O
                         net (fo=1, routed)           0.667     8.139    U_UART/U_Transmitter/temp_data_reg[7]_i_4_n_0
    SLICE_X50Y36         LUT4 (Prop_lut4_I3_O)        0.355     8.494 r  U_UART/U_Transmitter/temp_data_reg[7]_i_3/O
                         net (fo=1, routed)           0.447     8.942    U_UART/U_Transmitter/temp_data_reg[7]_i_3_n_0
    SLICE_X50Y34         LUT5 (Prop_lut5_I0_O)        0.328     9.270 r  U_UART/U_Transmitter/temp_data_reg[7]_i_1/O
                         net (fo=8, routed)           0.540     9.810    U_UART/U_Transmitter/temp_data_next_0
    SLICE_X50Y33         FDCE                                         r  U_UART/U_Transmitter/temp_data_reg_reg[6]/CE
  -------------------------------------------------------------------    -------------------

                         (clock sys_clk_pin rise edge)
                                                     10.000    10.000 r  
    W5                                                0.000    10.000 r  clk (IN)
                         net (fo=0)                   0.000    10.000    clk
    W5                   IBUF (Prop_ibuf_I_O)         1.388    11.388 r  clk_IBUF_inst/O
                         net (fo=1, routed)           1.862    13.250    clk_IBUF
    BUFGCTRL_X0Y0        BUFG (Prop_bufg_I_O)         0.091    13.341 r  clk_IBUF_BUFG_inst/O
                         net (fo=235, routed)         1.445    14.786    U_UART/U_Transmitter/clk_IBUF_BUFG
    SLICE_X50Y33         FDCE                                         r  U_UART/U_Transmitter/temp_data_reg_reg[6]/C
                         clock pessimism              0.274    15.060    
                         clock uncertainty           -0.035    15.025    
    SLICE_X50Y33         FDCE (Setup_fdce_C_CE)      -0.169    14.856    U_UART/U_Transmitter/temp_data_reg_reg[6]
  -------------------------------------------------------------------
                         required time                         14.856    
                         arrival time                          -9.810    
  -------------------------------------------------------------------
                         slack                                  5.046    

Slack (MET) :             5.157ns  (required time - arrival time)
  Source:                 U_Counter_Normal/U_Clk_Div_10Hz/div_counter_reg[20]/C
                            (rising edge-triggered cell FDCE clocked by sys_clk_pin  {rise@0.000ns fall@5.000ns period=10.000ns})
  Destination:            U_Counter_Normal/U_Clk_Div_10Hz/div_counter_reg[22]/D
                            (rising edge-triggered cell FDCE clocked by sys_clk_pin  {rise@0.000ns fall@5.000ns period=10.000ns})
  Path Group:             sys_clk_pin
  Path Type:              Setup (Max at Slow Process Corner)
  Requirement:            10.000ns  (sys_clk_pin rise@10.000ns - sys_clk_pin rise@0.000ns)
  Data Path Delay:        4.838ns  (logic 1.211ns (25.030%)  route 3.627ns (74.970%))
  Logic Levels:           5  (LUT3=1 LUT4=1 LUT5=1 LUT6=2)
  Clock Path Skew:        0.000ns (DCD - SCD + CPR)
    Destination Clock Delay (DCD):    4.853ns = ( 14.853 - 10.000 ) 
    Source Clock Delay      (SCD):    5.151ns
    Clock Pessimism Removal (CPR):    0.298ns
  Clock Uncertainty:      0.035ns  ((TSJ^2 + TIJ^2)^1/2 + DJ) / 2 + PE
    Total System Jitter     (TSJ):    0.071ns
    Total Input Jitter      (TIJ):    0.000ns
    Discrete Jitter          (DJ):    0.000ns
    Phase Error              (PE):    0.000ns

    Location             Delay type                Incr(ns)  Path(ns)    Netlist Resource(s)
  -------------------------------------------------------------------    -------------------
                         (clock sys_clk_pin rise edge)
                                                      0.000     0.000 r  
    W5                                                0.000     0.000 r  clk (IN)
                         net (fo=0)                   0.000     0.000    clk
    W5                   IBUF (Prop_ibuf_I_O)         1.458     1.458 r  clk_IBUF_inst/O
                         net (fo=1, routed)           1.967     3.425    clk_IBUF
    BUFGCTRL_X0Y0        BUFG (Prop_bufg_I_O)         0.096     3.521 r  clk_IBUF_BUFG_inst/O
                         net (fo=235, routed)         1.630     5.151    U_Counter_Normal/U_Clk_Div_10Hz/clk_IBUF_BUFG
    SLICE_X58Y34         FDCE                                         r  U_Counter_Normal/U_Clk_Div_10Hz/div_counter_reg[20]/C
  -------------------------------------------------------------------    -------------------
    SLICE_X58Y34         FDCE (Prop_fdce_C_Q)         0.419     5.570 f  U_Counter_Normal/U_Clk_Div_10Hz/div_counter_reg[20]/Q
                         net (fo=2, routed)           0.832     6.403    U_Counter_Normal/U_Clk_Div_10Hz/div_counter[20]
    SLICE_X58Y33         LUT4 (Prop_lut4_I0_O)        0.296     6.699 r  U_Counter_Normal/U_Clk_Div_10Hz/div_counter[23]_i_11/O
                         net (fo=1, routed)           0.306     7.004    U_Counter_Normal/U_Clk_Div_10Hz/div_counter[23]_i_11_n_0
    SLICE_X58Y31         LUT5 (Prop_lut5_I4_O)        0.124     7.128 r  U_Counter_Normal/U_Clk_Div_10Hz/div_counter[23]_i_10/O
                         net (fo=1, routed)           0.658     7.786    U_Counter_Normal/U_Clk_Div_10Hz/div_counter[23]_i_10_n_0
    SLICE_X55Y31         LUT6 (Prop_lut6_I5_O)        0.124     7.910 r  U_Counter_Normal/U_Clk_Div_10Hz/div_counter[23]_i_8/O
                         net (fo=1, routed)           0.433     8.343    U_Counter_Normal/U_Clk_Div_10Hz/div_counter[23]_i_8_n_0
    SLICE_X55Y31         LUT6 (Prop_lut6_I5_O)        0.124     8.467 f  U_Counter_Normal/U_Clk_Div_10Hz/div_counter[23]_i_5/O
                         net (fo=24, routed)          1.398     9.865    U_Counter_Normal/U_Clk_Div_10Hz/div_counter_reg[18]_0
    SLICE_X58Y34         LUT3 (Prop_lut3_I0_O)        0.124     9.989 r  U_Counter_Normal/U_Clk_Div_10Hz/div_counter[22]_i_1/O
                         net (fo=1, routed)           0.000     9.989    U_Counter_Normal/U_Clk_Div_10Hz/p_1_in[22]
    SLICE_X58Y34         FDCE                                         r  U_Counter_Normal/U_Clk_Div_10Hz/div_counter_reg[22]/D
  -------------------------------------------------------------------    -------------------

                         (clock sys_clk_pin rise edge)
                                                     10.000    10.000 r  
    W5                                                0.000    10.000 r  clk (IN)
                         net (fo=0)                   0.000    10.000    clk
    W5                   IBUF (Prop_ibuf_I_O)         1.388    11.388 r  clk_IBUF_inst/O
                         net (fo=1, routed)           1.862    13.250    clk_IBUF
    BUFGCTRL_X0Y0        BUFG (Prop_bufg_I_O)         0.091    13.341 r  clk_IBUF_BUFG_inst/O
                         net (fo=235, routed)         1.512    14.853    U_Counter_Normal/U_Clk_Div_10Hz/clk_IBUF_BUFG
    SLICE_X58Y34         FDCE                                         r  U_Counter_Normal/U_Clk_Div_10Hz/div_counter_reg[22]/C
                         clock pessimism              0.298    15.151    
                         clock uncertainty           -0.035    15.116    
    SLICE_X58Y34         FDCE (Setup_fdce_C_D)        0.031    15.147    U_Counter_Normal/U_Clk_Div_10Hz/div_counter_reg[22]
  -------------------------------------------------------------------
                         required time                         15.147    
                         arrival time                          -9.989    
  -------------------------------------------------------------------
                         slack                                  5.157    

Slack (MET) :             5.170ns  (required time - arrival time)
  Source:                 U_Run_Debounce/edge_detect_reg/C
                            (rising edge-triggered cell FDCE clocked by sys_clk_pin  {rise@0.000ns fall@5.000ns period=10.000ns})
  Destination:            U_Clk_Div_10Hz/counter_reg[0]/CE
                            (rising edge-triggered cell FDCE clocked by sys_clk_pin  {rise@0.000ns fall@5.000ns period=10.000ns})
  Path Group:             sys_clk_pin
  Path Type:              Setup (Max at Slow Process Corner)
  Requirement:            10.000ns  (sys_clk_pin rise@10.000ns - sys_clk_pin rise@0.000ns)
  Data Path Delay:        4.353ns  (logic 1.146ns (26.328%)  route 3.207ns (73.672%))
  Logic Levels:           3  (LUT2=1 LUT3=1 LUT6=1)
  Clock Path Skew:        -0.035ns (DCD - SCD + CPR)
    Destination Clock Delay (DCD):    4.849ns = ( 14.849 - 10.000 ) 
    Source Clock Delay      (SCD):    5.144ns
    Clock Pessimism Removal (CPR):    0.260ns
  Clock Uncertainty:      0.035ns  ((TSJ^2 + TIJ^2)^1/2 + DJ) / 2 + PE
    Total System Jitter     (TSJ):    0.071ns
    Total Input Jitter      (TIJ):    0.000ns
    Discrete Jitter          (DJ):    0.000ns
    Phase Error              (PE):    0.000ns

    Location             Delay type                Incr(ns)  Path(ns)    Netlist Resource(s)
  -------------------------------------------------------------------    -------------------
                         (clock sys_clk_pin rise edge)
                                                      0.000     0.000 r  
    W5                                                0.000     0.000 r  clk (IN)
                         net (fo=0)                   0.000     0.000    clk
    W5                   IBUF (Prop_ibuf_I_O)         1.458     1.458 r  clk_IBUF_inst/O
                         net (fo=1, routed)           1.967     3.425    clk_IBUF
    BUFGCTRL_X0Y0        BUFG (Prop_bufg_I_O)         0.096     3.521 r  clk_IBUF_BUFG_inst/O
                         net (fo=235, routed)         1.623     5.144    U_Run_Debounce/clk_IBUF_BUFG
    SLICE_X60Y28         FDCE                                         r  U_Run_Debounce/edge_detect_reg/C
  -------------------------------------------------------------------    -------------------
    SLICE_X60Y28         FDCE (Prop_fdce_C_Q)         0.518     5.662 f  U_Run_Debounce/edge_detect_reg/Q
                         net (fo=1, routed)           0.669     6.331    U_Run_Debounce/edge_detect
    SLICE_X60Y28         LUT6 (Prop_lut6_I0_O)        0.124     6.455 f  U_Run_Debounce/div_counter[23]_i_3/O
                         net (fo=4, routed)           0.961     7.417    U_ControlUnit_Stopwatch/count_reg[3]_1
    SLICE_X58Y30         LUT3 (Prop_lut3_I1_O)        0.152     7.569 r  U_ControlUnit_Stopwatch/counter[23]_i_3/O
                         net (fo=5, routed)           0.919     8.488    U_ControlUnit_Stopwatch/FSM_onehot_state_reg[1]_0
    SLICE_X62Y33         LUT2 (Prop_lut2_I0_O)        0.352     8.840 r  U_ControlUnit_Stopwatch/counter[23]_i_1/O
                         net (fo=29, routed)          0.657     9.497    U_Clk_Div_10Hz/E[0]
    SLICE_X62Y29         FDCE                                         r  U_Clk_Div_10Hz/counter_reg[0]/CE
  -------------------------------------------------------------------    -------------------

                         (clock sys_clk_pin rise edge)
                                                     10.000    10.000 r  
    W5                                                0.000    10.000 r  clk (IN)
                         net (fo=0)                   0.000    10.000    clk
    W5                   IBUF (Prop_ibuf_I_O)         1.388    11.388 r  clk_IBUF_inst/O
                         net (fo=1, routed)           1.862    13.250    clk_IBUF
    BUFGCTRL_X0Y0        BUFG (Prop_bufg_I_O)         0.091    13.341 r  clk_IBUF_BUFG_inst/O
                         net (fo=235, routed)         1.508    14.849    U_Clk_Div_10Hz/clk_IBUF_BUFG
    SLICE_X62Y29         FDCE                                         r  U_Clk_Div_10Hz/counter_reg[0]/C
                         clock pessimism              0.260    15.109    
                         clock uncertainty           -0.035    15.074    
    SLICE_X62Y29         FDCE (Setup_fdce_C_CE)      -0.407    14.667    U_Clk_Div_10Hz/counter_reg[0]
  -------------------------------------------------------------------
                         required time                         14.667    
                         arrival time                          -9.497    
  -------------------------------------------------------------------
                         slack                                  5.170    

Slack (MET) :             5.170ns  (required time - arrival time)
  Source:                 U_Run_Debounce/edge_detect_reg/C
                            (rising edge-triggered cell FDCE clocked by sys_clk_pin  {rise@0.000ns fall@5.000ns period=10.000ns})
  Destination:            U_Clk_Div_10Hz/counter_reg[1]/CE
                            (rising edge-triggered cell FDCE clocked by sys_clk_pin  {rise@0.000ns fall@5.000ns period=10.000ns})
  Path Group:             sys_clk_pin
  Path Type:              Setup (Max at Slow Process Corner)
  Requirement:            10.000ns  (sys_clk_pin rise@10.000ns - sys_clk_pin rise@0.000ns)
  Data Path Delay:        4.353ns  (logic 1.146ns (26.328%)  route 3.207ns (73.672%))
  Logic Levels:           3  (LUT2=1 LUT3=1 LUT6=1)
  Clock Path Skew:        -0.035ns (DCD - SCD + CPR)
    Destination Clock Delay (DCD):    4.849ns = ( 14.849 - 10.000 ) 
    Source Clock Delay      (SCD):    5.144ns
    Clock Pessimism Removal (CPR):    0.260ns
  Clock Uncertainty:      0.035ns  ((TSJ^2 + TIJ^2)^1/2 + DJ) / 2 + PE
    Total System Jitter     (TSJ):    0.071ns
    Total Input Jitter      (TIJ):    0.000ns
    Discrete Jitter          (DJ):    0.000ns
    Phase Error              (PE):    0.000ns

    Location             Delay type                Incr(ns)  Path(ns)    Netlist Resource(s)
  -------------------------------------------------------------------    -------------------
                         (clock sys_clk_pin rise edge)
                                                      0.000     0.000 r  
    W5                                                0.000     0.000 r  clk (IN)
                         net (fo=0)                   0.000     0.000    clk
    W5                   IBUF (Prop_ibuf_I_O)         1.458     1.458 r  clk_IBUF_inst/O
                         net (fo=1, routed)           1.967     3.425    clk_IBUF
    BUFGCTRL_X0Y0        BUFG (Prop_bufg_I_O)         0.096     3.521 r  clk_IBUF_BUFG_inst/O
                         net (fo=235, routed)         1.623     5.144    U_Run_Debounce/clk_IBUF_BUFG
    SLICE_X60Y28         FDCE                                         r  U_Run_Debounce/edge_detect_reg/C
  -------------------------------------------------------------------    -------------------
    SLICE_X60Y28         FDCE (Prop_fdce_C_Q)         0.518     5.662 f  U_Run_Debounce/edge_detect_reg/Q
                         net (fo=1, routed)           0.669     6.331    U_Run_Debounce/edge_detect
    SLICE_X60Y28         LUT6 (Prop_lut6_I0_O)        0.124     6.455 f  U_Run_Debounce/div_counter[23]_i_3/O
                         net (fo=4, routed)           0.961     7.417    U_ControlUnit_Stopwatch/count_reg[3]_1
    SLICE_X58Y30         LUT3 (Prop_lut3_I1_O)        0.152     7.569 r  U_ControlUnit_Stopwatch/counter[23]_i_3/O
                         net (fo=5, routed)           0.919     8.488    U_ControlUnit_Stopwatch/FSM_onehot_state_reg[1]_0
    SLICE_X62Y33         LUT2 (Prop_lut2_I0_O)        0.352     8.840 r  U_ControlUnit_Stopwatch/counter[23]_i_1/O
                         net (fo=29, routed)          0.657     9.497    U_Clk_Div_10Hz/E[0]
    SLICE_X62Y29         FDCE                                         r  U_Clk_Div_10Hz/counter_reg[1]/CE
  -------------------------------------------------------------------    -------------------

                         (clock sys_clk_pin rise edge)
                                                     10.000    10.000 r  
    W5                                                0.000    10.000 r  clk (IN)
                         net (fo=0)                   0.000    10.000    clk
    W5                   IBUF (Prop_ibuf_I_O)         1.388    11.388 r  clk_IBUF_inst/O
                         net (fo=1, routed)           1.862    13.250    clk_IBUF
    BUFGCTRL_X0Y0        BUFG (Prop_bufg_I_O)         0.091    13.341 r  clk_IBUF_BUFG_inst/O
                         net (fo=235, routed)         1.508    14.849    U_Clk_Div_10Hz/clk_IBUF_BUFG
    SLICE_X62Y29         FDCE                                         r  U_Clk_Div_10Hz/counter_reg[1]/C
                         clock pessimism              0.260    15.109    
                         clock uncertainty           -0.035    15.074    
    SLICE_X62Y29         FDCE (Setup_fdce_C_CE)      -0.407    14.667    U_Clk_Div_10Hz/counter_reg[1]
  -------------------------------------------------------------------
                         required time                         14.667    
                         arrival time                          -9.497    
  -------------------------------------------------------------------
                         slack                                  5.170    

Slack (MET) :             5.170ns  (required time - arrival time)
  Source:                 U_Run_Debounce/edge_detect_reg/C
                            (rising edge-triggered cell FDCE clocked by sys_clk_pin  {rise@0.000ns fall@5.000ns period=10.000ns})
  Destination:            U_Clk_Div_10Hz/counter_reg[2]/CE
                            (rising edge-triggered cell FDCE clocked by sys_clk_pin  {rise@0.000ns fall@5.000ns period=10.000ns})
  Path Group:             sys_clk_pin
  Path Type:              Setup (Max at Slow Process Corner)
  Requirement:            10.000ns  (sys_clk_pin rise@10.000ns - sys_clk_pin rise@0.000ns)
  Data Path Delay:        4.353ns  (logic 1.146ns (26.328%)  route 3.207ns (73.672%))
  Logic Levels:           3  (LUT2=1 LUT3=1 LUT6=1)
  Clock Path Skew:        -0.035ns (DCD - SCD + CPR)
    Destination Clock Delay (DCD):    4.849ns = ( 14.849 - 10.000 ) 
    Source Clock Delay      (SCD):    5.144ns
    Clock Pessimism Removal (CPR):    0.260ns
  Clock Uncertainty:      0.035ns  ((TSJ^2 + TIJ^2)^1/2 + DJ) / 2 + PE
    Total System Jitter     (TSJ):    0.071ns
    Total Input Jitter      (TIJ):    0.000ns
    Discrete Jitter          (DJ):    0.000ns
    Phase Error              (PE):    0.000ns

    Location             Delay type                Incr(ns)  Path(ns)    Netlist Resource(s)
  -------------------------------------------------------------------    -------------------
                         (clock sys_clk_pin rise edge)
                                                      0.000     0.000 r  
    W5                                                0.000     0.000 r  clk (IN)
                         net (fo=0)                   0.000     0.000    clk
    W5                   IBUF (Prop_ibuf_I_O)         1.458     1.458 r  clk_IBUF_inst/O
                         net (fo=1, routed)           1.967     3.425    clk_IBUF
    BUFGCTRL_X0Y0        BUFG (Prop_bufg_I_O)         0.096     3.521 r  clk_IBUF_BUFG_inst/O
                         net (fo=235, routed)         1.623     5.144    U_Run_Debounce/clk_IBUF_BUFG
    SLICE_X60Y28         FDCE                                         r  U_Run_Debounce/edge_detect_reg/C
  -------------------------------------------------------------------    -------------------
    SLICE_X60Y28         FDCE (Prop_fdce_C_Q)         0.518     5.662 f  U_Run_Debounce/edge_detect_reg/Q
                         net (fo=1, routed)           0.669     6.331    U_Run_Debounce/edge_detect
    SLICE_X60Y28         LUT6 (Prop_lut6_I0_O)        0.124     6.455 f  U_Run_Debounce/div_counter[23]_i_3/O
                         net (fo=4, routed)           0.961     7.417    U_ControlUnit_Stopwatch/count_reg[3]_1
    SLICE_X58Y30         LUT3 (Prop_lut3_I1_O)        0.152     7.569 r  U_ControlUnit_Stopwatch/counter[23]_i_3/O
                         net (fo=5, routed)           0.919     8.488    U_ControlUnit_Stopwatch/FSM_onehot_state_reg[1]_0
    SLICE_X62Y33         LUT2 (Prop_lut2_I0_O)        0.352     8.840 r  U_ControlUnit_Stopwatch/counter[23]_i_1/O
                         net (fo=29, routed)          0.657     9.497    U_Clk_Div_10Hz/E[0]
    SLICE_X62Y29         FDCE                                         r  U_Clk_Div_10Hz/counter_reg[2]/CE
  -------------------------------------------------------------------    -------------------

                         (clock sys_clk_pin rise edge)
                                                     10.000    10.000 r  
    W5                                                0.000    10.000 r  clk (IN)
                         net (fo=0)                   0.000    10.000    clk
    W5                   IBUF (Prop_ibuf_I_O)         1.388    11.388 r  clk_IBUF_inst/O
                         net (fo=1, routed)           1.862    13.250    clk_IBUF
    BUFGCTRL_X0Y0        BUFG (Prop_bufg_I_O)         0.091    13.341 r  clk_IBUF_BUFG_inst/O
                         net (fo=235, routed)         1.508    14.849    U_Clk_Div_10Hz/clk_IBUF_BUFG
    SLICE_X62Y29         FDCE                                         r  U_Clk_Div_10Hz/counter_reg[2]/C
                         clock pessimism              0.260    15.109    
                         clock uncertainty           -0.035    15.074    
    SLICE_X62Y29         FDCE (Setup_fdce_C_CE)      -0.407    14.667    U_Clk_Div_10Hz/counter_reg[2]
  -------------------------------------------------------------------
                         required time                         14.667    
                         arrival time                          -9.497    
  -------------------------------------------------------------------
                         slack                                  5.170    

Slack (MET) :             5.170ns  (required time - arrival time)
  Source:                 U_Run_Debounce/edge_detect_reg/C
                            (rising edge-triggered cell FDCE clocked by sys_clk_pin  {rise@0.000ns fall@5.000ns period=10.000ns})
  Destination:            U_Clk_Div_10Hz/counter_reg[3]/CE
                            (rising edge-triggered cell FDCE clocked by sys_clk_pin  {rise@0.000ns fall@5.000ns period=10.000ns})
  Path Group:             sys_clk_pin
  Path Type:              Setup (Max at Slow Process Corner)
  Requirement:            10.000ns  (sys_clk_pin rise@10.000ns - sys_clk_pin rise@0.000ns)
  Data Path Delay:        4.353ns  (logic 1.146ns (26.328%)  route 3.207ns (73.672%))
  Logic Levels:           3  (LUT2=1 LUT3=1 LUT6=1)
  Clock Path Skew:        -0.035ns (DCD - SCD + CPR)
    Destination Clock Delay (DCD):    4.849ns = ( 14.849 - 10.000 ) 
    Source Clock Delay      (SCD):    5.144ns
    Clock Pessimism Removal (CPR):    0.260ns
  Clock Uncertainty:      0.035ns  ((TSJ^2 + TIJ^2)^1/2 + DJ) / 2 + PE
    Total System Jitter     (TSJ):    0.071ns
    Total Input Jitter      (TIJ):    0.000ns
    Discrete Jitter          (DJ):    0.000ns
    Phase Error              (PE):    0.000ns

    Location             Delay type                Incr(ns)  Path(ns)    Netlist Resource(s)
  -------------------------------------------------------------------    -------------------
                         (clock sys_clk_pin rise edge)
                                                      0.000     0.000 r  
    W5                                                0.000     0.000 r  clk (IN)
                         net (fo=0)                   0.000     0.000    clk
    W5                   IBUF (Prop_ibuf_I_O)         1.458     1.458 r  clk_IBUF_inst/O
                         net (fo=1, routed)           1.967     3.425    clk_IBUF
    BUFGCTRL_X0Y0        BUFG (Prop_bufg_I_O)         0.096     3.521 r  clk_IBUF_BUFG_inst/O
                         net (fo=235, routed)         1.623     5.144    U_Run_Debounce/clk_IBUF_BUFG
    SLICE_X60Y28         FDCE                                         r  U_Run_Debounce/edge_detect_reg/C
  -------------------------------------------------------------------    -------------------
    SLICE_X60Y28         FDCE (Prop_fdce_C_Q)         0.518     5.662 f  U_Run_Debounce/edge_detect_reg/Q
                         net (fo=1, routed)           0.669     6.331    U_Run_Debounce/edge_detect
    SLICE_X60Y28         LUT6 (Prop_lut6_I0_O)        0.124     6.455 f  U_Run_Debounce/div_counter[23]_i_3/O
                         net (fo=4, routed)           0.961     7.417    U_ControlUnit_Stopwatch/count_reg[3]_1
    SLICE_X58Y30         LUT3 (Prop_lut3_I1_O)        0.152     7.569 r  U_ControlUnit_Stopwatch/counter[23]_i_3/O
                         net (fo=5, routed)           0.919     8.488    U_ControlUnit_Stopwatch/FSM_onehot_state_reg[1]_0
    SLICE_X62Y33         LUT2 (Prop_lut2_I0_O)        0.352     8.840 r  U_ControlUnit_Stopwatch/counter[23]_i_1/O
                         net (fo=29, routed)          0.657     9.497    U_Clk_Div_10Hz/E[0]
    SLICE_X62Y29         FDCE                                         r  U_Clk_Div_10Hz/counter_reg[3]/CE
  -------------------------------------------------------------------    -------------------

                         (clock sys_clk_pin rise edge)
                                                     10.000    10.000 r  
    W5                                                0.000    10.000 r  clk (IN)
                         net (fo=0)                   0.000    10.000    clk
    W5                   IBUF (Prop_ibuf_I_O)         1.388    11.388 r  clk_IBUF_inst/O
                         net (fo=1, routed)           1.862    13.250    clk_IBUF
    BUFGCTRL_X0Y0        BUFG (Prop_bufg_I_O)         0.091    13.341 r  clk_IBUF_BUFG_inst/O
                         net (fo=235, routed)         1.508    14.849    U_Clk_Div_10Hz/clk_IBUF_BUFG
    SLICE_X62Y29         FDCE                                         r  U_Clk_Div_10Hz/counter_reg[3]/C
                         clock pessimism              0.260    15.109    
                         clock uncertainty           -0.035    15.074    
    SLICE_X62Y29         FDCE (Setup_fdce_C_CE)      -0.407    14.667    U_Clk_Div_10Hz/counter_reg[3]
  -------------------------------------------------------------------
                         required time                         14.667    
                         arrival time                          -9.497    
  -------------------------------------------------------------------
                         slack                                  5.170    

Slack (MET) :             5.170ns  (required time - arrival time)
  Source:                 U_Run_Debounce/edge_detect_reg/C
                            (rising edge-triggered cell FDCE clocked by sys_clk_pin  {rise@0.000ns fall@5.000ns period=10.000ns})
  Destination:            U_Clk_Div_10Hz/counter_reg[4]/CE
                            (rising edge-triggered cell FDCE clocked by sys_clk_pin  {rise@0.000ns fall@5.000ns period=10.000ns})
  Path Group:             sys_clk_pin
  Path Type:              Setup (Max at Slow Process Corner)
  Requirement:            10.000ns  (sys_clk_pin rise@10.000ns - sys_clk_pin rise@0.000ns)
  Data Path Delay:        4.353ns  (logic 1.146ns (26.328%)  route 3.207ns (73.672%))
  Logic Levels:           3  (LUT2=1 LUT3=1 LUT6=1)
  Clock Path Skew:        -0.035ns (DCD - SCD + CPR)
    Destination Clock Delay (DCD):    4.849ns = ( 14.849 - 10.000 ) 
    Source Clock Delay      (SCD):    5.144ns
    Clock Pessimism Removal (CPR):    0.260ns
  Clock Uncertainty:      0.035ns  ((TSJ^2 + TIJ^2)^1/2 + DJ) / 2 + PE
    Total System Jitter     (TSJ):    0.071ns
    Total Input Jitter      (TIJ):    0.000ns
    Discrete Jitter          (DJ):    0.000ns
    Phase Error              (PE):    0.000ns

    Location             Delay type                Incr(ns)  Path(ns)    Netlist Resource(s)
  -------------------------------------------------------------------    -------------------
                         (clock sys_clk_pin rise edge)
                                                      0.000     0.000 r  
    W5                                                0.000     0.000 r  clk (IN)
                         net (fo=0)                   0.000     0.000    clk
    W5                   IBUF (Prop_ibuf_I_O)         1.458     1.458 r  clk_IBUF_inst/O
                         net (fo=1, routed)           1.967     3.425    clk_IBUF
    BUFGCTRL_X0Y0        BUFG (Prop_bufg_I_O)         0.096     3.521 r  clk_IBUF_BUFG_inst/O
                         net (fo=235, routed)         1.623     5.144    U_Run_Debounce/clk_IBUF_BUFG
    SLICE_X60Y28         FDCE                                         r  U_Run_Debounce/edge_detect_reg/C
  -------------------------------------------------------------------    -------------------
    SLICE_X60Y28         FDCE (Prop_fdce_C_Q)         0.518     5.662 f  U_Run_Debounce/edge_detect_reg/Q
                         net (fo=1, routed)           0.669     6.331    U_Run_Debounce/edge_detect
    SLICE_X60Y28         LUT6 (Prop_lut6_I0_O)        0.124     6.455 f  U_Run_Debounce/div_counter[23]_i_3/O
                         net (fo=4, routed)           0.961     7.417    U_ControlUnit_Stopwatch/count_reg[3]_1
    SLICE_X58Y30         LUT3 (Prop_lut3_I1_O)        0.152     7.569 r  U_ControlUnit_Stopwatch/counter[23]_i_3/O
                         net (fo=5, routed)           0.919     8.488    U_ControlUnit_Stopwatch/FSM_onehot_state_reg[1]_0
    SLICE_X62Y33         LUT2 (Prop_lut2_I0_O)        0.352     8.840 r  U_ControlUnit_Stopwatch/counter[23]_i_1/O
                         net (fo=29, routed)          0.657     9.497    U_Clk_Div_10Hz/E[0]
    SLICE_X62Y29         FDCE                                         r  U_Clk_Div_10Hz/counter_reg[4]/CE
  -------------------------------------------------------------------    -------------------

                         (clock sys_clk_pin rise edge)
                                                     10.000    10.000 r  
    W5                                                0.000    10.000 r  clk (IN)
                         net (fo=0)                   0.000    10.000    clk
    W5                   IBUF (Prop_ibuf_I_O)         1.388    11.388 r  clk_IBUF_inst/O
                         net (fo=1, routed)           1.862    13.250    clk_IBUF
    BUFGCTRL_X0Y0        BUFG (Prop_bufg_I_O)         0.091    13.341 r  clk_IBUF_BUFG_inst/O
                         net (fo=235, routed)         1.508    14.849    U_Clk_Div_10Hz/clk_IBUF_BUFG
    SLICE_X62Y29         FDCE                                         r  U_Clk_Div_10Hz/counter_reg[4]/C
                         clock pessimism              0.260    15.109    
                         clock uncertainty           -0.035    15.074    
    SLICE_X62Y29         FDCE (Setup_fdce_C_CE)      -0.407    14.667    U_Clk_Div_10Hz/counter_reg[4]
  -------------------------------------------------------------------
                         required time                         14.667    
                         arrival time                          -9.497    
  -------------------------------------------------------------------
                         slack                                  5.170    





Min Delay Paths
--------------------------------------------------------------------------------------
Slack (MET) :             0.166ns  (arrival time - required time)
  Source:                 U_UART/U_BaudRate_Gen/br_counter_reg[7]/C
                            (rising edge-triggered cell FDCE clocked by sys_clk_pin  {rise@0.000ns fall@5.000ns period=10.000ns})
  Destination:            U_UART/U_BaudRate_Gen/br_tick_reg/D
                            (rising edge-triggered cell FDCE clocked by sys_clk_pin  {rise@0.000ns fall@5.000ns period=10.000ns})
  Path Group:             sys_clk_pin
  Path Type:              Hold (Min at Fast Process Corner)
  Requirement:            0.000ns  (sys_clk_pin rise@0.000ns - sys_clk_pin rise@0.000ns)
  Data Path Delay:        0.300ns  (logic 0.186ns (61.929%)  route 0.114ns (38.071%))
  Logic Levels:           1  (LUT5=1)
  Clock Path Skew:        0.013ns (DCD - SCD - CPR)
    Destination Clock Delay (DCD):    1.954ns
    Source Clock Delay      (SCD):    1.441ns
    Clock Pessimism Removal (CPR):    0.500ns

    Location             Delay type                Incr(ns)  Path(ns)    Netlist Resource(s)
  -------------------------------------------------------------------    -------------------
                         (clock sys_clk_pin rise edge)
                                                      0.000     0.000 r  
    W5                                                0.000     0.000 r  clk (IN)
                         net (fo=0)                   0.000     0.000    clk
    W5                   IBUF (Prop_ibuf_I_O)         0.226     0.226 r  clk_IBUF_inst/O
                         net (fo=1, routed)           0.631     0.858    clk_IBUF
    BUFGCTRL_X0Y0        BUFG (Prop_bufg_I_O)         0.026     0.884 r  clk_IBUF_BUFG_inst/O
                         net (fo=235, routed)         0.558     1.441    U_UART/U_BaudRate_Gen/clk_IBUF_BUFG
    SLICE_X53Y30         FDCE                                         r  U_UART/U_BaudRate_Gen/br_counter_reg[7]/C
  -------------------------------------------------------------------    -------------------
    SLICE_X53Y30         FDCE (Prop_fdce_C_Q)         0.141     1.582 r  U_UART/U_BaudRate_Gen/br_counter_reg[7]/Q
                         net (fo=6, routed)           0.114     1.696    U_UART/U_BaudRate_Gen/br_counter[7]
    SLICE_X52Y30         LUT5 (Prop_lut5_I0_O)        0.045     1.741 r  U_UART/U_BaudRate_Gen/br_tick_i_1/O
                         net (fo=1, routed)           0.000     1.741    U_UART/U_BaudRate_Gen/br_tick_1
    SLICE_X52Y30         FDCE                                         r  U_UART/U_BaudRate_Gen/br_tick_reg/D
  -------------------------------------------------------------------    -------------------

                         (clock sys_clk_pin rise edge)
                                                      0.000     0.000 r  
    W5                                                0.000     0.000 r  clk (IN)
                         net (fo=0)                   0.000     0.000    clk
    W5                   IBUF (Prop_ibuf_I_O)         0.414     0.414 r  clk_IBUF_inst/O
                         net (fo=1, routed)           0.685     1.099    clk_IBUF
    BUFGCTRL_X0Y0        BUFG (Prop_bufg_I_O)         0.029     1.128 r  clk_IBUF_BUFG_inst/O
                         net (fo=235, routed)         0.827     1.954    U_UART/U_BaudRate_Gen/clk_IBUF_BUFG
    SLICE_X52Y30         FDCE                                         r  U_UART/U_BaudRate_Gen/br_tick_reg/C
                         clock pessimism             -0.500     1.454    
    SLICE_X52Y30         FDCE (Hold_fdce_C_D)         0.121     1.575    U_UART/U_BaudRate_Gen/br_tick_reg
  -------------------------------------------------------------------
                         required time                         -1.575    
                         arrival time                           1.741    
  -------------------------------------------------------------------
                         slack                                  0.166    

Slack (MET) :             0.191ns  (arrival time - required time)
  Source:                 U_Msec_Counter/tick_in_prev_reg/C
                            (rising edge-triggered cell FDCE clocked by sys_clk_pin  {rise@0.000ns fall@5.000ns period=10.000ns})
  Destination:            U_Msec_Counter/tick_out_reg/D
                            (rising edge-triggered cell FDCE clocked by sys_clk_pin  {rise@0.000ns fall@5.000ns period=10.000ns})
  Path Group:             sys_clk_pin
  Path Type:              Hold (Min at Fast Process Corner)
  Requirement:            0.000ns  (sys_clk_pin rise@0.000ns - sys_clk_pin rise@0.000ns)
  Data Path Delay:        0.296ns  (logic 0.186ns (62.837%)  route 0.110ns (37.163%))
  Logic Levels:           1  (LUT4=1)
  Clock Path Skew:        0.013ns (DCD - SCD - CPR)
    Destination Clock Delay (DCD):    1.985ns
    Source Clock Delay      (SCD):    1.472ns
    Clock Pessimism Removal (CPR):    0.500ns

    Location             Delay type                Incr(ns)  Path(ns)    Netlist Resource(s)
  -------------------------------------------------------------------    -------------------
                         (clock sys_clk_pin rise edge)
                                                      0.000     0.000 r  
    W5                                                0.000     0.000 r  clk (IN)
                         net (fo=0)                   0.000     0.000    clk
    W5                   IBUF (Prop_ibuf_I_O)         0.226     0.226 r  clk_IBUF_inst/O
                         net (fo=1, routed)           0.631     0.858    clk_IBUF
    BUFGCTRL_X0Y0        BUFG (Prop_bufg_I_O)         0.026     0.884 r  clk_IBUF_BUFG_inst/O
                         net (fo=235, routed)         0.589     1.472    U_Msec_Counter/clk_IBUF_BUFG
    SLICE_X63Y32         FDCE                                         r  U_Msec_Counter/tick_in_prev_reg/C
  -------------------------------------------------------------------    -------------------
    SLICE_X63Y32         FDCE (Prop_fdce_C_Q)         0.141     1.613 f  U_Msec_Counter/tick_in_prev_reg/Q
                         net (fo=2, routed)           0.110     1.723    U_Msec_Counter/tick_in_prev_reg_0
    SLICE_X62Y32         LUT4 (Prop_lut4_I2_O)        0.045     1.768 r  U_Msec_Counter/tick_out_i_1__0/O
                         net (fo=1, routed)           0.000     1.768    U_Msec_Counter/tick_out_i_1__0_n_0
    SLICE_X62Y32         FDCE                                         r  U_Msec_Counter/tick_out_reg/D
  -------------------------------------------------------------------    -------------------

                         (clock sys_clk_pin rise edge)
                                                      0.000     0.000 r  
    W5                                                0.000     0.000 r  clk (IN)
                         net (fo=0)                   0.000     0.000    clk
    W5                   IBUF (Prop_ibuf_I_O)         0.414     0.414 r  clk_IBUF_inst/O
                         net (fo=1, routed)           0.685     1.099    clk_IBUF
    BUFGCTRL_X0Y0        BUFG (Prop_bufg_I_O)         0.029     1.128 r  clk_IBUF_BUFG_inst/O
                         net (fo=235, routed)         0.858     1.985    U_Msec_Counter/clk_IBUF_BUFG
    SLICE_X62Y32         FDCE                                         r  U_Msec_Counter/tick_out_reg/C
                         clock pessimism             -0.500     1.485    
    SLICE_X62Y32         FDCE (Hold_fdce_C_D)         0.092     1.577    U_Msec_Counter/tick_out_reg
  -------------------------------------------------------------------
                         required time                         -1.577    
                         arrival time                           1.768    
  -------------------------------------------------------------------
                         slack                                  0.191    

Slack (MET) :             0.226ns  (arrival time - required time)
  Source:                 U_UART/U_Receiver/tick_counter_reg_reg[1]/C
                            (rising edge-triggered cell FDCE clocked by sys_clk_pin  {rise@0.000ns fall@5.000ns period=10.000ns})
  Destination:            U_UART/U_Receiver/tick_counter_reg_reg[2]/D
                            (rising edge-triggered cell FDCE clocked by sys_clk_pin  {rise@0.000ns fall@5.000ns period=10.000ns})
  Path Group:             sys_clk_pin
  Path Type:              Hold (Min at Fast Process Corner)
  Requirement:            0.000ns  (sys_clk_pin rise@0.000ns - sys_clk_pin rise@0.000ns)
  Data Path Delay:        0.318ns  (logic 0.227ns (71.396%)  route 0.091ns (28.604%))
  Logic Levels:           1  (LUT6=1)
  Clock Path Skew:        0.000ns (DCD - SCD - CPR)
    Destination Clock Delay (DCD):    1.953ns
    Source Clock Delay      (SCD):    1.441ns
    Clock Pessimism Removal (CPR):    0.512ns

    Location             Delay type                Incr(ns)  Path(ns)    Netlist Resource(s)
  -------------------------------------------------------------------    -------------------
                         (clock sys_clk_pin rise edge)
                                                      0.000     0.000 r  
    W5                                                0.000     0.000 r  clk (IN)
                         net (fo=0)                   0.000     0.000    clk
    W5                   IBUF (Prop_ibuf_I_O)         0.226     0.226 r  clk_IBUF_inst/O
                         net (fo=1, routed)           0.631     0.858    clk_IBUF
    BUFGCTRL_X0Y0        BUFG (Prop_bufg_I_O)         0.026     0.884 r  clk_IBUF_BUFG_inst/O
                         net (fo=235, routed)         0.558     1.441    U_UART/U_Receiver/clk_IBUF_BUFG
    SLICE_X48Y30         FDCE                                         r  U_UART/U_Receiver/tick_counter_reg_reg[1]/C
  -------------------------------------------------------------------    -------------------
    SLICE_X48Y30         FDCE (Prop_fdce_C_Q)         0.128     1.569 r  U_UART/U_Receiver/tick_counter_reg_reg[1]/Q
                         net (fo=3, routed)           0.091     1.660    U_UART/U_Receiver/tick_counter_reg[1]
    SLICE_X48Y30         LUT6 (Prop_lut6_I4_O)        0.099     1.759 r  U_UART/U_Receiver/tick_counter_reg[2]_i_1__0/O
                         net (fo=1, routed)           0.000     1.759    U_UART/U_Receiver/tick_counter_next[2]
    SLICE_X48Y30         FDCE                                         r  U_UART/U_Receiver/tick_counter_reg_reg[2]/D
  -------------------------------------------------------------------    -------------------

                         (clock sys_clk_pin rise edge)
                                                      0.000     0.000 r  
    W5                                                0.000     0.000 r  clk (IN)
                         net (fo=0)                   0.000     0.000    clk
    W5                   IBUF (Prop_ibuf_I_O)         0.414     0.414 r  clk_IBUF_inst/O
                         net (fo=1, routed)           0.685     1.099    clk_IBUF
    BUFGCTRL_X0Y0        BUFG (Prop_bufg_I_O)         0.029     1.128 r  clk_IBUF_BUFG_inst/O
                         net (fo=235, routed)         0.826     1.953    U_UART/U_Receiver/clk_IBUF_BUFG
    SLICE_X48Y30         FDCE                                         r  U_UART/U_Receiver/tick_counter_reg_reg[2]/C
                         clock pessimism             -0.512     1.441    
    SLICE_X48Y30         FDCE (Hold_fdce_C_D)         0.092     1.533    U_UART/U_Receiver/tick_counter_reg_reg[2]
  -------------------------------------------------------------------
                         required time                         -1.533    
                         arrival time                           1.759    
  -------------------------------------------------------------------
                         slack                                  0.226    

Slack (MET) :             0.226ns  (arrival time - required time)
  Source:                 U_UART/U_Receiver/FSM_sequential_state_reg[1]/C
                            (rising edge-triggered cell FDCE clocked by sys_clk_pin  {rise@0.000ns fall@5.000ns period=10.000ns})
  Destination:            U_UART/U_Receiver/rx_done_reg_reg/D
                            (rising edge-triggered cell FDCE clocked by sys_clk_pin  {rise@0.000ns fall@5.000ns period=10.000ns})
  Path Group:             sys_clk_pin
  Path Type:              Hold (Min at Fast Process Corner)
  Requirement:            0.000ns  (sys_clk_pin rise@0.000ns - sys_clk_pin rise@0.000ns)
  Data Path Delay:        0.347ns  (logic 0.246ns (70.876%)  route 0.101ns (29.124%))
  Logic Levels:           1  (LUT6=1)
  Clock Path Skew:        0.000ns (DCD - SCD - CPR)
    Destination Clock Delay (DCD):    1.955ns
    Source Clock Delay      (SCD):    1.442ns
    Clock Pessimism Removal (CPR):    0.513ns

    Location             Delay type                Incr(ns)  Path(ns)    Netlist Resource(s)
  -------------------------------------------------------------------    -------------------
                         (clock sys_clk_pin rise edge)
                                                      0.000     0.000 r  
    W5                                                0.000     0.000 r  clk (IN)
                         net (fo=0)                   0.000     0.000    clk
    W5                   IBUF (Prop_ibuf_I_O)         0.226     0.226 r  clk_IBUF_inst/O
                         net (fo=1, routed)           0.631     0.858    clk_IBUF
    BUFGCTRL_X0Y0        BUFG (Prop_bufg_I_O)         0.026     0.884 r  clk_IBUF_BUFG_inst/O
                         net (fo=235, routed)         0.559     1.442    U_UART/U_Receiver/clk_IBUF_BUFG
    SLICE_X50Y31         FDCE                                         r  U_UART/U_Receiver/FSM_sequential_state_reg[1]/C
  -------------------------------------------------------------------    -------------------
    SLICE_X50Y31         FDCE (Prop_fdce_C_Q)         0.148     1.590 r  U_UART/U_Receiver/FSM_sequential_state_reg[1]/Q
                         net (fo=21, routed)          0.101     1.691    U_UART/U_Receiver/state[1]
    SLICE_X50Y31         LUT6 (Prop_lut6_I4_O)        0.098     1.789 r  U_UART/U_Receiver/rx_done_reg_i_1/O
                         net (fo=1, routed)           0.000     1.789    U_UART/U_Receiver/rx_done_reg_i_1_n_0
    SLICE_X50Y31         FDCE                                         r  U_UART/U_Receiver/rx_done_reg_reg/D
  -------------------------------------------------------------------    -------------------

                         (clock sys_clk_pin rise edge)
                                                      0.000     0.000 r  
    W5                                                0.000     0.000 r  clk (IN)
                         net (fo=0)                   0.000     0.000    clk
    W5                   IBUF (Prop_ibuf_I_O)         0.414     0.414 r  clk_IBUF_inst/O
                         net (fo=1, routed)           0.685     1.099    clk_IBUF
    BUFGCTRL_X0Y0        BUFG (Prop_bufg_I_O)         0.029     1.128 r  clk_IBUF_BUFG_inst/O
                         net (fo=235, routed)         0.828     1.955    U_UART/U_Receiver/clk_IBUF_BUFG
    SLICE_X50Y31         FDCE                                         r  U_UART/U_Receiver/rx_done_reg_reg/C
                         clock pessimism             -0.513     1.442    
    SLICE_X50Y31         FDCE (Hold_fdce_C_D)         0.121     1.563    U_UART/U_Receiver/rx_done_reg_reg
  -------------------------------------------------------------------
                         required time                         -1.563    
                         arrival time                           1.789    
  -------------------------------------------------------------------
                         slack                                  0.226    

Slack (MET) :             0.228ns  (arrival time - required time)
  Source:                 U_ControlUnit_Normal/FSM_onehot_state_reg[0]/C
                            (rising edge-triggered cell FDPE clocked by sys_clk_pin  {rise@0.000ns fall@5.000ns period=10.000ns})
  Destination:            U_ControlUnit_Normal/FSM_onehot_state_reg[2]/D
                            (rising edge-triggered cell FDCE clocked by sys_clk_pin  {rise@0.000ns fall@5.000ns period=10.000ns})
  Path Group:             sys_clk_pin
  Path Type:              Hold (Min at Fast Process Corner)
  Requirement:            0.000ns  (sys_clk_pin rise@0.000ns - sys_clk_pin rise@0.000ns)
  Data Path Delay:        0.348ns  (logic 0.246ns (70.738%)  route 0.102ns (29.262%))
  Logic Levels:           1  (LUT6=1)
  Clock Path Skew:        0.000ns (DCD - SCD - CPR)
    Destination Clock Delay (DCD):    1.955ns
    Source Clock Delay      (SCD):    1.442ns
    Clock Pessimism Removal (CPR):    0.513ns

    Location             Delay type                Incr(ns)  Path(ns)    Netlist Resource(s)
  -------------------------------------------------------------------    -------------------
                         (clock sys_clk_pin rise edge)
                                                      0.000     0.000 r  
    W5                                                0.000     0.000 r  clk (IN)
                         net (fo=0)                   0.000     0.000    clk
    W5                   IBUF (Prop_ibuf_I_O)         0.226     0.226 r  clk_IBUF_inst/O
                         net (fo=1, routed)           0.631     0.858    clk_IBUF
    BUFGCTRL_X0Y0        BUFG (Prop_bufg_I_O)         0.026     0.884 r  clk_IBUF_BUFG_inst/O
                         net (fo=235, routed)         0.559     1.442    U_ControlUnit_Normal/clk_IBUF_BUFG
    SLICE_X52Y31         FDPE                                         r  U_ControlUnit_Normal/FSM_onehot_state_reg[0]/C
  -------------------------------------------------------------------    -------------------
    SLICE_X52Y31         FDPE (Prop_fdpe_C_Q)         0.148     1.590 r  U_ControlUnit_Normal/FSM_onehot_state_reg[0]/Q
                         net (fo=4, routed)           0.102     1.692    U_ControlUnit_Normal/FSM_onehot_state_reg[0]_0
    SLICE_X52Y31         LUT6 (Prop_lut6_I0_O)        0.098     1.790 r  U_ControlUnit_Normal/FSM_onehot_state[2]_i_1/O
                         net (fo=1, routed)           0.000     1.790    U_ControlUnit_Normal/FSM_onehot_state[2]_i_1_n_0
    SLICE_X52Y31         FDCE                                         r  U_ControlUnit_Normal/FSM_onehot_state_reg[2]/D
  -------------------------------------------------------------------    -------------------

                         (clock sys_clk_pin rise edge)
                                                      0.000     0.000 r  
    W5                                                0.000     0.000 r  clk (IN)
                         net (fo=0)                   0.000     0.000    clk
    W5                   IBUF (Prop_ibuf_I_O)         0.414     0.414 r  clk_IBUF_inst/O
                         net (fo=1, routed)           0.685     1.099    clk_IBUF
    BUFGCTRL_X0Y0        BUFG (Prop_bufg_I_O)         0.029     1.128 r  clk_IBUF_BUFG_inst/O
                         net (fo=235, routed)         0.828     1.955    U_ControlUnit_Normal/clk_IBUF_BUFG
    SLICE_X52Y31         FDCE                                         r  U_ControlUnit_Normal/FSM_onehot_state_reg[2]/C
                         clock pessimism             -0.513     1.442    
    SLICE_X52Y31         FDCE (Hold_fdce_C_D)         0.120     1.562    U_ControlUnit_Normal/FSM_onehot_state_reg[2]
  -------------------------------------------------------------------
                         required time                         -1.562    
                         arrival time                           1.790    
  -------------------------------------------------------------------
                         slack                                  0.228    

Slack (MET) :             0.233ns  (arrival time - required time)
  Source:                 U_UART/U_BaudRate_Gen/br_counter_reg[0]/C
                            (rising edge-triggered cell FDCE clocked by sys_clk_pin  {rise@0.000ns fall@5.000ns period=10.000ns})
  Destination:            U_UART/U_BaudRate_Gen/br_counter_reg[3]/D
                            (rising edge-triggered cell FDCE clocked by sys_clk_pin  {rise@0.000ns fall@5.000ns period=10.000ns})
  Path Group:             sys_clk_pin
  Path Type:              Hold (Min at Fast Process Corner)
  Requirement:            0.000ns  (sys_clk_pin rise@0.000ns - sys_clk_pin rise@0.000ns)
  Data Path Delay:        0.353ns  (logic 0.213ns (60.399%)  route 0.140ns (39.601%))
  Logic Levels:           1  (LUT5=1)
  Clock Path Skew:        0.013ns (DCD - SCD - CPR)
    Destination Clock Delay (DCD):    1.953ns
    Source Clock Delay      (SCD):    1.440ns
    Clock Pessimism Removal (CPR):    0.500ns

    Location             Delay type                Incr(ns)  Path(ns)    Netlist Resource(s)
  -------------------------------------------------------------------    -------------------
                         (clock sys_clk_pin rise edge)
                                                      0.000     0.000 r  
    W5                                                0.000     0.000 r  clk (IN)
                         net (fo=0)                   0.000     0.000    clk
    W5                   IBUF (Prop_ibuf_I_O)         0.226     0.226 r  clk_IBUF_inst/O
                         net (fo=1, routed)           0.631     0.858    clk_IBUF
    BUFGCTRL_X0Y0        BUFG (Prop_bufg_I_O)         0.026     0.884 r  clk_IBUF_BUFG_inst/O
                         net (fo=235, routed)         0.557     1.440    U_UART/U_BaudRate_Gen/clk_IBUF_BUFG
    SLICE_X52Y29         FDCE                                         r  U_UART/U_BaudRate_Gen/br_counter_reg[0]/C
  -------------------------------------------------------------------    -------------------
    SLICE_X52Y29         FDCE (Prop_fdce_C_Q)         0.164     1.604 r  U_UART/U_BaudRate_Gen/br_counter_reg[0]/Q
                         net (fo=10, routed)          0.140     1.744    U_UART/U_BaudRate_Gen/br_counter[0]
    SLICE_X53Y29         LUT5 (Prop_lut5_I2_O)        0.049     1.793 r  U_UART/U_BaudRate_Gen/br_counter[3]_i_1/O
                         net (fo=1, routed)           0.000     1.793    U_UART/U_BaudRate_Gen/br_counter_0[3]
    SLICE_X53Y29         FDCE                                         r  U_UART/U_BaudRate_Gen/br_counter_reg[3]/D
  -------------------------------------------------------------------    -------------------

                         (clock sys_clk_pin rise edge)
                                                      0.000     0.000 r  
    W5                                                0.000     0.000 r  clk (IN)
                         net (fo=0)                   0.000     0.000    clk
    W5                   IBUF (Prop_ibuf_I_O)         0.414     0.414 r  clk_IBUF_inst/O
                         net (fo=1, routed)           0.685     1.099    clk_IBUF
    BUFGCTRL_X0Y0        BUFG (Prop_bufg_I_O)         0.029     1.128 r  clk_IBUF_BUFG_inst/O
                         net (fo=235, routed)         0.826     1.953    U_UART/U_BaudRate_Gen/clk_IBUF_BUFG
    SLICE_X53Y29         FDCE                                         r  U_UART/U_BaudRate_Gen/br_counter_reg[3]/C
                         clock pessimism             -0.500     1.453    
    SLICE_X53Y29         FDCE (Hold_fdce_C_D)         0.107     1.560    U_UART/U_BaudRate_Gen/br_counter_reg[3]
  -------------------------------------------------------------------
                         required time                         -1.560    
                         arrival time                           1.793    
  -------------------------------------------------------------------
                         slack                                  0.233    

Slack (MET) :             0.234ns  (arrival time - required time)
  Source:                 U_UART/U_BaudRate_Gen/br_counter_reg[7]/C
                            (rising edge-triggered cell FDCE clocked by sys_clk_pin  {rise@0.000ns fall@5.000ns period=10.000ns})
  Destination:            U_UART/U_BaudRate_Gen/br_counter_reg[0]/D
                            (rising edge-triggered cell FDCE clocked by sys_clk_pin  {rise@0.000ns fall@5.000ns period=10.000ns})
  Path Group:             sys_clk_pin
  Path Type:              Hold (Min at Fast Process Corner)
  Requirement:            0.000ns  (sys_clk_pin rise@0.000ns - sys_clk_pin rise@0.000ns)
  Data Path Delay:        0.367ns  (logic 0.186ns (50.618%)  route 0.181ns (49.382%))
  Logic Levels:           1  (LUT6=1)
  Clock Path Skew:        0.013ns (DCD - SCD - CPR)
    Destination Clock Delay (DCD):    1.953ns
    Source Clock Delay      (SCD):    1.441ns
    Clock Pessimism Removal (CPR):    0.499ns

    Location             Delay type                Incr(ns)  Path(ns)    Netlist Resource(s)
  -------------------------------------------------------------------    -------------------
                         (clock sys_clk_pin rise edge)
                                                      0.000     0.000 r  
    W5                                                0.000     0.000 r  clk (IN)
                         net (fo=0)                   0.000     0.000    clk
    W5                   IBUF (Prop_ibuf_I_O)         0.226     0.226 r  clk_IBUF_inst/O
                         net (fo=1, routed)           0.631     0.858    clk_IBUF
    BUFGCTRL_X0Y0        BUFG (Prop_bufg_I_O)         0.026     0.884 r  clk_IBUF_BUFG_inst/O
                         net (fo=235, routed)         0.558     1.441    U_UART/U_BaudRate_Gen/clk_IBUF_BUFG
    SLICE_X53Y30         FDCE                                         r  U_UART/U_BaudRate_Gen/br_counter_reg[7]/C
  -------------------------------------------------------------------    -------------------
    SLICE_X53Y30         FDCE (Prop_fdce_C_Q)         0.141     1.582 r  U_UART/U_BaudRate_Gen/br_counter_reg[7]/Q
                         net (fo=6, routed)           0.181     1.764    U_UART/U_BaudRate_Gen/br_counter[7]
    SLICE_X52Y29         LUT6 (Prop_lut6_I3_O)        0.045     1.809 r  U_UART/U_BaudRate_Gen/br_counter[0]_i_1/O
                         net (fo=1, routed)           0.000     1.809    U_UART/U_BaudRate_Gen/br_counter_0[0]
    SLICE_X52Y29         FDCE                                         r  U_UART/U_BaudRate_Gen/br_counter_reg[0]/D
  -------------------------------------------------------------------    -------------------

                         (clock sys_clk_pin rise edge)
                                                      0.000     0.000 r  
    W5                                                0.000     0.000 r  clk (IN)
                         net (fo=0)                   0.000     0.000    clk
    W5                   IBUF (Prop_ibuf_I_O)         0.414     0.414 r  clk_IBUF_inst/O
                         net (fo=1, routed)           0.685     1.099    clk_IBUF
    BUFGCTRL_X0Y0        BUFG (Prop_bufg_I_O)         0.029     1.128 r  clk_IBUF_BUFG_inst/O
                         net (fo=235, routed)         0.826     1.953    U_UART/U_BaudRate_Gen/clk_IBUF_BUFG
    SLICE_X52Y29         FDCE                                         r  U_UART/U_BaudRate_Gen/br_counter_reg[0]/C
                         clock pessimism             -0.499     1.454    
    SLICE_X52Y29         FDCE (Hold_fdce_C_D)         0.120     1.574    U_UART/U_BaudRate_Gen/br_counter_reg[0]
  -------------------------------------------------------------------
                         required time                         -1.574    
                         arrival time                           1.809    
  -------------------------------------------------------------------
                         slack                                  0.234    

Slack (MET) :             0.237ns  (arrival time - required time)
  Source:                 U_ControlUnit_Stopwatch/FSM_onehot_state_reg[1]/C
                            (rising edge-triggered cell FDCE clocked by sys_clk_pin  {rise@0.000ns fall@5.000ns period=10.000ns})
  Destination:            U_ControlUnit_Stopwatch/FSM_onehot_state_reg[0]/D
                            (rising edge-triggered cell FDPE clocked by sys_clk_pin  {rise@0.000ns fall@5.000ns period=10.000ns})
  Path Group:             sys_clk_pin
  Path Type:              Hold (Min at Fast Process Corner)
  Requirement:            0.000ns  (sys_clk_pin rise@0.000ns - sys_clk_pin rise@0.000ns)
  Data Path Delay:        0.358ns  (logic 0.209ns (58.415%)  route 0.149ns (41.585%))
  Logic Levels:           1  (LUT5=1)
  Clock Path Skew:        0.000ns (DCD - SCD - CPR)
    Destination Clock Delay (DCD):    1.955ns
    Source Clock Delay      (SCD):    1.442ns
    Clock Pessimism Removal (CPR):    0.513ns

    Location             Delay type                Incr(ns)  Path(ns)    Netlist Resource(s)
  -------------------------------------------------------------------    -------------------
                         (clock sys_clk_pin rise edge)
                                                      0.000     0.000 r  
    W5                                                0.000     0.000 r  clk (IN)
                         net (fo=0)                   0.000     0.000    clk
    W5                   IBUF (Prop_ibuf_I_O)         0.226     0.226 r  clk_IBUF_inst/O
                         net (fo=1, routed)           0.631     0.858    clk_IBUF
    BUFGCTRL_X0Y0        BUFG (Prop_bufg_I_O)         0.026     0.884 r  clk_IBUF_BUFG_inst/O
                         net (fo=235, routed)         0.559     1.442    U_ControlUnit_Stopwatch/clk_IBUF_BUFG
    SLICE_X54Y31         FDCE                                         r  U_ControlUnit_Stopwatch/FSM_onehot_state_reg[1]/C
  -------------------------------------------------------------------    -------------------
    SLICE_X54Y31         FDCE (Prop_fdce_C_Q)         0.164     1.606 r  U_ControlUnit_Stopwatch/FSM_onehot_state_reg[1]/Q
                         net (fo=4, routed)           0.149     1.755    U_ControlUnit_Stopwatch/en_stopwatch
    SLICE_X54Y31         LUT5 (Prop_lut5_I1_O)        0.045     1.800 r  U_ControlUnit_Stopwatch/FSM_onehot_state[0]_i_1__0/O
                         net (fo=1, routed)           0.000     1.800    U_ControlUnit_Stopwatch/FSM_onehot_state[0]_i_1__0_n_0
    SLICE_X54Y31         FDPE                                         r  U_ControlUnit_Stopwatch/FSM_onehot_state_reg[0]/D
  -------------------------------------------------------------------    -------------------

                         (clock sys_clk_pin rise edge)
                                                      0.000     0.000 r  
    W5                                                0.000     0.000 r  clk (IN)
                         net (fo=0)                   0.000     0.000    clk
    W5                   IBUF (Prop_ibuf_I_O)         0.414     0.414 r  clk_IBUF_inst/O
                         net (fo=1, routed)           0.685     1.099    clk_IBUF
    BUFGCTRL_X0Y0        BUFG (Prop_bufg_I_O)         0.029     1.128 r  clk_IBUF_BUFG_inst/O
                         net (fo=235, routed)         0.828     1.955    U_ControlUnit_Stopwatch/clk_IBUF_BUFG
    SLICE_X54Y31         FDPE                                         r  U_ControlUnit_Stopwatch/FSM_onehot_state_reg[0]/C
                         clock pessimism             -0.513     1.442    
    SLICE_X54Y31         FDPE (Hold_fdpe_C_D)         0.121     1.563    U_ControlUnit_Stopwatch/FSM_onehot_state_reg[0]
  -------------------------------------------------------------------
                         required time                         -1.563    
                         arrival time                           1.800    
  -------------------------------------------------------------------
                         slack                                  0.237    

Slack (MET) :             0.243ns  (arrival time - required time)
  Source:                 U_UART/U_Transmitter/bit_counter_reg_reg[1]/C
                            (rising edge-triggered cell FDCE clocked by sys_clk_pin  {rise@0.000ns fall@5.000ns period=10.000ns})
  Destination:            U_UART/U_Transmitter/bit_counter_reg_reg[2]/D
                            (rising edge-triggered cell FDCE clocked by sys_clk_pin  {rise@0.000ns fall@5.000ns period=10.000ns})
  Path Group:             sys_clk_pin
  Path Type:              Hold (Min at Fast Process Corner)
  Requirement:            0.000ns  (sys_clk_pin rise@0.000ns - sys_clk_pin rise@0.000ns)
  Data Path Delay:        0.374ns  (logic 0.213ns (56.973%)  route 0.161ns (43.027%))
  Logic Levels:           1  (LUT5=1)
  Clock Path Skew:        0.000ns (DCD - SCD - CPR)
    Destination Clock Delay (DCD):    1.959ns
    Source Clock Delay      (SCD):    1.445ns
    Clock Pessimism Removal (CPR):    0.514ns

    Location             Delay type                Incr(ns)  Path(ns)    Netlist Resource(s)
  -------------------------------------------------------------------    -------------------
                         (clock sys_clk_pin rise edge)
                                                      0.000     0.000 r  
    W5                                                0.000     0.000 r  clk (IN)
                         net (fo=0)                   0.000     0.000    clk
    W5                   IBUF (Prop_ibuf_I_O)         0.226     0.226 r  clk_IBUF_inst/O
                         net (fo=1, routed)           0.631     0.858    clk_IBUF
    BUFGCTRL_X0Y0        BUFG (Prop_bufg_I_O)         0.026     0.884 r  clk_IBUF_BUFG_inst/O
                         net (fo=235, routed)         0.562     1.445    U_UART/U_Transmitter/clk_IBUF_BUFG
    SLICE_X50Y36         FDCE                                         r  U_UART/U_Transmitter/bit_counter_reg_reg[1]/C
  -------------------------------------------------------------------    -------------------
    SLICE_X50Y36         FDCE (Prop_fdce_C_Q)         0.164     1.609 r  U_UART/U_Transmitter/bit_counter_reg_reg[1]/Q
                         net (fo=4, routed)           0.161     1.770    U_UART/U_Transmitter/sel0[1]
    SLICE_X50Y36         LUT5 (Prop_lut5_I2_O)        0.049     1.819 r  U_UART/U_Transmitter/bit_counter_reg[2]_i_1/O
                         net (fo=1, routed)           0.000     1.819    U_UART/U_Transmitter/bit_counter_reg[2]_i_1_n_0
    SLICE_X50Y36         FDCE                                         r  U_UART/U_Transmitter/bit_counter_reg_reg[2]/D
  -------------------------------------------------------------------    -------------------

                         (clock sys_clk_pin rise edge)
                                                      0.000     0.000 r  
    W5                                                0.000     0.000 r  clk (IN)
                         net (fo=0)                   0.000     0.000    clk
    W5                   IBUF (Prop_ibuf_I_O)         0.414     0.414 r  clk_IBUF_inst/O
                         net (fo=1, routed)           0.685     1.099    clk_IBUF
    BUFGCTRL_X0Y0        BUFG (Prop_bufg_I_O)         0.029     1.128 r  clk_IBUF_BUFG_inst/O
                         net (fo=235, routed)         0.832     1.959    U_UART/U_Transmitter/clk_IBUF_BUFG
    SLICE_X50Y36         FDCE                                         r  U_UART/U_Transmitter/bit_counter_reg_reg[2]/C
                         clock pessimism             -0.514     1.445    
    SLICE_X50Y36         FDCE (Hold_fdce_C_D)         0.131     1.576    U_UART/U_Transmitter/bit_counter_reg_reg[2]
  -------------------------------------------------------------------
                         required time                         -1.576    
                         arrival time                           1.819    
  -------------------------------------------------------------------
                         slack                                  0.243    

Slack (MET) :             0.243ns  (arrival time - required time)
  Source:                 U_UART/U_Receiver/bit_counter_reg_reg[1]/C
                            (rising edge-triggered cell FDCE clocked by sys_clk_pin  {rise@0.000ns fall@5.000ns period=10.000ns})
  Destination:            U_UART/U_Receiver/bit_counter_reg_reg[2]/D
                            (rising edge-triggered cell FDCE clocked by sys_clk_pin  {rise@0.000ns fall@5.000ns period=10.000ns})
  Path Group:             sys_clk_pin
  Path Type:              Hold (Min at Fast Process Corner)
  Requirement:            0.000ns  (sys_clk_pin rise@0.000ns - sys_clk_pin rise@0.000ns)
  Data Path Delay:        0.350ns  (logic 0.183ns (52.285%)  route 0.167ns (47.715%))
  Logic Levels:           1  (LUT5=1)
  Clock Path Skew:        0.000ns (DCD - SCD - CPR)
    Destination Clock Delay (DCD):    1.954ns
    Source Clock Delay      (SCD):    1.442ns
    Clock Pessimism Removal (CPR):    0.512ns

    Location             Delay type                Incr(ns)  Path(ns)    Netlist Resource(s)
  -------------------------------------------------------------------    -------------------
                         (clock sys_clk_pin rise edge)
                                                      0.000     0.000 r  
    W5                                                0.000     0.000 r  clk (IN)
                         net (fo=0)                   0.000     0.000    clk
    W5                   IBUF (Prop_ibuf_I_O)         0.226     0.226 r  clk_IBUF_inst/O
                         net (fo=1, routed)           0.631     0.858    clk_IBUF
    BUFGCTRL_X0Y0        BUFG (Prop_bufg_I_O)         0.026     0.884 r  clk_IBUF_BUFG_inst/O
                         net (fo=235, routed)         0.559     1.442    U_UART/U_Receiver/clk_IBUF_BUFG
    SLICE_X49Y31         FDCE                                         r  U_UART/U_Receiver/bit_counter_reg_reg[1]/C
  -------------------------------------------------------------------    -------------------
    SLICE_X49Y31         FDCE (Prop_fdce_C_Q)         0.141     1.583 r  U_UART/U_Receiver/bit_counter_reg_reg[1]/Q
                         net (fo=3, routed)           0.167     1.750    U_UART/U_Receiver/sel0__0[1]
    SLICE_X49Y31         LUT5 (Prop_lut5_I1_O)        0.042     1.792 r  U_UART/U_Receiver/bit_counter_reg[2]_i_2__0/O
                         net (fo=1, routed)           0.000     1.792    U_UART/U_Receiver/bit_counter_next[2]
    SLICE_X49Y31         FDCE                                         r  U_UART/U_Receiver/bit_counter_reg_reg[2]/D
  -------------------------------------------------------------------    -------------------

                         (clock sys_clk_pin rise edge)
                                                      0.000     0.000 r  
    W5                                                0.000     0.000 r  clk (IN)
                         net (fo=0)                   0.000     0.000    clk
    W5                   IBUF (Prop_ibuf_I_O)         0.414     0.414 r  clk_IBUF_inst/O
                         net (fo=1, routed)           0.685     1.099    clk_IBUF
    BUFGCTRL_X0Y0        BUFG (Prop_bufg_I_O)         0.029     1.128 r  clk_IBUF_BUFG_inst/O
                         net (fo=235, routed)         0.827     1.954    U_UART/U_Receiver/clk_IBUF_BUFG
    SLICE_X49Y31         FDCE                                         r  U_UART/U_Receiver/bit_counter_reg_reg[2]/C
                         clock pessimism             -0.512     1.442    
    SLICE_X49Y31         FDCE (Hold_fdce_C_D)         0.107     1.549    U_UART/U_Receiver/bit_counter_reg_reg[2]
  -------------------------------------------------------------------
                         required time                         -1.549    
                         arrival time                           1.792    
  -------------------------------------------------------------------
                         slack                                  0.243    





Pulse Width Checks
--------------------------------------------------------------------------------------
Clock Name:         sys_clk_pin
Waveform(ns):       { 0.000 5.000 }
Period(ns):         10.000
Sources:            { clk }

Check Type        Corner  Lib Pin  Reference Pin  Required(ns)  Actual(ns)  Slack(ns)  Location       Pin
Min Period        n/a     BUFG/I   n/a            2.155         10.000      7.845      BUFGCTRL_X0Y0  clk_IBUF_BUFG_inst/I
Min Period        n/a     FDCE/C   n/a            1.000         10.000      9.000      SLICE_X62Y29   U_Clk_Div_10Hz/counter_reg[5]/C
Min Period        n/a     FDCE/C   n/a            1.000         10.000      9.000      SLICE_X62Y29   U_Clk_Div_10Hz/counter_reg[6]/C
Min Period        n/a     FDCE/C   n/a            1.000         10.000      9.000      SLICE_X62Y29   U_Clk_Div_10Hz/counter_reg[7]/C
Min Period        n/a     FDCE/C   n/a            1.000         10.000      9.000      SLICE_X62Y30   U_Clk_Div_10Hz/counter_reg[8]/C
Min Period        n/a     FDCE/C   n/a            1.000         10.000      9.000      SLICE_X62Y30   U_Clk_Div_10Hz/counter_reg[9]/C
Min Period        n/a     FDCE/C   n/a            1.000         10.000      9.000      SLICE_X61Y32   U_Clk_Div_10Hz/tick_reg/C
Min Period        n/a     FDCE/C   n/a            1.000         10.000      9.000      SLICE_X64Y40   U_FndController/U_Clk_Div_1Khz/div_counter_reg[0]/C
Min Period        n/a     FDCE/C   n/a            1.000         10.000      9.000      SLICE_X65Y42   U_FndController/U_Clk_Div_1Khz/div_counter_reg[10]/C
Min Period        n/a     FDCE/C   n/a            1.000         10.000      9.000      SLICE_X65Y42   U_FndController/U_Clk_Div_1Khz/div_counter_reg[11]/C
Low Pulse Width   Slow    FDCE/C   n/a            0.500         5.000       4.500      SLICE_X59Y30   U_Mode_Sel_Debounce/edge_detect_reg/C
Low Pulse Width   Slow    FDCE/C   n/a            0.500         5.000       4.500      SLICE_X50Y36   U_UART/U_Transmitter/bit_counter_reg_reg[0]/C
Low Pulse Width   Slow    FDCE/C   n/a            0.500         5.000       4.500      SLICE_X50Y36   U_UART/U_Transmitter/bit_counter_reg_reg[1]/C
Low Pulse Width   Slow    FDCE/C   n/a            0.500         5.000       4.500      SLICE_X50Y36   U_UART/U_Transmitter/bit_counter_reg_reg[2]/C
Low Pulse Width   Slow    FDCE/C   n/a            0.500         5.000       4.500      SLICE_X50Y34   U_UART/U_Transmitter/temp_data_reg_reg[7]/C
Low Pulse Width   Slow    FDCE/C   n/a            0.500         5.000       4.500      SLICE_X51Y34   U_UART/U_Transmitter/tick_counter_reg_reg[0]/C
Low Pulse Width   Slow    FDCE/C   n/a            0.500         5.000       4.500      SLICE_X51Y34   U_UART/U_Transmitter/tick_counter_reg_reg[1]/C
Low Pulse Width   Slow    FDCE/C   n/a            0.500         5.000       4.500      SLICE_X51Y34   U_UART/U_Transmitter/tick_counter_reg_reg[2]/C
Low Pulse Width   Slow    FDCE/C   n/a            0.500         5.000       4.500      SLICE_X51Y34   U_UART/U_Transmitter/tick_counter_reg_reg[3]/C
Low Pulse Width   Slow    FDCE/C   n/a            0.500         5.000       4.500      SLICE_X52Y34   U_UART/U_Transmitter/tx_done_reg_reg/C
High Pulse Width  Slow    FDCE/C   n/a            0.500         5.000       4.500      SLICE_X61Y32   U_Clk_Div_10Hz/tick_reg/C
High Pulse Width  Slow    FDCE/C   n/a            0.500         5.000       4.500      SLICE_X63Y23   U_Mode_Sel_Debounce/counter_reg[0]/C
High Pulse Width  Slow    FDCE/C   n/a            0.500         5.000       4.500      SLICE_X62Y24   U_Mode_Sel_Debounce/counter_reg[10]/C
High Pulse Width  Slow    FDCE/C   n/a            0.500         5.000       4.500      SLICE_X62Y24   U_Mode_Sel_Debounce/counter_reg[11]/C
High Pulse Width  Slow    FDCE/C   n/a            0.500         5.000       4.500      SLICE_X62Y24   U_Mode_Sel_Debounce/counter_reg[12]/C
High Pulse Width  Slow    FDCE/C   n/a            0.500         5.000       4.500      SLICE_X62Y25   U_Mode_Sel_Debounce/counter_reg[13]/C
High Pulse Width  Slow    FDCE/C   n/a            0.500         5.000       4.500      SLICE_X62Y25   U_Mode_Sel_Debounce/counter_reg[14]/C
High Pulse Width  Slow    FDCE/C   n/a            0.500         5.000       4.500      SLICE_X62Y25   U_Mode_Sel_Debounce/counter_reg[15]/C
High Pulse Width  Slow    FDCE/C   n/a            0.500         5.000       4.500      SLICE_X62Y25   U_Mode_Sel_Debounce/counter_reg[16]/C
High Pulse Width  Slow    FDCE/C   n/a            0.500         5.000       4.500      SLICE_X62Y22   U_Mode_Sel_Debounce/counter_reg[1]/C



