Copyright 1986-2020 Xilinx, Inc. All Rights Reserved.
-----------------------------------------------------------------------------------------------------------------------------------------------------------------------------------------------------------------------------
| Tool Version : Vivado v.2020.2 (win64) Build 3064766 Wed Nov 18 09:12:45 MST 2020
| Date         : Mon Mar 31 08:57:35 2025
| Host         : DESKTOP-7CFQ9ND running 64-bit major release  (build 9200)
| Command      : report_timing_summary -max_paths 10 -file prj_uart_stopwatch_timing_summary_routed.rpt -pb prj_uart_stopwatch_timing_summary_routed.pb -rpx prj_uart_stopwatch_timing_summary_routed.rpx -warn_on_violation
| Design       : prj_uart_stopwatch
| Device       : 7a35t-cpg236
| Speed File   : -1  PRODUCTION 1.23 2018-06-13
-----------------------------------------------------------------------------------------------------------------------------------------------------------------------------------------------------------------------------

Timing Summary Report

------------------------------------------------------------------------------------------------
| Timer Settings
| --------------
------------------------------------------------------------------------------------------------

  Enable Multi Corner Analysis               :  Yes
  Enable Pessimism Removal                   :  Yes
  Pessimism Removal Resolution               :  Nearest Common Node
  Enable Input Delay Default Clock           :  No
  Enable Preset / Clear Arcs                 :  No
  Disable Flight Delays                      :  No
  Ignore I/O Paths                           :  No
  Timing Early Launch at Borrowing Latches   :  No
  Borrow Time for Max Delay Exceptions       :  Yes
  Merge Timing Exceptions                    :  Yes

  Corner  Analyze    Analyze    
  Name    Max Paths  Min Paths  
  ------  ---------  ---------  
  Slow    Yes        Yes        
  Fast    Yes        Yes        



check_timing report

Table of Contents
-----------------
1. checking no_clock (3)
2. checking constant_clock (0)
3. checking pulse_width_clock (0)
4. checking unconstrained_internal_endpoints (6)
5. checking no_input_delay (3)
6. checking no_output_delay (13)
7. checking multiple_clock (0)
8. checking generated_clocks (0)
9. checking loops (0)
10. checking partial_input_delay (0)
11. checking partial_output_delay (0)
12. checking latch_loops (0)

1. checking no_clock (3)
------------------------
 There are 3 register/latch pins with no clock driven by root clock pin: U_Stopwatch_watch/U_Fnd_Ctrl/U_Clk_Divider/r_clk_reg/Q (HIGH)


2. checking constant_clock (0)
------------------------------
 There are 0 register/latch pins with constant_clock.


3. checking pulse_width_clock (0)
---------------------------------
 There are 0 register/latch pins which need pulse_width check


4. checking unconstrained_internal_endpoints (6)
------------------------------------------------
 There are 6 pins that are not constrained for maximum delay. (HIGH)

 There are 0 pins that are not constrained for maximum delay due to constant clock.


5. checking no_input_delay (3)
------------------------------
 There are 3 input ports with no input delay specified. (HIGH)

 There are 0 input ports with no input delay but user has a false path constraint.


6. checking no_output_delay (13)
--------------------------------
 There are 13 ports with no output delay specified. (HIGH)

 There are 0 ports with no output delay but user has a false path constraint

 There are 0 ports with no output delay but with a timing clock defined on it or propagating through it


7. checking multiple_clock (0)
------------------------------
 There are 0 register/latch pins with multiple clocks.


8. checking generated_clocks (0)
--------------------------------
 There are 0 generated clocks that are not connected to a clock source.


9. checking loops (0)
---------------------
 There are 0 combinational loops in the design.


10. checking partial_input_delay (0)
------------------------------------
 There are 0 input ports with partial input delay specified.


11. checking partial_output_delay (0)
-------------------------------------
 There are 0 ports with partial output delay specified.


12. checking latch_loops (0)
----------------------------
 There are 0 combinational latch loops in the design through latch input



------------------------------------------------------------------------------------------------
| Design Timing Summary
| ---------------------
------------------------------------------------------------------------------------------------

    WNS(ns)      TNS(ns)  TNS Failing Endpoints  TNS Total Endpoints      WHS(ns)      THS(ns)  THS Failing Endpoints  THS Total Endpoints     WPWS(ns)     TPWS(ns)  TPWS Failing Endpoints  TPWS Total Endpoints  
    -------      -------  ---------------------  -------------------      -------      -------  ---------------------  -------------------     --------     --------  ----------------------  --------------------  
      5.111        0.000                      0                  499        0.088        0.000                      0                  499        3.750        0.000                       0                   246  


All user specified timing constraints are met.


------------------------------------------------------------------------------------------------
| Clock Summary
| -------------
------------------------------------------------------------------------------------------------

Clock        Waveform(ns)       Period(ns)      Frequency(MHz)
-----        ------------       ----------      --------------
sys_clk_pin  {0.000 5.000}      10.000          100.000         


------------------------------------------------------------------------------------------------
| Intra Clock Table
| -----------------
------------------------------------------------------------------------------------------------

Clock             WNS(ns)      TNS(ns)  TNS Failing Endpoints  TNS Total Endpoints      WHS(ns)      THS(ns)  THS Failing Endpoints  THS Total Endpoints     WPWS(ns)     TPWS(ns)  TPWS Failing Endpoints  TPWS Total Endpoints  
-----             -------      -------  ---------------------  -------------------      -------      -------  ---------------------  -------------------     --------     --------  ----------------------  --------------------  
sys_clk_pin         5.111        0.000                      0                  499        0.088        0.000                      0                  499        3.750        0.000                       0                   246  


------------------------------------------------------------------------------------------------
| Inter Clock Table
| -----------------
------------------------------------------------------------------------------------------------

From Clock    To Clock          WNS(ns)      TNS(ns)  TNS Failing Endpoints  TNS Total Endpoints      WHS(ns)      THS(ns)  THS Failing Endpoints  THS Total Endpoints  
----------    --------          -------      -------  ---------------------  -------------------      -------      -------  ---------------------  -------------------  


------------------------------------------------------------------------------------------------
| Other Path Groups Table
| -----------------------
------------------------------------------------------------------------------------------------

Path Group    From Clock    To Clock          WNS(ns)      TNS(ns)  TNS Failing Endpoints  TNS Total Endpoints      WHS(ns)      THS(ns)  THS Failing Endpoints  THS Total Endpoints  
----------    ----------    --------          -------      -------  ---------------------  -------------------      -------      -------  ---------------------  -------------------  


------------------------------------------------------------------------------------------------
| Timing Details
| --------------
------------------------------------------------------------------------------------------------


---------------------------------------------------------------------------------------------------
From Clock:  sys_clk_pin
  To Clock:  sys_clk_pin

Setup :            0  Failing Endpoints,  Worst Slack        5.111ns,  Total Violation        0.000ns
Hold  :            0  Failing Endpoints,  Worst Slack        0.088ns,  Total Violation        0.000ns
PW    :            0  Failing Endpoints,  Worst Slack        3.750ns,  Total Violation        0.000ns
---------------------------------------------------------------------------------------------------


Max Delay Paths
--------------------------------------------------------------------------------------
Slack (MET) :             5.111ns  (required time - arrival time)
  Source:                 U_UART_FIFO/U_FIFO_TX/U_FIFO_CU/wptr_reg_reg[1]/C
                            (rising edge-triggered cell FDCE clocked by sys_clk_pin  {rise@0.000ns fall@5.000ns period=10.000ns})
  Destination:            U_UART_FIFO/U_FIFO_TX/U_FIFO_CU/empty_reg_reg/D
                            (rising edge-triggered cell FDPE clocked by sys_clk_pin  {rise@0.000ns fall@5.000ns period=10.000ns})
  Path Group:             sys_clk_pin
  Path Type:              Setup (Max at Slow Process Corner)
  Requirement:            10.000ns  (sys_clk_pin rise@10.000ns - sys_clk_pin rise@0.000ns)
  Data Path Delay:        4.858ns  (logic 1.182ns (24.330%)  route 3.676ns (75.670%))
  Logic Levels:           4  (LUT5=1 LUT6=3)
  Clock Path Skew:        -0.025ns (DCD - SCD + CPR)
    Destination Clock Delay (DCD):    4.854ns = ( 14.854 - 10.000 ) 
    Source Clock Delay      (SCD):    5.153ns
    Clock Pessimism Removal (CPR):    0.274ns
  Clock Uncertainty:      0.035ns  ((TSJ^2 + TIJ^2)^1/2 + DJ) / 2 + PE
    Total System Jitter     (TSJ):    0.071ns
    Total Input Jitter      (TIJ):    0.000ns
    Discrete Jitter          (DJ):    0.000ns
    Phase Error              (PE):    0.000ns

    Location             Delay type                Incr(ns)  Path(ns)    Netlist Resource(s)
  -------------------------------------------------------------------    -------------------
                         (clock sys_clk_pin rise edge)
                                                      0.000     0.000 r  
    W5                                                0.000     0.000 r  clk (IN)
                         net (fo=0)                   0.000     0.000    clk
    W5                   IBUF (Prop_ibuf_I_O)         1.458     1.458 r  clk_IBUF_inst/O
                         net (fo=1, routed)           1.967     3.425    clk_IBUF
    BUFGCTRL_X0Y0        BUFG (Prop_bufg_I_O)         0.096     3.521 r  clk_IBUF_BUFG_inst/O
                         net (fo=245, routed)         1.632     5.153    U_UART_FIFO/U_FIFO_TX/U_FIFO_CU/clk_IBUF_BUFG
    SLICE_X59Y14         FDCE                                         r  U_UART_FIFO/U_FIFO_TX/U_FIFO_CU/wptr_reg_reg[1]/C
  -------------------------------------------------------------------    -------------------
    SLICE_X59Y14         FDCE (Prop_fdce_C_Q)         0.456     5.609 r  U_UART_FIFO/U_FIFO_TX/U_FIFO_CU/wptr_reg_reg[1]/Q
                         net (fo=22, routed)          1.762     7.371    U_UART_FIFO/U_FIFO_TX/U_FIFO_CU/Q[1]
    SLICE_X59Y14         LUT5 (Prop_lut5_I4_O)        0.152     7.523 r  U_UART_FIFO/U_FIFO_TX/U_FIFO_CU/wptr_reg[2]_i_1__0/O
                         net (fo=2, routed)           0.837     8.360    U_UART_FIFO/U_FIFO_TX/U_FIFO_CU/wptr_reg[2]_i_1__0_n_0
    SLICE_X58Y13         LUT6 (Prop_lut6_I1_O)        0.326     8.686 f  U_UART_FIFO/U_FIFO_TX/U_FIFO_CU/full_reg_i_4__0/O
                         net (fo=1, routed)           0.493     9.179    U_UART_FIFO/U_FIFO_TX/U_FIFO_CU/full_reg_i_4__0_n_0
    SLICE_X59Y13         LUT6 (Prop_lut6_I0_O)        0.124     9.303 r  U_UART_FIFO/U_FIFO_TX/U_FIFO_CU/full_reg_i_3__0/O
                         net (fo=2, routed)           0.584     9.887    U_UART_FIFO/U_FIFO_TX/U_FIFO_CU/full_reg_i_3__0_n_0
    SLICE_X59Y13         LUT6 (Prop_lut6_I5_O)        0.124    10.011 r  U_UART_FIFO/U_FIFO_TX/U_FIFO_CU/empty_reg_i_1__0/O
                         net (fo=1, routed)           0.000    10.011    U_UART_FIFO/U_FIFO_TX/U_FIFO_CU/empty_reg_i_1__0_n_0
    SLICE_X59Y13         FDPE                                         r  U_UART_FIFO/U_FIFO_TX/U_FIFO_CU/empty_reg_reg/D
  -------------------------------------------------------------------    -------------------

                         (clock sys_clk_pin rise edge)
                                                     10.000    10.000 r  
    W5                                                0.000    10.000 r  clk (IN)
                         net (fo=0)                   0.000    10.000    clk
    W5                   IBUF (Prop_ibuf_I_O)         1.388    11.388 r  clk_IBUF_inst/O
                         net (fo=1, routed)           1.862    13.250    clk_IBUF
    BUFGCTRL_X0Y0        BUFG (Prop_bufg_I_O)         0.091    13.341 r  clk_IBUF_BUFG_inst/O
                         net (fo=245, routed)         1.513    14.854    U_UART_FIFO/U_FIFO_TX/U_FIFO_CU/clk_IBUF_BUFG
    SLICE_X59Y13         FDPE                                         r  U_UART_FIFO/U_FIFO_TX/U_FIFO_CU/empty_reg_reg/C
                         clock pessimism              0.274    15.128    
                         clock uncertainty           -0.035    15.093    
    SLICE_X59Y13         FDPE (Setup_fdpe_C_D)        0.029    15.122    U_UART_FIFO/U_FIFO_TX/U_FIFO_CU/empty_reg_reg
  -------------------------------------------------------------------
                         required time                         15.122    
                         arrival time                         -10.011    
  -------------------------------------------------------------------
                         slack                                  5.111    

Slack (MET) :             5.115ns  (required time - arrival time)
  Source:                 U_UART_FIFO/U_FIFO_TX/U_FIFO_CU/wptr_reg_reg[1]/C
                            (rising edge-triggered cell FDCE clocked by sys_clk_pin  {rise@0.000ns fall@5.000ns period=10.000ns})
  Destination:            U_UART_FIFO/U_FIFO_TX/U_FIFO_CU/full_reg_reg/D
                            (rising edge-triggered cell FDCE clocked by sys_clk_pin  {rise@0.000ns fall@5.000ns period=10.000ns})
  Path Group:             sys_clk_pin
  Path Type:              Setup (Max at Slow Process Corner)
  Requirement:            10.000ns  (sys_clk_pin rise@10.000ns - sys_clk_pin rise@0.000ns)
  Data Path Delay:        4.856ns  (logic 1.182ns (24.340%)  route 3.674ns (75.660%))
  Logic Levels:           4  (LUT5=1 LUT6=3)
  Clock Path Skew:        -0.025ns (DCD - SCD + CPR)
    Destination Clock Delay (DCD):    4.854ns = ( 14.854 - 10.000 ) 
    Source Clock Delay      (SCD):    5.153ns
    Clock Pessimism Removal (CPR):    0.274ns
  Clock Uncertainty:      0.035ns  ((TSJ^2 + TIJ^2)^1/2 + DJ) / 2 + PE
    Total System Jitter     (TSJ):    0.071ns
    Total Input Jitter      (TIJ):    0.000ns
    Discrete Jitter          (DJ):    0.000ns
    Phase Error              (PE):    0.000ns

    Location             Delay type                Incr(ns)  Path(ns)    Netlist Resource(s)
  -------------------------------------------------------------------    -------------------
                         (clock sys_clk_pin rise edge)
                                                      0.000     0.000 r  
    W5                                                0.000     0.000 r  clk (IN)
                         net (fo=0)                   0.000     0.000    clk
    W5                   IBUF (Prop_ibuf_I_O)         1.458     1.458 r  clk_IBUF_inst/O
                         net (fo=1, routed)           1.967     3.425    clk_IBUF
    BUFGCTRL_X0Y0        BUFG (Prop_bufg_I_O)         0.096     3.521 r  clk_IBUF_BUFG_inst/O
                         net (fo=245, routed)         1.632     5.153    U_UART_FIFO/U_FIFO_TX/U_FIFO_CU/clk_IBUF_BUFG
    SLICE_X59Y14         FDCE                                         r  U_UART_FIFO/U_FIFO_TX/U_FIFO_CU/wptr_reg_reg[1]/C
  -------------------------------------------------------------------    -------------------
    SLICE_X59Y14         FDCE (Prop_fdce_C_Q)         0.456     5.609 r  U_UART_FIFO/U_FIFO_TX/U_FIFO_CU/wptr_reg_reg[1]/Q
                         net (fo=22, routed)          1.762     7.371    U_UART_FIFO/U_FIFO_TX/U_FIFO_CU/Q[1]
    SLICE_X59Y14         LUT5 (Prop_lut5_I4_O)        0.152     7.523 r  U_UART_FIFO/U_FIFO_TX/U_FIFO_CU/wptr_reg[2]_i_1__0/O
                         net (fo=2, routed)           0.837     8.360    U_UART_FIFO/U_FIFO_TX/U_FIFO_CU/wptr_reg[2]_i_1__0_n_0
    SLICE_X58Y13         LUT6 (Prop_lut6_I1_O)        0.326     8.686 f  U_UART_FIFO/U_FIFO_TX/U_FIFO_CU/full_reg_i_4__0/O
                         net (fo=1, routed)           0.493     9.179    U_UART_FIFO/U_FIFO_TX/U_FIFO_CU/full_reg_i_4__0_n_0
    SLICE_X59Y13         LUT6 (Prop_lut6_I0_O)        0.124     9.303 r  U_UART_FIFO/U_FIFO_TX/U_FIFO_CU/full_reg_i_3__0/O
                         net (fo=2, routed)           0.582     9.885    U_UART_FIFO/U_FIFO_TX/U_FIFO_CU/full_reg_i_3__0_n_0
    SLICE_X59Y13         LUT6 (Prop_lut6_I5_O)        0.124    10.009 r  U_UART_FIFO/U_FIFO_TX/U_FIFO_CU/full_reg_i_1__0/O
                         net (fo=1, routed)           0.000    10.009    U_UART_FIFO/U_FIFO_TX/U_FIFO_CU/full_next
    SLICE_X59Y13         FDCE                                         r  U_UART_FIFO/U_FIFO_TX/U_FIFO_CU/full_reg_reg/D
  -------------------------------------------------------------------    -------------------

                         (clock sys_clk_pin rise edge)
                                                     10.000    10.000 r  
    W5                                                0.000    10.000 r  clk (IN)
                         net (fo=0)                   0.000    10.000    clk
    W5                   IBUF (Prop_ibuf_I_O)         1.388    11.388 r  clk_IBUF_inst/O
                         net (fo=1, routed)           1.862    13.250    clk_IBUF
    BUFGCTRL_X0Y0        BUFG (Prop_bufg_I_O)         0.091    13.341 r  clk_IBUF_BUFG_inst/O
                         net (fo=245, routed)         1.513    14.854    U_UART_FIFO/U_FIFO_TX/U_FIFO_CU/clk_IBUF_BUFG
    SLICE_X59Y13         FDCE                                         r  U_UART_FIFO/U_FIFO_TX/U_FIFO_CU/full_reg_reg/C
                         clock pessimism              0.274    15.128    
                         clock uncertainty           -0.035    15.093    
    SLICE_X59Y13         FDCE (Setup_fdce_C_D)        0.031    15.124    U_UART_FIFO/U_FIFO_TX/U_FIFO_CU/full_reg_reg
  -------------------------------------------------------------------
                         required time                         15.124    
                         arrival time                         -10.009    
  -------------------------------------------------------------------
                         slack                                  5.115    

Slack (MET) :             5.162ns  (required time - arrival time)
  Source:                 U_UART_FIFO/U_FIFO_RX/U_FIFO_CU/rptr_reg_reg[1]/C
                            (rising edge-triggered cell FDCE clocked by sys_clk_pin  {rise@0.000ns fall@5.000ns period=10.000ns})
  Destination:            U_UART_CU/inst_reg[0]/CE
                            (rising edge-triggered cell FDCE clocked by sys_clk_pin  {rise@0.000ns fall@5.000ns period=10.000ns})
  Path Group:             sys_clk_pin
  Path Type:              Setup (Max at Slow Process Corner)
  Requirement:            10.000ns  (sys_clk_pin rise@10.000ns - sys_clk_pin rise@0.000ns)
  Data Path Delay:        4.575ns  (logic 1.090ns (23.826%)  route 3.485ns (76.174%))
  Logic Levels:           4  (LUT6=3 RAMD64E=1)
  Clock Path Skew:        -0.023ns (DCD - SCD + CPR)
    Destination Clock Delay (DCD):    4.788ns = ( 14.788 - 10.000 ) 
    Source Clock Delay      (SCD):    5.084ns
    Clock Pessimism Removal (CPR):    0.273ns
  Clock Uncertainty:      0.035ns  ((TSJ^2 + TIJ^2)^1/2 + DJ) / 2 + PE
    Total System Jitter     (TSJ):    0.071ns
    Total Input Jitter      (TIJ):    0.000ns
    Discrete Jitter          (DJ):    0.000ns
    Phase Error              (PE):    0.000ns

    Location             Delay type                Incr(ns)  Path(ns)    Netlist Resource(s)
  -------------------------------------------------------------------    -------------------
                         (clock sys_clk_pin rise edge)
                                                      0.000     0.000 r  
    W5                                                0.000     0.000 r  clk (IN)
                         net (fo=0)                   0.000     0.000    clk
    W5                   IBUF (Prop_ibuf_I_O)         1.458     1.458 r  clk_IBUF_inst/O
                         net (fo=1, routed)           1.967     3.425    clk_IBUF
    BUFGCTRL_X0Y0        BUFG (Prop_bufg_I_O)         0.096     3.521 r  clk_IBUF_BUFG_inst/O
                         net (fo=245, routed)         1.563     5.084    U_UART_FIFO/U_FIFO_RX/U_FIFO_CU/clk_IBUF_BUFG
    SLICE_X57Y16         FDCE                                         r  U_UART_FIFO/U_FIFO_RX/U_FIFO_CU/rptr_reg_reg[1]/C
  -------------------------------------------------------------------    -------------------
    SLICE_X57Y16         FDCE (Prop_fdce_C_Q)         0.419     5.503 r  U_UART_FIFO/U_FIFO_RX/U_FIFO_CU/rptr_reg_reg[1]/Q
                         net (fo=16, routed)          1.347     6.850    U_UART_FIFO/U_FIFO_RX/U_REG_FILE/mem_reg_0_63_0_2/ADDRA1
    SLICE_X56Y17         RAMD64E (Prop_ramd64e_RADR1_O)
                                                      0.299     7.149 r  U_UART_FIFO/U_FIFO_RX/U_REG_FILE/mem_reg_0_63_0_2/RAMA/O
                         net (fo=10, routed)          0.813     7.962    U_UART_CU/out[0]
    SLICE_X57Y16         LUT6 (Prop_lut6_I1_O)        0.124     8.086 r  U_UART_CU/inst[7]_i_5/O
                         net (fo=1, routed)           0.661     8.747    U_UART_CU/inst[7]_i_5_n_0
    SLICE_X55Y16         LUT6 (Prop_lut6_I4_O)        0.124     8.871 f  U_UART_CU/inst[7]_i_3/O
                         net (fo=8, routed)           0.316     9.187    U_UART_CU/inst[7]_i_3_n_0
    SLICE_X55Y15         LUT6 (Prop_lut6_I0_O)        0.124     9.311 r  U_UART_CU/inst[7]_i_1/O
                         net (fo=7, routed)           0.348     9.659    U_UART_CU/inst0
    SLICE_X57Y15         FDCE                                         r  U_UART_CU/inst_reg[0]/CE
  -------------------------------------------------------------------    -------------------

                         (clock sys_clk_pin rise edge)
                                                     10.000    10.000 r  
    W5                                                0.000    10.000 r  clk (IN)
                         net (fo=0)                   0.000    10.000    clk
    W5                   IBUF (Prop_ibuf_I_O)         1.388    11.388 r  clk_IBUF_inst/O
                         net (fo=1, routed)           1.862    13.250    clk_IBUF
    BUFGCTRL_X0Y0        BUFG (Prop_bufg_I_O)         0.091    13.341 r  clk_IBUF_BUFG_inst/O
                         net (fo=245, routed)         1.447    14.788    U_UART_CU/clk_IBUF_BUFG
    SLICE_X57Y15         FDCE                                         r  U_UART_CU/inst_reg[0]/C
                         clock pessimism              0.273    15.061    
                         clock uncertainty           -0.035    15.026    
    SLICE_X57Y15         FDCE (Setup_fdce_C_CE)      -0.205    14.821    U_UART_CU/inst_reg[0]
  -------------------------------------------------------------------
                         required time                         14.821    
                         arrival time                          -9.659    
  -------------------------------------------------------------------
                         slack                                  5.162    

Slack (MET) :             5.162ns  (required time - arrival time)
  Source:                 U_UART_FIFO/U_FIFO_RX/U_FIFO_CU/rptr_reg_reg[1]/C
                            (rising edge-triggered cell FDCE clocked by sys_clk_pin  {rise@0.000ns fall@5.000ns period=10.000ns})
  Destination:            U_UART_CU/inst_reg[2]/CE
                            (rising edge-triggered cell FDCE clocked by sys_clk_pin  {rise@0.000ns fall@5.000ns period=10.000ns})
  Path Group:             sys_clk_pin
  Path Type:              Setup (Max at Slow Process Corner)
  Requirement:            10.000ns  (sys_clk_pin rise@10.000ns - sys_clk_pin rise@0.000ns)
  Data Path Delay:        4.575ns  (logic 1.090ns (23.826%)  route 3.485ns (76.174%))
  Logic Levels:           4  (LUT6=3 RAMD64E=1)
  Clock Path Skew:        -0.023ns (DCD - SCD + CPR)
    Destination Clock Delay (DCD):    4.788ns = ( 14.788 - 10.000 ) 
    Source Clock Delay      (SCD):    5.084ns
    Clock Pessimism Removal (CPR):    0.273ns
  Clock Uncertainty:      0.035ns  ((TSJ^2 + TIJ^2)^1/2 + DJ) / 2 + PE
    Total System Jitter     (TSJ):    0.071ns
    Total Input Jitter      (TIJ):    0.000ns
    Discrete Jitter          (DJ):    0.000ns
    Phase Error              (PE):    0.000ns

    Location             Delay type                Incr(ns)  Path(ns)    Netlist Resource(s)
  -------------------------------------------------------------------    -------------------
                         (clock sys_clk_pin rise edge)
                                                      0.000     0.000 r  
    W5                                                0.000     0.000 r  clk (IN)
                         net (fo=0)                   0.000     0.000    clk
    W5                   IBUF (Prop_ibuf_I_O)         1.458     1.458 r  clk_IBUF_inst/O
                         net (fo=1, routed)           1.967     3.425    clk_IBUF
    BUFGCTRL_X0Y0        BUFG (Prop_bufg_I_O)         0.096     3.521 r  clk_IBUF_BUFG_inst/O
                         net (fo=245, routed)         1.563     5.084    U_UART_FIFO/U_FIFO_RX/U_FIFO_CU/clk_IBUF_BUFG
    SLICE_X57Y16         FDCE                                         r  U_UART_FIFO/U_FIFO_RX/U_FIFO_CU/rptr_reg_reg[1]/C
  -------------------------------------------------------------------    -------------------
    SLICE_X57Y16         FDCE (Prop_fdce_C_Q)         0.419     5.503 r  U_UART_FIFO/U_FIFO_RX/U_FIFO_CU/rptr_reg_reg[1]/Q
                         net (fo=16, routed)          1.347     6.850    U_UART_FIFO/U_FIFO_RX/U_REG_FILE/mem_reg_0_63_0_2/ADDRA1
    SLICE_X56Y17         RAMD64E (Prop_ramd64e_RADR1_O)
                                                      0.299     7.149 r  U_UART_FIFO/U_FIFO_RX/U_REG_FILE/mem_reg_0_63_0_2/RAMA/O
                         net (fo=10, routed)          0.813     7.962    U_UART_CU/out[0]
    SLICE_X57Y16         LUT6 (Prop_lut6_I1_O)        0.124     8.086 r  U_UART_CU/inst[7]_i_5/O
                         net (fo=1, routed)           0.661     8.747    U_UART_CU/inst[7]_i_5_n_0
    SLICE_X55Y16         LUT6 (Prop_lut6_I4_O)        0.124     8.871 f  U_UART_CU/inst[7]_i_3/O
                         net (fo=8, routed)           0.316     9.187    U_UART_CU/inst[7]_i_3_n_0
    SLICE_X55Y15         LUT6 (Prop_lut6_I0_O)        0.124     9.311 r  U_UART_CU/inst[7]_i_1/O
                         net (fo=7, routed)           0.348     9.659    U_UART_CU/inst0
    SLICE_X57Y15         FDCE                                         r  U_UART_CU/inst_reg[2]/CE
  -------------------------------------------------------------------    -------------------

                         (clock sys_clk_pin rise edge)
                                                     10.000    10.000 r  
    W5                                                0.000    10.000 r  clk (IN)
                         net (fo=0)                   0.000    10.000    clk
    W5                   IBUF (Prop_ibuf_I_O)         1.388    11.388 r  clk_IBUF_inst/O
                         net (fo=1, routed)           1.862    13.250    clk_IBUF
    BUFGCTRL_X0Y0        BUFG (Prop_bufg_I_O)         0.091    13.341 r  clk_IBUF_BUFG_inst/O
                         net (fo=245, routed)         1.447    14.788    U_UART_CU/clk_IBUF_BUFG
    SLICE_X57Y15         FDCE                                         r  U_UART_CU/inst_reg[2]/C
                         clock pessimism              0.273    15.061    
                         clock uncertainty           -0.035    15.026    
    SLICE_X57Y15         FDCE (Setup_fdce_C_CE)      -0.205    14.821    U_UART_CU/inst_reg[2]
  -------------------------------------------------------------------
                         required time                         14.821    
                         arrival time                          -9.659    
  -------------------------------------------------------------------
                         slack                                  5.162    

Slack (MET) :             5.162ns  (required time - arrival time)
  Source:                 U_UART_FIFO/U_FIFO_RX/U_FIFO_CU/rptr_reg_reg[1]/C
                            (rising edge-triggered cell FDCE clocked by sys_clk_pin  {rise@0.000ns fall@5.000ns period=10.000ns})
  Destination:            U_UART_CU/inst_reg[3]/CE
                            (rising edge-triggered cell FDCE clocked by sys_clk_pin  {rise@0.000ns fall@5.000ns period=10.000ns})
  Path Group:             sys_clk_pin
  Path Type:              Setup (Max at Slow Process Corner)
  Requirement:            10.000ns  (sys_clk_pin rise@10.000ns - sys_clk_pin rise@0.000ns)
  Data Path Delay:        4.575ns  (logic 1.090ns (23.826%)  route 3.485ns (76.174%))
  Logic Levels:           4  (LUT6=3 RAMD64E=1)
  Clock Path Skew:        -0.023ns (DCD - SCD + CPR)
    Destination Clock Delay (DCD):    4.788ns = ( 14.788 - 10.000 ) 
    Source Clock Delay      (SCD):    5.084ns
    Clock Pessimism Removal (CPR):    0.273ns
  Clock Uncertainty:      0.035ns  ((TSJ^2 + TIJ^2)^1/2 + DJ) / 2 + PE
    Total System Jitter     (TSJ):    0.071ns
    Total Input Jitter      (TIJ):    0.000ns
    Discrete Jitter          (DJ):    0.000ns
    Phase Error              (PE):    0.000ns

    Location             Delay type                Incr(ns)  Path(ns)    Netlist Resource(s)
  -------------------------------------------------------------------    -------------------
                         (clock sys_clk_pin rise edge)
                                                      0.000     0.000 r  
    W5                                                0.000     0.000 r  clk (IN)
                         net (fo=0)                   0.000     0.000    clk
    W5                   IBUF (Prop_ibuf_I_O)         1.458     1.458 r  clk_IBUF_inst/O
                         net (fo=1, routed)           1.967     3.425    clk_IBUF
    BUFGCTRL_X0Y0        BUFG (Prop_bufg_I_O)         0.096     3.521 r  clk_IBUF_BUFG_inst/O
                         net (fo=245, routed)         1.563     5.084    U_UART_FIFO/U_FIFO_RX/U_FIFO_CU/clk_IBUF_BUFG
    SLICE_X57Y16         FDCE                                         r  U_UART_FIFO/U_FIFO_RX/U_FIFO_CU/rptr_reg_reg[1]/C
  -------------------------------------------------------------------    -------------------
    SLICE_X57Y16         FDCE (Prop_fdce_C_Q)         0.419     5.503 r  U_UART_FIFO/U_FIFO_RX/U_FIFO_CU/rptr_reg_reg[1]/Q
                         net (fo=16, routed)          1.347     6.850    U_UART_FIFO/U_FIFO_RX/U_REG_FILE/mem_reg_0_63_0_2/ADDRA1
    SLICE_X56Y17         RAMD64E (Prop_ramd64e_RADR1_O)
                                                      0.299     7.149 r  U_UART_FIFO/U_FIFO_RX/U_REG_FILE/mem_reg_0_63_0_2/RAMA/O
                         net (fo=10, routed)          0.813     7.962    U_UART_CU/out[0]
    SLICE_X57Y16         LUT6 (Prop_lut6_I1_O)        0.124     8.086 r  U_UART_CU/inst[7]_i_5/O
                         net (fo=1, routed)           0.661     8.747    U_UART_CU/inst[7]_i_5_n_0
    SLICE_X55Y16         LUT6 (Prop_lut6_I4_O)        0.124     8.871 f  U_UART_CU/inst[7]_i_3/O
                         net (fo=8, routed)           0.316     9.187    U_UART_CU/inst[7]_i_3_n_0
    SLICE_X55Y15         LUT6 (Prop_lut6_I0_O)        0.124     9.311 r  U_UART_CU/inst[7]_i_1/O
                         net (fo=7, routed)           0.348     9.659    U_UART_CU/inst0
    SLICE_X57Y15         FDCE                                         r  U_UART_CU/inst_reg[3]/CE
  -------------------------------------------------------------------    -------------------

                         (clock sys_clk_pin rise edge)
                                                     10.000    10.000 r  
    W5                                                0.000    10.000 r  clk (IN)
                         net (fo=0)                   0.000    10.000    clk
    W5                   IBUF (Prop_ibuf_I_O)         1.388    11.388 r  clk_IBUF_inst/O
                         net (fo=1, routed)           1.862    13.250    clk_IBUF
    BUFGCTRL_X0Y0        BUFG (Prop_bufg_I_O)         0.091    13.341 r  clk_IBUF_BUFG_inst/O
                         net (fo=245, routed)         1.447    14.788    U_UART_CU/clk_IBUF_BUFG
    SLICE_X57Y15         FDCE                                         r  U_UART_CU/inst_reg[3]/C
                         clock pessimism              0.273    15.061    
                         clock uncertainty           -0.035    15.026    
    SLICE_X57Y15         FDCE (Setup_fdce_C_CE)      -0.205    14.821    U_UART_CU/inst_reg[3]
  -------------------------------------------------------------------
                         required time                         14.821    
                         arrival time                          -9.659    
  -------------------------------------------------------------------
                         slack                                  5.162    

Slack (MET) :             5.162ns  (required time - arrival time)
  Source:                 U_UART_FIFO/U_FIFO_RX/U_FIFO_CU/rptr_reg_reg[1]/C
                            (rising edge-triggered cell FDCE clocked by sys_clk_pin  {rise@0.000ns fall@5.000ns period=10.000ns})
  Destination:            U_UART_CU/inst_reg[4]/CE
                            (rising edge-triggered cell FDCE clocked by sys_clk_pin  {rise@0.000ns fall@5.000ns period=10.000ns})
  Path Group:             sys_clk_pin
  Path Type:              Setup (Max at Slow Process Corner)
  Requirement:            10.000ns  (sys_clk_pin rise@10.000ns - sys_clk_pin rise@0.000ns)
  Data Path Delay:        4.575ns  (logic 1.090ns (23.826%)  route 3.485ns (76.174%))
  Logic Levels:           4  (LUT6=3 RAMD64E=1)
  Clock Path Skew:        -0.023ns (DCD - SCD + CPR)
    Destination Clock Delay (DCD):    4.788ns = ( 14.788 - 10.000 ) 
    Source Clock Delay      (SCD):    5.084ns
    Clock Pessimism Removal (CPR):    0.273ns
  Clock Uncertainty:      0.035ns  ((TSJ^2 + TIJ^2)^1/2 + DJ) / 2 + PE
    Total System Jitter     (TSJ):    0.071ns
    Total Input Jitter      (TIJ):    0.000ns
    Discrete Jitter          (DJ):    0.000ns
    Phase Error              (PE):    0.000ns

    Location             Delay type                Incr(ns)  Path(ns)    Netlist Resource(s)
  -------------------------------------------------------------------    -------------------
                         (clock sys_clk_pin rise edge)
                                                      0.000     0.000 r  
    W5                                                0.000     0.000 r  clk (IN)
                         net (fo=0)                   0.000     0.000    clk
    W5                   IBUF (Prop_ibuf_I_O)         1.458     1.458 r  clk_IBUF_inst/O
                         net (fo=1, routed)           1.967     3.425    clk_IBUF
    BUFGCTRL_X0Y0        BUFG (Prop_bufg_I_O)         0.096     3.521 r  clk_IBUF_BUFG_inst/O
                         net (fo=245, routed)         1.563     5.084    U_UART_FIFO/U_FIFO_RX/U_FIFO_CU/clk_IBUF_BUFG
    SLICE_X57Y16         FDCE                                         r  U_UART_FIFO/U_FIFO_RX/U_FIFO_CU/rptr_reg_reg[1]/C
  -------------------------------------------------------------------    -------------------
    SLICE_X57Y16         FDCE (Prop_fdce_C_Q)         0.419     5.503 r  U_UART_FIFO/U_FIFO_RX/U_FIFO_CU/rptr_reg_reg[1]/Q
                         net (fo=16, routed)          1.347     6.850    U_UART_FIFO/U_FIFO_RX/U_REG_FILE/mem_reg_0_63_0_2/ADDRA1
    SLICE_X56Y17         RAMD64E (Prop_ramd64e_RADR1_O)
                                                      0.299     7.149 r  U_UART_FIFO/U_FIFO_RX/U_REG_FILE/mem_reg_0_63_0_2/RAMA/O
                         net (fo=10, routed)          0.813     7.962    U_UART_CU/out[0]
    SLICE_X57Y16         LUT6 (Prop_lut6_I1_O)        0.124     8.086 r  U_UART_CU/inst[7]_i_5/O
                         net (fo=1, routed)           0.661     8.747    U_UART_CU/inst[7]_i_5_n_0
    SLICE_X55Y16         LUT6 (Prop_lut6_I4_O)        0.124     8.871 f  U_UART_CU/inst[7]_i_3/O
                         net (fo=8, routed)           0.316     9.187    U_UART_CU/inst[7]_i_3_n_0
    SLICE_X55Y15         LUT6 (Prop_lut6_I0_O)        0.124     9.311 r  U_UART_CU/inst[7]_i_1/O
                         net (fo=7, routed)           0.348     9.659    U_UART_CU/inst0
    SLICE_X57Y15         FDCE                                         r  U_UART_CU/inst_reg[4]/CE
  -------------------------------------------------------------------    -------------------

                         (clock sys_clk_pin rise edge)
                                                     10.000    10.000 r  
    W5                                                0.000    10.000 r  clk (IN)
                         net (fo=0)                   0.000    10.000    clk
    W5                   IBUF (Prop_ibuf_I_O)         1.388    11.388 r  clk_IBUF_inst/O
                         net (fo=1, routed)           1.862    13.250    clk_IBUF
    BUFGCTRL_X0Y0        BUFG (Prop_bufg_I_O)         0.091    13.341 r  clk_IBUF_BUFG_inst/O
                         net (fo=245, routed)         1.447    14.788    U_UART_CU/clk_IBUF_BUFG
    SLICE_X57Y15         FDCE                                         r  U_UART_CU/inst_reg[4]/C
                         clock pessimism              0.273    15.061    
                         clock uncertainty           -0.035    15.026    
    SLICE_X57Y15         FDCE (Setup_fdce_C_CE)      -0.205    14.821    U_UART_CU/inst_reg[4]
  -------------------------------------------------------------------
                         required time                         14.821    
                         arrival time                          -9.659    
  -------------------------------------------------------------------
                         slack                                  5.162    

Slack (MET) :             5.162ns  (required time - arrival time)
  Source:                 U_UART_FIFO/U_FIFO_RX/U_FIFO_CU/rptr_reg_reg[1]/C
                            (rising edge-triggered cell FDCE clocked by sys_clk_pin  {rise@0.000ns fall@5.000ns period=10.000ns})
  Destination:            U_UART_CU/inst_reg[7]/CE
                            (rising edge-triggered cell FDCE clocked by sys_clk_pin  {rise@0.000ns fall@5.000ns period=10.000ns})
  Path Group:             sys_clk_pin
  Path Type:              Setup (Max at Slow Process Corner)
  Requirement:            10.000ns  (sys_clk_pin rise@10.000ns - sys_clk_pin rise@0.000ns)
  Data Path Delay:        4.575ns  (logic 1.090ns (23.826%)  route 3.485ns (76.174%))
  Logic Levels:           4  (LUT6=3 RAMD64E=1)
  Clock Path Skew:        -0.023ns (DCD - SCD + CPR)
    Destination Clock Delay (DCD):    4.788ns = ( 14.788 - 10.000 ) 
    Source Clock Delay      (SCD):    5.084ns
    Clock Pessimism Removal (CPR):    0.273ns
  Clock Uncertainty:      0.035ns  ((TSJ^2 + TIJ^2)^1/2 + DJ) / 2 + PE
    Total System Jitter     (TSJ):    0.071ns
    Total Input Jitter      (TIJ):    0.000ns
    Discrete Jitter          (DJ):    0.000ns
    Phase Error              (PE):    0.000ns

    Location             Delay type                Incr(ns)  Path(ns)    Netlist Resource(s)
  -------------------------------------------------------------------    -------------------
                         (clock sys_clk_pin rise edge)
                                                      0.000     0.000 r  
    W5                                                0.000     0.000 r  clk (IN)
                         net (fo=0)                   0.000     0.000    clk
    W5                   IBUF (Prop_ibuf_I_O)         1.458     1.458 r  clk_IBUF_inst/O
                         net (fo=1, routed)           1.967     3.425    clk_IBUF
    BUFGCTRL_X0Y0        BUFG (Prop_bufg_I_O)         0.096     3.521 r  clk_IBUF_BUFG_inst/O
                         net (fo=245, routed)         1.563     5.084    U_UART_FIFO/U_FIFO_RX/U_FIFO_CU/clk_IBUF_BUFG
    SLICE_X57Y16         FDCE                                         r  U_UART_FIFO/U_FIFO_RX/U_FIFO_CU/rptr_reg_reg[1]/C
  -------------------------------------------------------------------    -------------------
    SLICE_X57Y16         FDCE (Prop_fdce_C_Q)         0.419     5.503 r  U_UART_FIFO/U_FIFO_RX/U_FIFO_CU/rptr_reg_reg[1]/Q
                         net (fo=16, routed)          1.347     6.850    U_UART_FIFO/U_FIFO_RX/U_REG_FILE/mem_reg_0_63_0_2/ADDRA1
    SLICE_X56Y17         RAMD64E (Prop_ramd64e_RADR1_O)
                                                      0.299     7.149 r  U_UART_FIFO/U_FIFO_RX/U_REG_FILE/mem_reg_0_63_0_2/RAMA/O
                         net (fo=10, routed)          0.813     7.962    U_UART_CU/out[0]
    SLICE_X57Y16         LUT6 (Prop_lut6_I1_O)        0.124     8.086 r  U_UART_CU/inst[7]_i_5/O
                         net (fo=1, routed)           0.661     8.747    U_UART_CU/inst[7]_i_5_n_0
    SLICE_X55Y16         LUT6 (Prop_lut6_I4_O)        0.124     8.871 f  U_UART_CU/inst[7]_i_3/O
                         net (fo=8, routed)           0.316     9.187    U_UART_CU/inst[7]_i_3_n_0
    SLICE_X55Y15         LUT6 (Prop_lut6_I0_O)        0.124     9.311 r  U_UART_CU/inst[7]_i_1/O
                         net (fo=7, routed)           0.348     9.659    U_UART_CU/inst0
    SLICE_X57Y15         FDCE                                         r  U_UART_CU/inst_reg[7]/CE
  -------------------------------------------------------------------    -------------------

                         (clock sys_clk_pin rise edge)
                                                     10.000    10.000 r  
    W5                                                0.000    10.000 r  clk (IN)
                         net (fo=0)                   0.000    10.000    clk
    W5                   IBUF (Prop_ibuf_I_O)         1.388    11.388 r  clk_IBUF_inst/O
                         net (fo=1, routed)           1.862    13.250    clk_IBUF
    BUFGCTRL_X0Y0        BUFG (Prop_bufg_I_O)         0.091    13.341 r  clk_IBUF_BUFG_inst/O
                         net (fo=245, routed)         1.447    14.788    U_UART_CU/clk_IBUF_BUFG
    SLICE_X57Y15         FDCE                                         r  U_UART_CU/inst_reg[7]/C
                         clock pessimism              0.273    15.061    
                         clock uncertainty           -0.035    15.026    
    SLICE_X57Y15         FDCE (Setup_fdce_C_CE)      -0.205    14.821    U_UART_CU/inst_reg[7]
  -------------------------------------------------------------------
                         required time                         14.821    
                         arrival time                          -9.659    
  -------------------------------------------------------------------
                         slack                                  5.162    

Slack (MET) :             5.198ns  (required time - arrival time)
  Source:                 U_UART_FIFO/U_FIFO_RX/U_FIFO_CU/rptr_reg_reg[1]/C
                            (rising edge-triggered cell FDCE clocked by sys_clk_pin  {rise@0.000ns fall@5.000ns period=10.000ns})
  Destination:            U_UART_CU/inst_reg[1]/CE
                            (rising edge-triggered cell FDCE clocked by sys_clk_pin  {rise@0.000ns fall@5.000ns period=10.000ns})
  Path Group:             sys_clk_pin
  Path Type:              Setup (Max at Slow Process Corner)
  Requirement:            10.000ns  (sys_clk_pin rise@10.000ns - sys_clk_pin rise@0.000ns)
  Data Path Delay:        4.575ns  (logic 1.090ns (23.826%)  route 3.485ns (76.174%))
  Logic Levels:           4  (LUT6=3 RAMD64E=1)
  Clock Path Skew:        -0.023ns (DCD - SCD + CPR)
    Destination Clock Delay (DCD):    4.788ns = ( 14.788 - 10.000 ) 
    Source Clock Delay      (SCD):    5.084ns
    Clock Pessimism Removal (CPR):    0.273ns
  Clock Uncertainty:      0.035ns  ((TSJ^2 + TIJ^2)^1/2 + DJ) / 2 + PE
    Total System Jitter     (TSJ):    0.071ns
    Total Input Jitter      (TIJ):    0.000ns
    Discrete Jitter          (DJ):    0.000ns
    Phase Error              (PE):    0.000ns

    Location             Delay type                Incr(ns)  Path(ns)    Netlist Resource(s)
  -------------------------------------------------------------------    -------------------
                         (clock sys_clk_pin rise edge)
                                                      0.000     0.000 r  
    W5                                                0.000     0.000 r  clk (IN)
                         net (fo=0)                   0.000     0.000    clk
    W5                   IBUF (Prop_ibuf_I_O)         1.458     1.458 r  clk_IBUF_inst/O
                         net (fo=1, routed)           1.967     3.425    clk_IBUF
    BUFGCTRL_X0Y0        BUFG (Prop_bufg_I_O)         0.096     3.521 r  clk_IBUF_BUFG_inst/O
                         net (fo=245, routed)         1.563     5.084    U_UART_FIFO/U_FIFO_RX/U_FIFO_CU/clk_IBUF_BUFG
    SLICE_X57Y16         FDCE                                         r  U_UART_FIFO/U_FIFO_RX/U_FIFO_CU/rptr_reg_reg[1]/C
  -------------------------------------------------------------------    -------------------
    SLICE_X57Y16         FDCE (Prop_fdce_C_Q)         0.419     5.503 r  U_UART_FIFO/U_FIFO_RX/U_FIFO_CU/rptr_reg_reg[1]/Q
                         net (fo=16, routed)          1.347     6.850    U_UART_FIFO/U_FIFO_RX/U_REG_FILE/mem_reg_0_63_0_2/ADDRA1
    SLICE_X56Y17         RAMD64E (Prop_ramd64e_RADR1_O)
                                                      0.299     7.149 r  U_UART_FIFO/U_FIFO_RX/U_REG_FILE/mem_reg_0_63_0_2/RAMA/O
                         net (fo=10, routed)          0.813     7.962    U_UART_CU/out[0]
    SLICE_X57Y16         LUT6 (Prop_lut6_I1_O)        0.124     8.086 r  U_UART_CU/inst[7]_i_5/O
                         net (fo=1, routed)           0.661     8.747    U_UART_CU/inst[7]_i_5_n_0
    SLICE_X55Y16         LUT6 (Prop_lut6_I4_O)        0.124     8.871 f  U_UART_CU/inst[7]_i_3/O
                         net (fo=8, routed)           0.316     9.187    U_UART_CU/inst[7]_i_3_n_0
    SLICE_X55Y15         LUT6 (Prop_lut6_I0_O)        0.124     9.311 r  U_UART_CU/inst[7]_i_1/O
                         net (fo=7, routed)           0.348     9.659    U_UART_CU/inst0
    SLICE_X56Y15         FDCE                                         r  U_UART_CU/inst_reg[1]/CE
  -------------------------------------------------------------------    -------------------

                         (clock sys_clk_pin rise edge)
                                                     10.000    10.000 r  
    W5                                                0.000    10.000 r  clk (IN)
                         net (fo=0)                   0.000    10.000    clk
    W5                   IBUF (Prop_ibuf_I_O)         1.388    11.388 r  clk_IBUF_inst/O
                         net (fo=1, routed)           1.862    13.250    clk_IBUF
    BUFGCTRL_X0Y0        BUFG (Prop_bufg_I_O)         0.091    13.341 r  clk_IBUF_BUFG_inst/O
                         net (fo=245, routed)         1.447    14.788    U_UART_CU/clk_IBUF_BUFG
    SLICE_X56Y15         FDCE                                         r  U_UART_CU/inst_reg[1]/C
                         clock pessimism              0.273    15.061    
                         clock uncertainty           -0.035    15.026    
    SLICE_X56Y15         FDCE (Setup_fdce_C_CE)      -0.169    14.857    U_UART_CU/inst_reg[1]
  -------------------------------------------------------------------
                         required time                         14.857    
                         arrival time                          -9.659    
  -------------------------------------------------------------------
                         slack                                  5.198    

Slack (MET) :             5.198ns  (required time - arrival time)
  Source:                 U_UART_FIFO/U_FIFO_RX/U_FIFO_CU/rptr_reg_reg[1]/C
                            (rising edge-triggered cell FDCE clocked by sys_clk_pin  {rise@0.000ns fall@5.000ns period=10.000ns})
  Destination:            U_UART_CU/inst_reg[6]/CE
                            (rising edge-triggered cell FDCE clocked by sys_clk_pin  {rise@0.000ns fall@5.000ns period=10.000ns})
  Path Group:             sys_clk_pin
  Path Type:              Setup (Max at Slow Process Corner)
  Requirement:            10.000ns  (sys_clk_pin rise@10.000ns - sys_clk_pin rise@0.000ns)
  Data Path Delay:        4.575ns  (logic 1.090ns (23.826%)  route 3.485ns (76.174%))
  Logic Levels:           4  (LUT6=3 RAMD64E=1)
  Clock Path Skew:        -0.023ns (DCD - SCD + CPR)
    Destination Clock Delay (DCD):    4.788ns = ( 14.788 - 10.000 ) 
    Source Clock Delay      (SCD):    5.084ns
    Clock Pessimism Removal (CPR):    0.273ns
  Clock Uncertainty:      0.035ns  ((TSJ^2 + TIJ^2)^1/2 + DJ) / 2 + PE
    Total System Jitter     (TSJ):    0.071ns
    Total Input Jitter      (TIJ):    0.000ns
    Discrete Jitter          (DJ):    0.000ns
    Phase Error              (PE):    0.000ns

    Location             Delay type                Incr(ns)  Path(ns)    Netlist Resource(s)
  -------------------------------------------------------------------    -------------------
                         (clock sys_clk_pin rise edge)
                                                      0.000     0.000 r  
    W5                                                0.000     0.000 r  clk (IN)
                         net (fo=0)                   0.000     0.000    clk
    W5                   IBUF (Prop_ibuf_I_O)         1.458     1.458 r  clk_IBUF_inst/O
                         net (fo=1, routed)           1.967     3.425    clk_IBUF
    BUFGCTRL_X0Y0        BUFG (Prop_bufg_I_O)         0.096     3.521 r  clk_IBUF_BUFG_inst/O
                         net (fo=245, routed)         1.563     5.084    U_UART_FIFO/U_FIFO_RX/U_FIFO_CU/clk_IBUF_BUFG
    SLICE_X57Y16         FDCE                                         r  U_UART_FIFO/U_FIFO_RX/U_FIFO_CU/rptr_reg_reg[1]/C
  -------------------------------------------------------------------    -------------------
    SLICE_X57Y16         FDCE (Prop_fdce_C_Q)         0.419     5.503 r  U_UART_FIFO/U_FIFO_RX/U_FIFO_CU/rptr_reg_reg[1]/Q
                         net (fo=16, routed)          1.347     6.850    U_UART_FIFO/U_FIFO_RX/U_REG_FILE/mem_reg_0_63_0_2/ADDRA1
    SLICE_X56Y17         RAMD64E (Prop_ramd64e_RADR1_O)
                                                      0.299     7.149 r  U_UART_FIFO/U_FIFO_RX/U_REG_FILE/mem_reg_0_63_0_2/RAMA/O
                         net (fo=10, routed)          0.813     7.962    U_UART_CU/out[0]
    SLICE_X57Y16         LUT6 (Prop_lut6_I1_O)        0.124     8.086 r  U_UART_CU/inst[7]_i_5/O
                         net (fo=1, routed)           0.661     8.747    U_UART_CU/inst[7]_i_5_n_0
    SLICE_X55Y16         LUT6 (Prop_lut6_I4_O)        0.124     8.871 f  U_UART_CU/inst[7]_i_3/O
                         net (fo=8, routed)           0.316     9.187    U_UART_CU/inst[7]_i_3_n_0
    SLICE_X55Y15         LUT6 (Prop_lut6_I0_O)        0.124     9.311 r  U_UART_CU/inst[7]_i_1/O
                         net (fo=7, routed)           0.348     9.659    U_UART_CU/inst0
    SLICE_X56Y15         FDCE                                         r  U_UART_CU/inst_reg[6]/CE
  -------------------------------------------------------------------    -------------------

                         (clock sys_clk_pin rise edge)
                                                     10.000    10.000 r  
    W5                                                0.000    10.000 r  clk (IN)
                         net (fo=0)                   0.000    10.000    clk
    W5                   IBUF (Prop_ibuf_I_O)         1.388    11.388 r  clk_IBUF_inst/O
                         net (fo=1, routed)           1.862    13.250    clk_IBUF
    BUFGCTRL_X0Y0        BUFG (Prop_bufg_I_O)         0.091    13.341 r  clk_IBUF_BUFG_inst/O
                         net (fo=245, routed)         1.447    14.788    U_UART_CU/clk_IBUF_BUFG
    SLICE_X56Y15         FDCE                                         r  U_UART_CU/inst_reg[6]/C
                         clock pessimism              0.273    15.061    
                         clock uncertainty           -0.035    15.026    
    SLICE_X56Y15         FDCE (Setup_fdce_C_CE)      -0.169    14.857    U_UART_CU/inst_reg[6]
  -------------------------------------------------------------------
                         required time                         14.857    
                         arrival time                          -9.659    
  -------------------------------------------------------------------
                         slack                                  5.198    

Slack (MET) :             5.225ns  (required time - arrival time)
  Source:                 U_UART_FIFO/U_FIFO_RX/U_FIFO_CU/rptr_reg_reg[1]/C
                            (rising edge-triggered cell FDCE clocked by sys_clk_pin  {rise@0.000ns fall@5.000ns period=10.000ns})
  Destination:            U_UART_CU/inst_reg[1]/D
                            (rising edge-triggered cell FDCE clocked by sys_clk_pin  {rise@0.000ns fall@5.000ns period=10.000ns})
  Path Group:             sys_clk_pin
  Path Type:              Setup (Max at Slow Process Corner)
  Requirement:            10.000ns  (sys_clk_pin rise@10.000ns - sys_clk_pin rise@0.000ns)
  Data Path Delay:        4.809ns  (logic 1.112ns (23.124%)  route 3.697ns (76.876%))
  Logic Levels:           4  (LUT5=1 LUT6=2 RAMD64E=1)
  Clock Path Skew:        -0.023ns (DCD - SCD + CPR)
    Destination Clock Delay (DCD):    4.788ns = ( 14.788 - 10.000 ) 
    Source Clock Delay      (SCD):    5.084ns
    Clock Pessimism Removal (CPR):    0.273ns
  Clock Uncertainty:      0.035ns  ((TSJ^2 + TIJ^2)^1/2 + DJ) / 2 + PE
    Total System Jitter     (TSJ):    0.071ns
    Total Input Jitter      (TIJ):    0.000ns
    Discrete Jitter          (DJ):    0.000ns
    Phase Error              (PE):    0.000ns

    Location             Delay type                Incr(ns)  Path(ns)    Netlist Resource(s)
  -------------------------------------------------------------------    -------------------
                         (clock sys_clk_pin rise edge)
                                                      0.000     0.000 r  
    W5                                                0.000     0.000 r  clk (IN)
                         net (fo=0)                   0.000     0.000    clk
    W5                   IBUF (Prop_ibuf_I_O)         1.458     1.458 r  clk_IBUF_inst/O
                         net (fo=1, routed)           1.967     3.425    clk_IBUF
    BUFGCTRL_X0Y0        BUFG (Prop_bufg_I_O)         0.096     3.521 r  clk_IBUF_BUFG_inst/O
                         net (fo=245, routed)         1.563     5.084    U_UART_FIFO/U_FIFO_RX/U_FIFO_CU/clk_IBUF_BUFG
    SLICE_X57Y16         FDCE                                         r  U_UART_FIFO/U_FIFO_RX/U_FIFO_CU/rptr_reg_reg[1]/C
  -------------------------------------------------------------------    -------------------
    SLICE_X57Y16         FDCE (Prop_fdce_C_Q)         0.419     5.503 r  U_UART_FIFO/U_FIFO_RX/U_FIFO_CU/rptr_reg_reg[1]/Q
                         net (fo=16, routed)          1.347     6.850    U_UART_FIFO/U_FIFO_RX/U_REG_FILE/mem_reg_0_63_0_2/ADDRA1
    SLICE_X56Y17         RAMD64E (Prop_ramd64e_RADR1_O)
                                                      0.299     7.149 r  U_UART_FIFO/U_FIFO_RX/U_REG_FILE/mem_reg_0_63_0_2/RAMA/O
                         net (fo=10, routed)          0.813     7.962    U_UART_CU/out[0]
    SLICE_X57Y16         LUT6 (Prop_lut6_I1_O)        0.124     8.086 f  U_UART_CU/inst[7]_i_5/O
                         net (fo=1, routed)           0.661     8.747    U_UART_CU/inst[7]_i_5_n_0
    SLICE_X55Y16         LUT6 (Prop_lut6_I4_O)        0.124     8.871 r  U_UART_CU/inst[7]_i_3/O
                         net (fo=8, routed)           0.876     9.747    U_UART_CU/inst[7]_i_3_n_0
    SLICE_X56Y15         LUT5 (Prop_lut5_I1_O)        0.146     9.893 r  U_UART_CU/inst[1]_i_1/O
                         net (fo=1, routed)           0.000     9.893    U_UART_CU/p_1_in__0[1]
    SLICE_X56Y15         FDCE                                         r  U_UART_CU/inst_reg[1]/D
  -------------------------------------------------------------------    -------------------

                         (clock sys_clk_pin rise edge)
                                                     10.000    10.000 r  
    W5                                                0.000    10.000 r  clk (IN)
                         net (fo=0)                   0.000    10.000    clk
    W5                   IBUF (Prop_ibuf_I_O)         1.388    11.388 r  clk_IBUF_inst/O
                         net (fo=1, routed)           1.862    13.250    clk_IBUF
    BUFGCTRL_X0Y0        BUFG (Prop_bufg_I_O)         0.091    13.341 r  clk_IBUF_BUFG_inst/O
                         net (fo=245, routed)         1.447    14.788    U_UART_CU/clk_IBUF_BUFG
    SLICE_X56Y15         FDCE                                         r  U_UART_CU/inst_reg[1]/C
                         clock pessimism              0.273    15.061    
                         clock uncertainty           -0.035    15.026    
    SLICE_X56Y15         FDCE (Setup_fdce_C_D)        0.092    15.118    U_UART_CU/inst_reg[1]
  -------------------------------------------------------------------
                         required time                         15.118    
                         arrival time                          -9.893    
  -------------------------------------------------------------------
                         slack                                  5.225    





Min Delay Paths
--------------------------------------------------------------------------------------
Slack (MET) :             0.088ns  (arrival time - required time)
  Source:                 U_UART_FIFO/U_FIFO_RX/U_FIFO_CU/wptr_reg_reg[4]/C
                            (rising edge-triggered cell FDCE clocked by sys_clk_pin  {rise@0.000ns fall@5.000ns period=10.000ns})
  Destination:            U_UART_FIFO/U_FIFO_RX/U_REG_FILE/mem_reg_0_63_0_2/RAMA/WADR4
                            (rising edge-triggered cell RAMD64E clocked by sys_clk_pin  {rise@0.000ns fall@5.000ns period=10.000ns})
  Path Group:             sys_clk_pin
  Path Type:              Hold (Min at Fast Process Corner)
  Requirement:            0.000ns  (sys_clk_pin rise@0.000ns - sys_clk_pin rise@0.000ns)
  Data Path Delay:        0.324ns  (logic 0.141ns (43.456%)  route 0.183ns (56.544%))
  Logic Levels:           0  
  Clock Path Skew:        0.036ns (DCD - SCD - CPR)
    Destination Clock Delay (DCD):    1.956ns
    Source Clock Delay      (SCD):    1.442ns
    Clock Pessimism Removal (CPR):    0.478ns

    Location             Delay type                Incr(ns)  Path(ns)    Netlist Resource(s)
  -------------------------------------------------------------------    -------------------
                         (clock sys_clk_pin rise edge)
                                                      0.000     0.000 r  
    W5                                                0.000     0.000 r  clk (IN)
                         net (fo=0)                   0.000     0.000    clk
    W5                   IBUF (Prop_ibuf_I_O)         0.226     0.226 r  clk_IBUF_inst/O
                         net (fo=1, routed)           0.631     0.858    clk_IBUF
    BUFGCTRL_X0Y0        BUFG (Prop_bufg_I_O)         0.026     0.884 r  clk_IBUF_BUFG_inst/O
                         net (fo=245, routed)         0.559     1.442    U_UART_FIFO/U_FIFO_RX/U_FIFO_CU/clk_IBUF_BUFG
    SLICE_X55Y18         FDCE                                         r  U_UART_FIFO/U_FIFO_RX/U_FIFO_CU/wptr_reg_reg[4]/C
  -------------------------------------------------------------------    -------------------
    SLICE_X55Y18         FDCE (Prop_fdce_C_Q)         0.141     1.583 r  U_UART_FIFO/U_FIFO_RX/U_FIFO_CU/wptr_reg_reg[4]/Q
                         net (fo=20, routed)          0.183     1.767    U_UART_FIFO/U_FIFO_RX/U_REG_FILE/mem_reg_0_63_0_2/ADDRD4
    SLICE_X56Y17         RAMD64E                                      r  U_UART_FIFO/U_FIFO_RX/U_REG_FILE/mem_reg_0_63_0_2/RAMA/WADR4
  -------------------------------------------------------------------    -------------------

                         (clock sys_clk_pin rise edge)
                                                      0.000     0.000 r  
    W5                                                0.000     0.000 r  clk (IN)
                         net (fo=0)                   0.000     0.000    clk
    W5                   IBUF (Prop_ibuf_I_O)         0.414     0.414 r  clk_IBUF_inst/O
                         net (fo=1, routed)           0.685     1.099    clk_IBUF
    BUFGCTRL_X0Y0        BUFG (Prop_bufg_I_O)         0.029     1.128 r  clk_IBUF_BUFG_inst/O
                         net (fo=245, routed)         0.829     1.956    U_UART_FIFO/U_FIFO_RX/U_REG_FILE/mem_reg_0_63_0_2/WCLK
    SLICE_X56Y17         RAMD64E                                      r  U_UART_FIFO/U_FIFO_RX/U_REG_FILE/mem_reg_0_63_0_2/RAMA/CLK
                         clock pessimism             -0.478     1.478    
    SLICE_X56Y17         RAMD64E (Hold_ramd64e_CLK_WADR4)
                                                      0.200     1.678    U_UART_FIFO/U_FIFO_RX/U_REG_FILE/mem_reg_0_63_0_2/RAMA
  -------------------------------------------------------------------
                         required time                         -1.678    
                         arrival time                           1.767    
  -------------------------------------------------------------------
                         slack                                  0.088    

Slack (MET) :             0.088ns  (arrival time - required time)
  Source:                 U_UART_FIFO/U_FIFO_RX/U_FIFO_CU/wptr_reg_reg[4]/C
                            (rising edge-triggered cell FDCE clocked by sys_clk_pin  {rise@0.000ns fall@5.000ns period=10.000ns})
  Destination:            U_UART_FIFO/U_FIFO_RX/U_REG_FILE/mem_reg_0_63_0_2/RAMB/WADR4
                            (rising edge-triggered cell RAMD64E clocked by sys_clk_pin  {rise@0.000ns fall@5.000ns period=10.000ns})
  Path Group:             sys_clk_pin
  Path Type:              Hold (Min at Fast Process Corner)
  Requirement:            0.000ns  (sys_clk_pin rise@0.000ns - sys_clk_pin rise@0.000ns)
  Data Path Delay:        0.324ns  (logic 0.141ns (43.456%)  route 0.183ns (56.544%))
  Logic Levels:           0  
  Clock Path Skew:        0.036ns (DCD - SCD - CPR)
    Destination Clock Delay (DCD):    1.956ns
    Source Clock Delay      (SCD):    1.442ns
    Clock Pessimism Removal (CPR):    0.478ns

    Location             Delay type                Incr(ns)  Path(ns)    Netlist Resource(s)
  -------------------------------------------------------------------    -------------------
                         (clock sys_clk_pin rise edge)
                                                      0.000     0.000 r  
    W5                                                0.000     0.000 r  clk (IN)
                         net (fo=0)                   0.000     0.000    clk
    W5                   IBUF (Prop_ibuf_I_O)         0.226     0.226 r  clk_IBUF_inst/O
                         net (fo=1, routed)           0.631     0.858    clk_IBUF
    BUFGCTRL_X0Y0        BUFG (Prop_bufg_I_O)         0.026     0.884 r  clk_IBUF_BUFG_inst/O
                         net (fo=245, routed)         0.559     1.442    U_UART_FIFO/U_FIFO_RX/U_FIFO_CU/clk_IBUF_BUFG
    SLICE_X55Y18         FDCE                                         r  U_UART_FIFO/U_FIFO_RX/U_FIFO_CU/wptr_reg_reg[4]/C
  -------------------------------------------------------------------    -------------------
    SLICE_X55Y18         FDCE (Prop_fdce_C_Q)         0.141     1.583 r  U_UART_FIFO/U_FIFO_RX/U_FIFO_CU/wptr_reg_reg[4]/Q
                         net (fo=20, routed)          0.183     1.767    U_UART_FIFO/U_FIFO_RX/U_REG_FILE/mem_reg_0_63_0_2/ADDRD4
    SLICE_X56Y17         RAMD64E                                      r  U_UART_FIFO/U_FIFO_RX/U_REG_FILE/mem_reg_0_63_0_2/RAMB/WADR4
  -------------------------------------------------------------------    -------------------

                         (clock sys_clk_pin rise edge)
                                                      0.000     0.000 r  
    W5                                                0.000     0.000 r  clk (IN)
                         net (fo=0)                   0.000     0.000    clk
    W5                   IBUF (Prop_ibuf_I_O)         0.414     0.414 r  clk_IBUF_inst/O
                         net (fo=1, routed)           0.685     1.099    clk_IBUF
    BUFGCTRL_X0Y0        BUFG (Prop_bufg_I_O)         0.029     1.128 r  clk_IBUF_BUFG_inst/O
                         net (fo=245, routed)         0.829     1.956    U_UART_FIFO/U_FIFO_RX/U_REG_FILE/mem_reg_0_63_0_2/WCLK
    SLICE_X56Y17         RAMD64E                                      r  U_UART_FIFO/U_FIFO_RX/U_REG_FILE/mem_reg_0_63_0_2/RAMB/CLK
                         clock pessimism             -0.478     1.478    
    SLICE_X56Y17         RAMD64E (Hold_ramd64e_CLK_WADR4)
                                                      0.200     1.678    U_UART_FIFO/U_FIFO_RX/U_REG_FILE/mem_reg_0_63_0_2/RAMB
  -------------------------------------------------------------------
                         required time                         -1.678    
                         arrival time                           1.767    
  -------------------------------------------------------------------
                         slack                                  0.088    

Slack (MET) :             0.088ns  (arrival time - required time)
  Source:                 U_UART_FIFO/U_FIFO_RX/U_FIFO_CU/wptr_reg_reg[4]/C
                            (rising edge-triggered cell FDCE clocked by sys_clk_pin  {rise@0.000ns fall@5.000ns period=10.000ns})
  Destination:            U_UART_FIFO/U_FIFO_RX/U_REG_FILE/mem_reg_0_63_0_2/RAMC/WADR4
                            (rising edge-triggered cell RAMD64E clocked by sys_clk_pin  {rise@0.000ns fall@5.000ns period=10.000ns})
  Path Group:             sys_clk_pin
  Path Type:              Hold (Min at Fast Process Corner)
  Requirement:            0.000ns  (sys_clk_pin rise@0.000ns - sys_clk_pin rise@0.000ns)
  Data Path Delay:        0.324ns  (logic 0.141ns (43.456%)  route 0.183ns (56.544%))
  Logic Levels:           0  
  Clock Path Skew:        0.036ns (DCD - SCD - CPR)
    Destination Clock Delay (DCD):    1.956ns
    Source Clock Delay      (SCD):    1.442ns
    Clock Pessimism Removal (CPR):    0.478ns

    Location             Delay type                Incr(ns)  Path(ns)    Netlist Resource(s)
  -------------------------------------------------------------------    -------------------
                         (clock sys_clk_pin rise edge)
                                                      0.000     0.000 r  
    W5                                                0.000     0.000 r  clk (IN)
                         net (fo=0)                   0.000     0.000    clk
    W5                   IBUF (Prop_ibuf_I_O)         0.226     0.226 r  clk_IBUF_inst/O
                         net (fo=1, routed)           0.631     0.858    clk_IBUF
    BUFGCTRL_X0Y0        BUFG (Prop_bufg_I_O)         0.026     0.884 r  clk_IBUF_BUFG_inst/O
                         net (fo=245, routed)         0.559     1.442    U_UART_FIFO/U_FIFO_RX/U_FIFO_CU/clk_IBUF_BUFG
    SLICE_X55Y18         FDCE                                         r  U_UART_FIFO/U_FIFO_RX/U_FIFO_CU/wptr_reg_reg[4]/C
  -------------------------------------------------------------------    -------------------
    SLICE_X55Y18         FDCE (Prop_fdce_C_Q)         0.141     1.583 r  U_UART_FIFO/U_FIFO_RX/U_FIFO_CU/wptr_reg_reg[4]/Q
                         net (fo=20, routed)          0.183     1.767    U_UART_FIFO/U_FIFO_RX/U_REG_FILE/mem_reg_0_63_0_2/ADDRD4
    SLICE_X56Y17         RAMD64E                                      r  U_UART_FIFO/U_FIFO_RX/U_REG_FILE/mem_reg_0_63_0_2/RAMC/WADR4
  -------------------------------------------------------------------    -------------------

                         (clock sys_clk_pin rise edge)
                                                      0.000     0.000 r  
    W5                                                0.000     0.000 r  clk (IN)
                         net (fo=0)                   0.000     0.000    clk
    W5                   IBUF (Prop_ibuf_I_O)         0.414     0.414 r  clk_IBUF_inst/O
                         net (fo=1, routed)           0.685     1.099    clk_IBUF
    BUFGCTRL_X0Y0        BUFG (Prop_bufg_I_O)         0.029     1.128 r  clk_IBUF_BUFG_inst/O
                         net (fo=245, routed)         0.829     1.956    U_UART_FIFO/U_FIFO_RX/U_REG_FILE/mem_reg_0_63_0_2/WCLK
    SLICE_X56Y17         RAMD64E                                      r  U_UART_FIFO/U_FIFO_RX/U_REG_FILE/mem_reg_0_63_0_2/RAMC/CLK
                         clock pessimism             -0.478     1.478    
    SLICE_X56Y17         RAMD64E (Hold_ramd64e_CLK_WADR4)
                                                      0.200     1.678    U_UART_FIFO/U_FIFO_RX/U_REG_FILE/mem_reg_0_63_0_2/RAMC
  -------------------------------------------------------------------
                         required time                         -1.678    
                         arrival time                           1.767    
  -------------------------------------------------------------------
                         slack                                  0.088    

Slack (MET) :             0.088ns  (arrival time - required time)
  Source:                 U_UART_FIFO/U_FIFO_RX/U_FIFO_CU/wptr_reg_reg[4]/C
                            (rising edge-triggered cell FDCE clocked by sys_clk_pin  {rise@0.000ns fall@5.000ns period=10.000ns})
  Destination:            U_UART_FIFO/U_FIFO_RX/U_REG_FILE/mem_reg_0_63_0_2/RAMD/WADR4
                            (rising edge-triggered cell RAMD64E clocked by sys_clk_pin  {rise@0.000ns fall@5.000ns period=10.000ns})
  Path Group:             sys_clk_pin
  Path Type:              Hold (Min at Fast Process Corner)
  Requirement:            0.000ns  (sys_clk_pin rise@0.000ns - sys_clk_pin rise@0.000ns)
  Data Path Delay:        0.324ns  (logic 0.141ns (43.456%)  route 0.183ns (56.544%))
  Logic Levels:           0  
  Clock Path Skew:        0.036ns (DCD - SCD - CPR)
    Destination Clock Delay (DCD):    1.956ns
    Source Clock Delay      (SCD):    1.442ns
    Clock Pessimism Removal (CPR):    0.478ns

    Location             Delay type                Incr(ns)  Path(ns)    Netlist Resource(s)
  -------------------------------------------------------------------    -------------------
                         (clock sys_clk_pin rise edge)
                                                      0.000     0.000 r  
    W5                                                0.000     0.000 r  clk (IN)
                         net (fo=0)                   0.000     0.000    clk
    W5                   IBUF (Prop_ibuf_I_O)         0.226     0.226 r  clk_IBUF_inst/O
                         net (fo=1, routed)           0.631     0.858    clk_IBUF
    BUFGCTRL_X0Y0        BUFG (Prop_bufg_I_O)         0.026     0.884 r  clk_IBUF_BUFG_inst/O
                         net (fo=245, routed)         0.559     1.442    U_UART_FIFO/U_FIFO_RX/U_FIFO_CU/clk_IBUF_BUFG
    SLICE_X55Y18         FDCE                                         r  U_UART_FIFO/U_FIFO_RX/U_FIFO_CU/wptr_reg_reg[4]/C
  -------------------------------------------------------------------    -------------------
    SLICE_X55Y18         FDCE (Prop_fdce_C_Q)         0.141     1.583 r  U_UART_FIFO/U_FIFO_RX/U_FIFO_CU/wptr_reg_reg[4]/Q
                         net (fo=20, routed)          0.183     1.767    U_UART_FIFO/U_FIFO_RX/U_REG_FILE/mem_reg_0_63_0_2/ADDRD4
    SLICE_X56Y17         RAMD64E                                      r  U_UART_FIFO/U_FIFO_RX/U_REG_FILE/mem_reg_0_63_0_2/RAMD/WADR4
  -------------------------------------------------------------------    -------------------

                         (clock sys_clk_pin rise edge)
                                                      0.000     0.000 r  
    W5                                                0.000     0.000 r  clk (IN)
                         net (fo=0)                   0.000     0.000    clk
    W5                   IBUF (Prop_ibuf_I_O)         0.414     0.414 r  clk_IBUF_inst/O
                         net (fo=1, routed)           0.685     1.099    clk_IBUF
    BUFGCTRL_X0Y0        BUFG (Prop_bufg_I_O)         0.029     1.128 r  clk_IBUF_BUFG_inst/O
                         net (fo=245, routed)         0.829     1.956    U_UART_FIFO/U_FIFO_RX/U_REG_FILE/mem_reg_0_63_0_2/WCLK
    SLICE_X56Y17         RAMD64E                                      r  U_UART_FIFO/U_FIFO_RX/U_REG_FILE/mem_reg_0_63_0_2/RAMD/CLK
                         clock pessimism             -0.478     1.478    
    SLICE_X56Y17         RAMD64E (Hold_ramd64e_CLK_WADR4)
                                                      0.200     1.678    U_UART_FIFO/U_FIFO_RX/U_REG_FILE/mem_reg_0_63_0_2/RAMD
  -------------------------------------------------------------------
                         required time                         -1.678    
                         arrival time                           1.767    
  -------------------------------------------------------------------
                         slack                                  0.088    

Slack (MET) :             0.089ns  (arrival time - required time)
  Source:                 U_UART_FIFO/U_UART/U_UART_RX/rx_data_reg_reg[0]/C
                            (rising edge-triggered cell FDCE clocked by sys_clk_pin  {rise@0.000ns fall@5.000ns period=10.000ns})
  Destination:            U_UART_FIFO/U_FIFO_RX/U_REG_FILE/mem_reg_0_63_0_2/RAMA/I
                            (rising edge-triggered cell RAMD64E clocked by sys_clk_pin  {rise@0.000ns fall@5.000ns period=10.000ns})
  Path Group:             sys_clk_pin
  Path Type:              Hold (Min at Fast Process Corner)
  Requirement:            0.000ns  (sys_clk_pin rise@0.000ns - sys_clk_pin rise@0.000ns)
  Data Path Delay:        0.251ns  (logic 0.141ns (56.174%)  route 0.110ns (43.826%))
  Logic Levels:           0  
  Clock Path Skew:        0.015ns (DCD - SCD - CPR)
    Destination Clock Delay (DCD):    1.956ns
    Source Clock Delay      (SCD):    1.444ns
    Clock Pessimism Removal (CPR):    0.497ns

    Location             Delay type                Incr(ns)  Path(ns)    Netlist Resource(s)
  -------------------------------------------------------------------    -------------------
                         (clock sys_clk_pin rise edge)
                                                      0.000     0.000 r  
    W5                                                0.000     0.000 r  clk (IN)
                         net (fo=0)                   0.000     0.000    clk
    W5                   IBUF (Prop_ibuf_I_O)         0.226     0.226 r  clk_IBUF_inst/O
                         net (fo=1, routed)           0.631     0.858    clk_IBUF
    BUFGCTRL_X0Y0        BUFG (Prop_bufg_I_O)         0.026     0.884 r  clk_IBUF_BUFG_inst/O
                         net (fo=245, routed)         0.561     1.444    U_UART_FIFO/U_UART/U_UART_RX/clk_IBUF_BUFG
    SLICE_X57Y18         FDCE                                         r  U_UART_FIFO/U_UART/U_UART_RX/rx_data_reg_reg[0]/C
  -------------------------------------------------------------------    -------------------
    SLICE_X57Y18         FDCE (Prop_fdce_C_Q)         0.141     1.585 r  U_UART_FIFO/U_UART/U_UART_RX/rx_data_reg_reg[0]/Q
                         net (fo=1, routed)           0.110     1.695    U_UART_FIFO/U_FIFO_RX/U_REG_FILE/mem_reg_0_63_0_2/DIA
    SLICE_X56Y17         RAMD64E                                      r  U_UART_FIFO/U_FIFO_RX/U_REG_FILE/mem_reg_0_63_0_2/RAMA/I
  -------------------------------------------------------------------    -------------------

                         (clock sys_clk_pin rise edge)
                                                      0.000     0.000 r  
    W5                                                0.000     0.000 r  clk (IN)
                         net (fo=0)                   0.000     0.000    clk
    W5                   IBUF (Prop_ibuf_I_O)         0.414     0.414 r  clk_IBUF_inst/O
                         net (fo=1, routed)           0.685     1.099    clk_IBUF
    BUFGCTRL_X0Y0        BUFG (Prop_bufg_I_O)         0.029     1.128 r  clk_IBUF_BUFG_inst/O
                         net (fo=245, routed)         0.829     1.956    U_UART_FIFO/U_FIFO_RX/U_REG_FILE/mem_reg_0_63_0_2/WCLK
    SLICE_X56Y17         RAMD64E                                      r  U_UART_FIFO/U_FIFO_RX/U_REG_FILE/mem_reg_0_63_0_2/RAMA/CLK
                         clock pessimism             -0.497     1.459    
    SLICE_X56Y17         RAMD64E (Hold_ramd64e_CLK_I)
                                                      0.147     1.606    U_UART_FIFO/U_FIFO_RX/U_REG_FILE/mem_reg_0_63_0_2/RAMA
  -------------------------------------------------------------------
                         required time                         -1.606    
                         arrival time                           1.695    
  -------------------------------------------------------------------
                         slack                                  0.089    

Slack (MET) :             0.095ns  (arrival time - required time)
  Source:                 U_UART_FIFO/U_UART/U_UART_RX/rx_data_reg_reg[1]/C
                            (rising edge-triggered cell FDCE clocked by sys_clk_pin  {rise@0.000ns fall@5.000ns period=10.000ns})
  Destination:            U_UART_FIFO/U_FIFO_RX/U_REG_FILE/mem_reg_0_63_0_2/RAMB/I
                            (rising edge-triggered cell RAMD64E clocked by sys_clk_pin  {rise@0.000ns fall@5.000ns period=10.000ns})
  Path Group:             sys_clk_pin
  Path Type:              Hold (Min at Fast Process Corner)
  Requirement:            0.000ns  (sys_clk_pin rise@0.000ns - sys_clk_pin rise@0.000ns)
  Data Path Delay:        0.257ns  (logic 0.141ns (54.812%)  route 0.116ns (45.188%))
  Logic Levels:           0  
  Clock Path Skew:        0.016ns (DCD - SCD - CPR)
    Destination Clock Delay (DCD):    1.956ns
    Source Clock Delay      (SCD):    1.443ns
    Clock Pessimism Removal (CPR):    0.497ns

    Location             Delay type                Incr(ns)  Path(ns)    Netlist Resource(s)
  -------------------------------------------------------------------    -------------------
                         (clock sys_clk_pin rise edge)
                                                      0.000     0.000 r  
    W5                                                0.000     0.000 r  clk (IN)
                         net (fo=0)                   0.000     0.000    clk
    W5                   IBUF (Prop_ibuf_I_O)         0.226     0.226 r  clk_IBUF_inst/O
                         net (fo=1, routed)           0.631     0.858    clk_IBUF
    BUFGCTRL_X0Y0        BUFG (Prop_bufg_I_O)         0.026     0.884 r  clk_IBUF_BUFG_inst/O
                         net (fo=245, routed)         0.560     1.443    U_UART_FIFO/U_UART/U_UART_RX/clk_IBUF_BUFG
    SLICE_X57Y19         FDCE                                         r  U_UART_FIFO/U_UART/U_UART_RX/rx_data_reg_reg[1]/C
  -------------------------------------------------------------------    -------------------
    SLICE_X57Y19         FDCE (Prop_fdce_C_Q)         0.141     1.584 r  U_UART_FIFO/U_UART/U_UART_RX/rx_data_reg_reg[1]/Q
                         net (fo=1, routed)           0.116     1.700    U_UART_FIFO/U_FIFO_RX/U_REG_FILE/mem_reg_0_63_0_2/DIB
    SLICE_X56Y17         RAMD64E                                      r  U_UART_FIFO/U_FIFO_RX/U_REG_FILE/mem_reg_0_63_0_2/RAMB/I
  -------------------------------------------------------------------    -------------------

                         (clock sys_clk_pin rise edge)
                                                      0.000     0.000 r  
    W5                                                0.000     0.000 r  clk (IN)
                         net (fo=0)                   0.000     0.000    clk
    W5                   IBUF (Prop_ibuf_I_O)         0.414     0.414 r  clk_IBUF_inst/O
                         net (fo=1, routed)           0.685     1.099    clk_IBUF
    BUFGCTRL_X0Y0        BUFG (Prop_bufg_I_O)         0.029     1.128 r  clk_IBUF_BUFG_inst/O
                         net (fo=245, routed)         0.829     1.956    U_UART_FIFO/U_FIFO_RX/U_REG_FILE/mem_reg_0_63_0_2/WCLK
    SLICE_X56Y17         RAMD64E                                      r  U_UART_FIFO/U_FIFO_RX/U_REG_FILE/mem_reg_0_63_0_2/RAMB/CLK
                         clock pessimism             -0.497     1.459    
    SLICE_X56Y17         RAMD64E (Hold_ramd64e_CLK_I)
                                                      0.146     1.605    U_UART_FIFO/U_FIFO_RX/U_REG_FILE/mem_reg_0_63_0_2/RAMB
  -------------------------------------------------------------------
                         required time                         -1.605    
                         arrival time                           1.700    
  -------------------------------------------------------------------
                         slack                                  0.095    

Slack (MET) :             0.098ns  (arrival time - required time)
  Source:                 U_UART_FIFO/U_UART/U_UART_RX/rx_data_reg_reg[6]/C
                            (rising edge-triggered cell FDCE clocked by sys_clk_pin  {rise@0.000ns fall@5.000ns period=10.000ns})
  Destination:            U_UART_FIFO/U_FIFO_RX/U_REG_FILE/mem_reg_0_63_6_6/SP/I
                            (rising edge-triggered cell RAMD64E clocked by sys_clk_pin  {rise@0.000ns fall@5.000ns period=10.000ns})
  Path Group:             sys_clk_pin
  Path Type:              Hold (Min at Fast Process Corner)
  Requirement:            0.000ns  (sys_clk_pin rise@0.000ns - sys_clk_pin rise@0.000ns)
  Data Path Delay:        0.257ns  (logic 0.141ns (54.828%)  route 0.116ns (45.172%))
  Logic Levels:           0  
  Clock Path Skew:        0.015ns (DCD - SCD - CPR)
    Destination Clock Delay (DCD):    1.955ns
    Source Clock Delay      (SCD):    1.441ns
    Clock Pessimism Removal (CPR):    0.499ns

    Location             Delay type                Incr(ns)  Path(ns)    Netlist Resource(s)
  -------------------------------------------------------------------    -------------------
                         (clock sys_clk_pin rise edge)
                                                      0.000     0.000 r  
    W5                                                0.000     0.000 r  clk (IN)
                         net (fo=0)                   0.000     0.000    clk
    W5                   IBUF (Prop_ibuf_I_O)         0.226     0.226 r  clk_IBUF_inst/O
                         net (fo=1, routed)           0.631     0.858    clk_IBUF
    BUFGCTRL_X0Y0        BUFG (Prop_bufg_I_O)         0.026     0.884 r  clk_IBUF_BUFG_inst/O
                         net (fo=245, routed)         0.558     1.441    U_UART_FIFO/U_UART/U_UART_RX/clk_IBUF_BUFG
    SLICE_X55Y19         FDCE                                         r  U_UART_FIFO/U_UART/U_UART_RX/rx_data_reg_reg[6]/C
  -------------------------------------------------------------------    -------------------
    SLICE_X55Y19         FDCE (Prop_fdce_C_Q)         0.141     1.582 r  U_UART_FIFO/U_UART/U_UART_RX/rx_data_reg_reg[6]/Q
                         net (fo=2, routed)           0.116     1.698    U_UART_FIFO/U_FIFO_RX/U_REG_FILE/mem_reg_0_63_6_6/D
    SLICE_X54Y18         RAMD64E                                      r  U_UART_FIFO/U_FIFO_RX/U_REG_FILE/mem_reg_0_63_6_6/SP/I
  -------------------------------------------------------------------    -------------------

                         (clock sys_clk_pin rise edge)
                                                      0.000     0.000 r  
    W5                                                0.000     0.000 r  clk (IN)
                         net (fo=0)                   0.000     0.000    clk
    W5                   IBUF (Prop_ibuf_I_O)         0.414     0.414 r  clk_IBUF_inst/O
                         net (fo=1, routed)           0.685     1.099    clk_IBUF
    BUFGCTRL_X0Y0        BUFG (Prop_bufg_I_O)         0.029     1.128 r  clk_IBUF_BUFG_inst/O
                         net (fo=245, routed)         0.828     1.955    U_UART_FIFO/U_FIFO_RX/U_REG_FILE/mem_reg_0_63_6_6/WCLK
    SLICE_X54Y18         RAMD64E                                      r  U_UART_FIFO/U_FIFO_RX/U_REG_FILE/mem_reg_0_63_6_6/SP/CLK
                         clock pessimism             -0.499     1.456    
    SLICE_X54Y18         RAMD64E (Hold_ramd64e_CLK_I)
                                                      0.144     1.600    U_UART_FIFO/U_FIFO_RX/U_REG_FILE/mem_reg_0_63_6_6/SP
  -------------------------------------------------------------------
                         required time                         -1.600    
                         arrival time                           1.698    
  -------------------------------------------------------------------
                         slack                                  0.098    

Slack (MET) :             0.099ns  (arrival time - required time)
  Source:                 U_UART_FIFO/U_UART/U_UART_RX/rx_data_reg_reg[7]/C
                            (rising edge-triggered cell FDCE clocked by sys_clk_pin  {rise@0.000ns fall@5.000ns period=10.000ns})
  Destination:            U_UART_FIFO/U_FIFO_RX/U_REG_FILE/mem_reg_0_63_7_7/SP/I
                            (rising edge-triggered cell RAMD64E clocked by sys_clk_pin  {rise@0.000ns fall@5.000ns period=10.000ns})
  Path Group:             sys_clk_pin
  Path Type:              Hold (Min at Fast Process Corner)
  Requirement:            0.000ns  (sys_clk_pin rise@0.000ns - sys_clk_pin rise@0.000ns)
  Data Path Delay:        0.279ns  (logic 0.164ns (58.746%)  route 0.115ns (41.254%))
  Logic Levels:           0  
  Clock Path Skew:        0.034ns (DCD - SCD - CPR)
    Destination Clock Delay (DCD):    1.955ns
    Source Clock Delay      (SCD):    1.443ns
    Clock Pessimism Removal (CPR):    0.478ns

    Location             Delay type                Incr(ns)  Path(ns)    Netlist Resource(s)
  -------------------------------------------------------------------    -------------------
                         (clock sys_clk_pin rise edge)
                                                      0.000     0.000 r  
    W5                                                0.000     0.000 r  clk (IN)
                         net (fo=0)                   0.000     0.000    clk
    W5                   IBUF (Prop_ibuf_I_O)         0.226     0.226 r  clk_IBUF_inst/O
                         net (fo=1, routed)           0.631     0.858    clk_IBUF
    BUFGCTRL_X0Y0        BUFG (Prop_bufg_I_O)         0.026     0.884 r  clk_IBUF_BUFG_inst/O
                         net (fo=245, routed)         0.560     1.443    U_UART_FIFO/U_UART/U_UART_RX/clk_IBUF_BUFG
    SLICE_X56Y19         FDCE                                         r  U_UART_FIFO/U_UART/U_UART_RX/rx_data_reg_reg[7]/C
  -------------------------------------------------------------------    -------------------
    SLICE_X56Y19         FDCE (Prop_fdce_C_Q)         0.164     1.607 r  U_UART_FIFO/U_UART/U_UART_RX/rx_data_reg_reg[7]/Q
                         net (fo=2, routed)           0.115     1.722    U_UART_FIFO/U_FIFO_RX/U_REG_FILE/mem_reg_0_63_7_7/D
    SLICE_X54Y18         RAMD64E                                      r  U_UART_FIFO/U_FIFO_RX/U_REG_FILE/mem_reg_0_63_7_7/SP/I
  -------------------------------------------------------------------    -------------------

                         (clock sys_clk_pin rise edge)
                                                      0.000     0.000 r  
    W5                                                0.000     0.000 r  clk (IN)
                         net (fo=0)                   0.000     0.000    clk
    W5                   IBUF (Prop_ibuf_I_O)         0.414     0.414 r  clk_IBUF_inst/O
                         net (fo=1, routed)           0.685     1.099    clk_IBUF
    BUFGCTRL_X0Y0        BUFG (Prop_bufg_I_O)         0.029     1.128 r  clk_IBUF_BUFG_inst/O
                         net (fo=245, routed)         0.828     1.955    U_UART_FIFO/U_FIFO_RX/U_REG_FILE/mem_reg_0_63_7_7/WCLK
    SLICE_X54Y18         RAMD64E                                      r  U_UART_FIFO/U_FIFO_RX/U_REG_FILE/mem_reg_0_63_7_7/SP/CLK
                         clock pessimism             -0.478     1.477    
    SLICE_X54Y18         RAMD64E (Hold_ramd64e_CLK_I)
                                                      0.146     1.623    U_UART_FIFO/U_FIFO_RX/U_REG_FILE/mem_reg_0_63_7_7/SP
  -------------------------------------------------------------------
                         required time                         -1.623    
                         arrival time                           1.722    
  -------------------------------------------------------------------
                         slack                                  0.099    

Slack (MET) :             0.114ns  (arrival time - required time)
  Source:                 U_UART_FIFO/U_FIFO_RX/U_FIFO_CU/wptr_reg_reg[4]/C
                            (rising edge-triggered cell FDCE clocked by sys_clk_pin  {rise@0.000ns fall@5.000ns period=10.000ns})
  Destination:            U_UART_FIFO/U_FIFO_RX/U_REG_FILE/mem_reg_0_63_3_5/RAMA/WADR4
                            (rising edge-triggered cell RAMD64E clocked by sys_clk_pin  {rise@0.000ns fall@5.000ns period=10.000ns})
  Path Group:             sys_clk_pin
  Path Type:              Hold (Min at Fast Process Corner)
  Requirement:            0.000ns  (sys_clk_pin rise@0.000ns - sys_clk_pin rise@0.000ns)
  Data Path Delay:        0.329ns  (logic 0.141ns (42.864%)  route 0.188ns (57.136%))
  Logic Levels:           0  
  Clock Path Skew:        0.015ns (DCD - SCD - CPR)
    Destination Clock Delay (DCD):    1.956ns
    Source Clock Delay      (SCD):    1.442ns
    Clock Pessimism Removal (CPR):    0.499ns

    Location             Delay type                Incr(ns)  Path(ns)    Netlist Resource(s)
  -------------------------------------------------------------------    -------------------
                         (clock sys_clk_pin rise edge)
                                                      0.000     0.000 r  
    W5                                                0.000     0.000 r  clk (IN)
                         net (fo=0)                   0.000     0.000    clk
    W5                   IBUF (Prop_ibuf_I_O)         0.226     0.226 r  clk_IBUF_inst/O
                         net (fo=1, routed)           0.631     0.858    clk_IBUF
    BUFGCTRL_X0Y0        BUFG (Prop_bufg_I_O)         0.026     0.884 r  clk_IBUF_BUFG_inst/O
                         net (fo=245, routed)         0.559     1.442    U_UART_FIFO/U_FIFO_RX/U_FIFO_CU/clk_IBUF_BUFG
    SLICE_X55Y18         FDCE                                         r  U_UART_FIFO/U_FIFO_RX/U_FIFO_CU/wptr_reg_reg[4]/C
  -------------------------------------------------------------------    -------------------
    SLICE_X55Y18         FDCE (Prop_fdce_C_Q)         0.141     1.583 r  U_UART_FIFO/U_FIFO_RX/U_FIFO_CU/wptr_reg_reg[4]/Q
                         net (fo=20, routed)          0.188     1.771    U_UART_FIFO/U_FIFO_RX/U_REG_FILE/mem_reg_0_63_3_5/ADDRD4
    SLICE_X54Y17         RAMD64E                                      r  U_UART_FIFO/U_FIFO_RX/U_REG_FILE/mem_reg_0_63_3_5/RAMA/WADR4
  -------------------------------------------------------------------    -------------------

                         (clock sys_clk_pin rise edge)
                                                      0.000     0.000 r  
    W5                                                0.000     0.000 r  clk (IN)
                         net (fo=0)                   0.000     0.000    clk
    W5                   IBUF (Prop_ibuf_I_O)         0.414     0.414 r  clk_IBUF_inst/O
                         net (fo=1, routed)           0.685     1.099    clk_IBUF
    BUFGCTRL_X0Y0        BUFG (Prop_bufg_I_O)         0.029     1.128 r  clk_IBUF_BUFG_inst/O
                         net (fo=245, routed)         0.829     1.956    U_UART_FIFO/U_FIFO_RX/U_REG_FILE/mem_reg_0_63_3_5/WCLK
    SLICE_X54Y17         RAMD64E                                      r  U_UART_FIFO/U_FIFO_RX/U_REG_FILE/mem_reg_0_63_3_5/RAMA/CLK
                         clock pessimism             -0.499     1.457    
    SLICE_X54Y17         RAMD64E (Hold_ramd64e_CLK_WADR4)
                                                      0.200     1.657    U_UART_FIFO/U_FIFO_RX/U_REG_FILE/mem_reg_0_63_3_5/RAMA
  -------------------------------------------------------------------
                         required time                         -1.657    
                         arrival time                           1.771    
  -------------------------------------------------------------------
                         slack                                  0.114    

Slack (MET) :             0.114ns  (arrival time - required time)
  Source:                 U_UART_FIFO/U_FIFO_RX/U_FIFO_CU/wptr_reg_reg[4]/C
                            (rising edge-triggered cell FDCE clocked by sys_clk_pin  {rise@0.000ns fall@5.000ns period=10.000ns})
  Destination:            U_UART_FIFO/U_FIFO_RX/U_REG_FILE/mem_reg_0_63_3_5/RAMB/WADR4
                            (rising edge-triggered cell RAMD64E clocked by sys_clk_pin  {rise@0.000ns fall@5.000ns period=10.000ns})
  Path Group:             sys_clk_pin
  Path Type:              Hold (Min at Fast Process Corner)
  Requirement:            0.000ns  (sys_clk_pin rise@0.000ns - sys_clk_pin rise@0.000ns)
  Data Path Delay:        0.329ns  (logic 0.141ns (42.864%)  route 0.188ns (57.136%))
  Logic Levels:           0  
  Clock Path Skew:        0.015ns (DCD - SCD - CPR)
    Destination Clock Delay (DCD):    1.956ns
    Source Clock Delay      (SCD):    1.442ns
    Clock Pessimism Removal (CPR):    0.499ns

    Location             Delay type                Incr(ns)  Path(ns)    Netlist Resource(s)
  -------------------------------------------------------------------    -------------------
                         (clock sys_clk_pin rise edge)
                                                      0.000     0.000 r  
    W5                                                0.000     0.000 r  clk (IN)
                         net (fo=0)                   0.000     0.000    clk
    W5                   IBUF (Prop_ibuf_I_O)         0.226     0.226 r  clk_IBUF_inst/O
                         net (fo=1, routed)           0.631     0.858    clk_IBUF
    BUFGCTRL_X0Y0        BUFG (Prop_bufg_I_O)         0.026     0.884 r  clk_IBUF_BUFG_inst/O
                         net (fo=245, routed)         0.559     1.442    U_UART_FIFO/U_FIFO_RX/U_FIFO_CU/clk_IBUF_BUFG
    SLICE_X55Y18         FDCE                                         r  U_UART_FIFO/U_FIFO_RX/U_FIFO_CU/wptr_reg_reg[4]/C
  -------------------------------------------------------------------    -------------------
    SLICE_X55Y18         FDCE (Prop_fdce_C_Q)         0.141     1.583 r  U_UART_FIFO/U_FIFO_RX/U_FIFO_CU/wptr_reg_reg[4]/Q
                         net (fo=20, routed)          0.188     1.771    U_UART_FIFO/U_FIFO_RX/U_REG_FILE/mem_reg_0_63_3_5/ADDRD4
    SLICE_X54Y17         RAMD64E                                      r  U_UART_FIFO/U_FIFO_RX/U_REG_FILE/mem_reg_0_63_3_5/RAMB/WADR4
  -------------------------------------------------------------------    -------------------

                         (clock sys_clk_pin rise edge)
                                                      0.000     0.000 r  
    W5                                                0.000     0.000 r  clk (IN)
                         net (fo=0)                   0.000     0.000    clk
    W5                   IBUF (Prop_ibuf_I_O)         0.414     0.414 r  clk_IBUF_inst/O
                         net (fo=1, routed)           0.685     1.099    clk_IBUF
    BUFGCTRL_X0Y0        BUFG (Prop_bufg_I_O)         0.029     1.128 r  clk_IBUF_BUFG_inst/O
                         net (fo=245, routed)         0.829     1.956    U_UART_FIFO/U_FIFO_RX/U_REG_FILE/mem_reg_0_63_3_5/WCLK
    SLICE_X54Y17         RAMD64E                                      r  U_UART_FIFO/U_FIFO_RX/U_REG_FILE/mem_reg_0_63_3_5/RAMB/CLK
                         clock pessimism             -0.499     1.457    
    SLICE_X54Y17         RAMD64E (Hold_ramd64e_CLK_WADR4)
                                                      0.200     1.657    U_UART_FIFO/U_FIFO_RX/U_REG_FILE/mem_reg_0_63_3_5/RAMB
  -------------------------------------------------------------------
                         required time                         -1.657    
                         arrival time                           1.771    
  -------------------------------------------------------------------
                         slack                                  0.114    





Pulse Width Checks
--------------------------------------------------------------------------------------
Clock Name:         sys_clk_pin
Waveform(ns):       { 0.000 5.000 }
Period(ns):         10.000
Sources:            { clk }

Check Type        Corner  Lib Pin      Reference Pin  Required(ns)  Actual(ns)  Slack(ns)  Location       Pin
Min Period        n/a     BUFG/I       n/a            2.155         10.000      7.845      BUFGCTRL_X0Y0  clk_IBUF_BUFG_inst/I
Min Period        n/a     FDCE/C       n/a            1.000         10.000      9.000      SLICE_X57Y12   U_Stopwatch_watch/U_CLK_DIV/o_sec_tick_reg/C
Min Period        n/a     FDCE/C       n/a            1.000         10.000      9.000      SLICE_X56Y8    U_Stopwatch_watch/U_CLK_DIV/sec_count_reg[12]/C
Min Period        n/a     FDCE/C       n/a            1.000         10.000      9.000      SLICE_X56Y9    U_Stopwatch_watch/U_CLK_DIV/sec_count_reg[13]/C
Min Period        n/a     FDCE/C       n/a            1.000         10.000      9.000      SLICE_X54Y9    U_Stopwatch_watch/U_CLK_DIV/sec_count_reg[14]/C
Min Period        n/a     FDCE/C       n/a            1.000         10.000      9.000      SLICE_X54Y9    U_Stopwatch_watch/U_CLK_DIV/sec_count_reg[15]/C
Min Period        n/a     FDCE/C       n/a            1.000         10.000      9.000      SLICE_X54Y9    U_Stopwatch_watch/U_CLK_DIV/sec_count_reg[16]/C
Min Period        n/a     FDCE/C       n/a            1.000         10.000      9.000      SLICE_X54Y10   U_Stopwatch_watch/U_CLK_DIV/sec_count_reg[17]/C
Min Period        n/a     FDCE/C       n/a            1.000         10.000      9.000      SLICE_X54Y10   U_Stopwatch_watch/U_CLK_DIV/sec_count_reg[18]/C
Min Period        n/a     FDCE/C       n/a            1.000         10.000      9.000      SLICE_X56Y10   U_Stopwatch_watch/U_CLK_DIV/sec_count_reg[19]/C
Low Pulse Width   Slow    RAMD64E/CLK  n/a            1.250         5.000       3.750      SLICE_X54Y13   U_UART_FIFO/U_FIFO_TX/U_REG_FILE/mem_reg_0_63_3_5/RAMA/CLK
Low Pulse Width   Slow    RAMD64E/CLK  n/a            1.250         5.000       3.750      SLICE_X54Y13   U_UART_FIFO/U_FIFO_TX/U_REG_FILE/mem_reg_0_63_3_5/RAMB/CLK
Low Pulse Width   Slow    RAMD64E/CLK  n/a            1.250         5.000       3.750      SLICE_X54Y13   U_UART_FIFO/U_FIFO_TX/U_REG_FILE/mem_reg_0_63_3_5/RAMC/CLK
Low Pulse Width   Slow    RAMD64E/CLK  n/a            1.250         5.000       3.750      SLICE_X54Y13   U_UART_FIFO/U_FIFO_TX/U_REG_FILE/mem_reg_0_63_3_5/RAMD/CLK
Low Pulse Width   Slow    RAMD64E/CLK  n/a            1.250         5.000       3.750      SLICE_X56Y13   U_UART_FIFO/U_FIFO_TX/U_REG_FILE/mem_reg_0_63_0_2/RAMA/CLK
Low Pulse Width   Slow    RAMD64E/CLK  n/a            1.250         5.000       3.750      SLICE_X56Y14   U_UART_FIFO/U_FIFO_TX/U_REG_FILE/mem_reg_0_63_6_6/DP/CLK
Low Pulse Width   Slow    RAMD64E/CLK  n/a            1.250         5.000       3.750      SLICE_X56Y14   U_UART_FIFO/U_FIFO_TX/U_REG_FILE/mem_reg_0_63_6_6/SP/CLK
Low Pulse Width   Slow    RAMD64E/CLK  n/a            1.250         5.000       3.750      SLICE_X56Y14   U_UART_FIFO/U_FIFO_TX/U_REG_FILE/mem_reg_0_63_7_7/DP/CLK
Low Pulse Width   Slow    RAMD64E/CLK  n/a            1.250         5.000       3.750      SLICE_X56Y14   U_UART_FIFO/U_FIFO_TX/U_REG_FILE/mem_reg_0_63_7_7/SP/CLK
Low Pulse Width   Slow    RAMD64E/CLK  n/a            1.250         5.000       3.750      SLICE_X56Y13   U_UART_FIFO/U_FIFO_TX/U_REG_FILE/mem_reg_0_63_0_2/RAMB/CLK
High Pulse Width  Fast    RAMD64E/CLK  n/a            1.250         5.000       3.750      SLICE_X54Y17   U_UART_FIFO/U_FIFO_RX/U_REG_FILE/mem_reg_0_63_3_5/RAMB/CLK
High Pulse Width  Fast    RAMD64E/CLK  n/a            1.250         5.000       3.750      SLICE_X54Y17   U_UART_FIFO/U_FIFO_RX/U_REG_FILE/mem_reg_0_63_3_5/RAMC/CLK
High Pulse Width  Fast    RAMD64E/CLK  n/a            1.250         5.000       3.750      SLICE_X54Y17   U_UART_FIFO/U_FIFO_RX/U_REG_FILE/mem_reg_0_63_3_5/RAMD/CLK
High Pulse Width  Fast    RAMD64E/CLK  n/a            1.250         5.000       3.750      SLICE_X56Y17   U_UART_FIFO/U_FIFO_RX/U_REG_FILE/mem_reg_0_63_0_2/RAMA/CLK
High Pulse Width  Fast    RAMD64E/CLK  n/a            1.250         5.000       3.750      SLICE_X56Y17   U_UART_FIFO/U_FIFO_RX/U_REG_FILE/mem_reg_0_63_0_2/RAMB/CLK
High Pulse Width  Fast    RAMD64E/CLK  n/a            1.250         5.000       3.750      SLICE_X56Y17   U_UART_FIFO/U_FIFO_RX/U_REG_FILE/mem_reg_0_63_0_2/RAMC/CLK
High Pulse Width  Fast    RAMD64E/CLK  n/a            1.250         5.000       3.750      SLICE_X56Y17   U_UART_FIFO/U_FIFO_RX/U_REG_FILE/mem_reg_0_63_0_2/RAMD/CLK
High Pulse Width  Fast    RAMD64E/CLK  n/a            1.250         5.000       3.750      SLICE_X54Y17   U_UART_FIFO/U_FIFO_RX/U_REG_FILE/mem_reg_0_63_3_5/RAMA/CLK
High Pulse Width  Slow    RAMD64E/CLK  n/a            1.250         5.000       3.750      SLICE_X54Y17   U_UART_FIFO/U_FIFO_RX/U_REG_FILE/mem_reg_0_63_3_5/RAMB/CLK
High Pulse Width  Slow    RAMD64E/CLK  n/a            1.250         5.000       3.750      SLICE_X54Y17   U_UART_FIFO/U_FIFO_RX/U_REG_FILE/mem_reg_0_63_3_5/RAMC/CLK



